1;M;-;1.0;360.0;80.0;0;0.0;0;0.0;0;0.0;0;0.0
2;A;-;0.8679245283018868;-165.1;87.9;2;-0.0;0;0.0;0;0.0;0;0.0
3;S;-;0.8538461538461538;45.8;86.9;2;-0.1;2;-0.3;3;-0.0;3;-0.0
4;D;-;0.9693251533742331;-118.9;66.3;0;0.0;2;-0.3;0;0.0;-2;-0.0
5;T;-;0.8450704225352113;-128.5;114.7;-2;-0.3;-2;-0.1;1;-0.1;0;0.0
6;N;-;1.0;132.6;107.8;-2;-0.3;-1;-0.1;-3;-0.0;-3;-0.0
7;G;-;0.8571428571428571;170.9;90.7;0;0.0;2;-0.4;0;0.0;-2;-0.0
8;T;-;0.971830985915493;-11.4;91.6;2;-0.0;2;-0.3;0;0.0;0;0.0
9;G;-;0.8809523809523809;-123.8;89.1;-2;-0.4;2;-0.3;2;-0.0;0;0.0
10;T;-;0.9366197183098591;-8.1;106.5;-2;-0.3;-2;-0.0;2;-0.0;0;0.0
11;S;-;0.8692307692307693;-172.9;87.7;-2;-0.3;2;-0.2;2;-0.0;-2;-0.0
12;N;-;1.0;30.7;72.4;0;0.0;2;-0.4;0;0.0;-2;-0.0
13;G;-;0.6785714285714286;-119.0;81.4;-2;-0.2;2;-0.1;2;-0.0;3;-0.0
14;T;-;0.9154929577464789;16.1;85.4;-2;-0.4;2;-0.7;1;-0.1;0;0.0
15;Y;-;0.9684684684684685;-48.2;77.4;-2;-0.1;2;-0.9;2;-0.0;-1;-0.1
16;L;-;0.9146341463414634;-54.8;88.5;-2;-0.7;2;-0.6;2;-0.0;0;0.0
17;T;-;0.795774647887324;-34.7;80.8;-2;-0.9;2;-0.9;0;0.0;-3;-0.0
18;L;-;0.975609756097561;-72.1;82.4;-2;-0.6;2;-0.4;0;0.0;-2;-0.0
19;R;-;0.9112903225806451;-15.0;99.4;-2;-0.9;-3;-0.0;1;-0.2;0;0.0
20;K;-;0.9121951219512195;86.4;102.4;-2;-0.4;-1;-0.2;1;-0.0;2;-0.1
21;K;-;0.9902439024390244;-144.1;82.8;2;-0.1;2;-0.6;0;0.0;-1;-0.0
22;K;-;0.9853658536585366;-0.1;63.3;-2;-0.1;2;-0.5;3;-0.0;0;0.0
23;S;-;0.7923076923076923;-99.4;74.5;-2;-0.6;-2;-0.1;3;-0.0;3;-0.0
24;E;-;0.8814432989690721;14.6;96.2;-2;-0.5;2;-0.7;1;-0.1;-2;-0.0
25;P;-;0.8897058823529411;-60.4;80.9;0;0.0;2;-0.8;0;0.0;-1;-0.1
26;K;-;0.9365853658536586;-20.6;74.8;-2;-0.7;2;-0.4;-3;-0.0;-3;-0.0
27;S;-;0.823076923076923;-0.3;67.9;-2;-0.8;2;-0.7;3;-0.0;-3;-0.0
28;V;-;0.7887323943661971;-83.7;83.7;-2;-0.4;2;-0.2;2;-0.0;-2;-0.0
29;T;-;0.8380281690140845;-12.4;84.5;-2;-0.7;2;-0.9;3;-0.0;0;0.0
30;F;-;0.9086294416243654;-67.5;78.5;-2;-0.2;2;-0.8;2;-0.0;-2;-0.0
31;N;-;0.9872611464968153;-28.7;80.1;-2;-0.9;2;-0.8;2;-0.0;0;0.0
32;L;-;1.0;-34.1;70.9;-2;-0.8;2;-0.7;0;0.0;-3;-0.0
33;A;-;0.8962264150943396;-81.5;79.3;-2;-0.8;2;-0.1;2;-0.1;-2;-0.0
34;D;-;0.8895705521472392;35.8;70.8;-2;-0.7;2;-0.1;2;-0.1;-3;-0.0
35;D;-;0.803680981595092;-137.5;80.3;2;-0.1;2;-1.0;-2;-0.1;-2;-0.1
36;G;-;0.9761904761904762;46.7;51.9;-2;-0.1;2;-0.9;3;-0.0;-2;-0.1
37;A;-;0.7735849056603774;-99.7;70.5;-2;-1.0;2;-0.3;3;-0.0;-2;-0.1
38;R;-;0.9556451612903226;2.8;70.8;-2;-0.9;2;-1.1;2;-0.0;0;0.0
39;V;-;0.823943661971831;-45.1;68.5;-2;-0.3;2;-1.1;2;-0.0;-3;-0.0
40;V;-;0.823943661971831;-52.1;77.5;-2;-1.1;2;-1.1;2;-0.0;-2;-0.0
41;T;-;0.7816901408450704;-55.5;64.3;-2;-1.1;2;-1.1;3;-0.0;-2;-0.0
42;A;-;0.6698113207547169;-46.7;78.7;-2;-1.1;3;-0.5;3;-0.0;2;-0.3
43;R;T;1.0;-2.2;70.8;-2;-1.1;-3;-0.0;1;-0.2;0;0.0
44;G;T;0.8214285714285714;130.2;44.5;-2;-0.3;2;-1.0;1;-0.2;-1;-0.2
45;T;-;0.5140845070422535;-93.5;73.0;-3;-0.5;-1;-0.2;3;-0.0;5;-0.1
46;S;-;0.6461538461538462;3.5;76.6;-2;-1.0;3;-2.1;1;-0.1;4;-0.9
47;S;H;0.7846153846153846;20.9;-28.1;1;-0.2;4;-1.6;2;-0.2;-1;-0.1
48;A;H;0.5849056603773585;-81.2;-32.0;1;-0.2;4;-2.1;2;-0.2;-1;-0.2
49;A;H;0.37735849056603776;-71.6;-36.5;-3;-2.1;4;-2.1;1;-0.2;-1;-0.2
50;L;H;0.6158536585365854;-67.4;-38.1;-4;-0.9;4;-2.4;2;-0.2;-1;-0.2
51;A;H;0.41509433962264153;-65.7;-39.4;-4;-1.6;4;-2.4;2;-0.2;-2;-0.2
52;S;H;0.5923076923076923;-68.3;-37.6;-4;-2.1;4;-2.2;2;-0.2;-2;-0.2
53;S;H;0.5923076923076923;-67.2;-39.6;-4;-2.1;4;-2.1;2;-0.2;-2;-0.2
54;L;H;0.6463414634146342;-67.7;-42.4;-4;-2.4;4;-2.7;2;-0.2;-2;-0.2
55;L;H;0.5792682926829268;-62.9;-34.9;-4;-2.4;4;-2.9;2;-0.2;-2;-0.2
56;S;H;0.6153846153846154;-66.3;-35.4;-4;-2.2;4;-2.1;2;-0.2;-2;-0.2
57;S;H;0.33076923076923076;-72.9;-39.4;-4;-2.1;4;-2.2;2;-0.2;-2;-0.2
58;E;H;0.5567010309278351;-67.9;-40.7;-4;-2.7;4;-2.6;2;-0.2;-2;-0.2
59;N;H;0.5796178343949044;-62.7;-38.9;-4;-2.9;4;-2.5;2;-0.2;-1;-0.2
60;A;H;0.49056603773584906;-63.2;-41.0;-4;-2.1;4;-2.3;2;-0.2;-2;-0.2
61;R;H;0.6854838709677419;-65.6;-44.0;-4;-2.2;4;-2.6;2;-0.2;-2;-0.2
62;L;H;0.5548780487804879;-62.7;-39.2;-4;-2.6;4;-2.7;1;-0.2;-2;-0.2
63;Q;H;0.696969696969697;-64.4;-43.0;-4;-2.5;4;-2.5;1;-0.2;-2;-0.2
64;L;H;0.5426829268292683;-63.5;-42.6;-4;-2.3;4;-2.7;2;-0.2;-1;-0.2
65;Q;H;0.5858585858585859;-60.9;-43.3;-4;-2.6;4;-2.3;2;-0.2;-2;-0.2
66;I;H;0.46153846153846156;-63.3;-41.9;-4;-2.7;4;-2.4;2;-0.2;-1;-0.2
67;Q;H;0.5202020202020202;-62.4;-42.7;-4;-2.5;4;-2.4;1;-0.2;-2;-0.2
68;Q;H;0.48484848484848486;-64.9;-40.1;-4;-2.7;4;-2.4;2;-0.2;-1;-0.2
69;R;H;0.6693548387096774;-63.9;-40.3;-4;-2.3;4;-2.6;2;-0.2;-1;-0.2
70;Q;H;0.5959595959595959;-63.4;-42.2;-4;-2.4;4;-2.5;1;-0.2;-2;-0.2
71;I;H;0.46153846153846156;-64.7;-41.9;-4;-2.4;4;-2.4;2;-0.2;-1;-0.2
72;Q;H;0.6414141414141414;-64.1;-39.9;-4;-2.4;4;-2.1;1;-0.2;-2;-0.2
73;Q;H;0.5909090909090909;-65.1;-40.8;-4;-2.6;4;-2.2;1;-0.2;-1;-0.2
74;Q;H;0.6111111111111112;-61.8;-43.2;-4;-2.5;4;-2.1;1;-0.2;-2;-0.2
75;L;H;0.6036585365853658;-64.2;-41.7;-4;-2.4;4;-2.1;2;-0.2;-1;-0.2
76;Q;H;0.601010101010101;-59.8;-41.8;-4;-2.1;4;-2.1;2;-0.2;-1;-0.2
77;Q;H;0.6919191919191919;-64.8;-43.0;-4;-2.2;4;-2.7;1;-0.2;-2;-0.2
78;L;H;0.49390243902439024;-60.5;-42.4;-4;-2.1;4;-2.4;2;-0.2;-1;-0.2
79;E;H;0.6701030927835051;-59.9;-41.6;-4;-2.1;4;-1.9;2;-0.2;-2;-0.2
80;L;H;0.6097560975609756;-66.3;-41.5;-4;-2.1;4;-2.2;2;-0.2;-2;-0.2
81;R;H;0.6693548387096774;-60.8;-43.6;-4;-2.7;4;-2.2;2;-0.2;-2;-0.2
82;E;H;0.634020618556701;-60.4;-39.7;-4;-2.4;4;-2.0;1;-0.2;-2;-0.2
83;F;H;0.5583756345177665;-65.9;-42.0;-4;-1.9;4;-2.1;2;-0.2;-1;-0.2
84;Q;H;0.6565656565656566;-63.6;-41.0;-4;-2.2;4;-2.4;1;-0.2;-2;-0.2
85;D;H;0.5030674846625767;-62.2;-41.0;-4;-2.2;4;-1.5;2;-0.2;-1;-0.2
86;L;H;0.6951219512195121;-65.1;-37.3;-4;-2.0;4;-0.5;1;-0.2;-2;-0.2
87;K;H;0.6341463414634146;-69.6;-38.5;-4;-2.1;3;-0.6;1;-0.2;-2;-0.2
88;A;H;0.7735849056603774;-66.5;-29.6;-4;-2.4;-1;-0.2;1;-0.2;-2;-0.2
89;Q;T;0.7121212121212122;-78.7;-11.8;-4;-1.5;-1;-0.2;-5;-0.1;-2;-0.2
90;T;S;0.6549295774647887;-77.3;76.6;-3;-0.6;2;-0.5;-4;-0.5;-3;-0.0
91;P;-;0.6911764705882353;-36.0;82.3;0;0.0;2;-1.6;0;0.0;-2;-0.1
92;L;-;0.9024390243902439;-8.8;52.3;-2;-0.5;2;-1.0;-4;-0.2;-4;-0.0
93;Q;-;0.8686868686868687;-68.3;54.0;-2;-1.6;-3;-0.0;2;-0.0;0;0.0
94;Q;-;0.6767676767676768;-25.9;87.8;-2;-1.0;2;-0.4;3;-0.0;-2;-0.0
95;P;-;0.8529411764705882;-28.2;72.1;0;0.0;-2;-0.0;0;0.0;-3;-0.0
96;Q;-;0.7323232323232324;-30.8;90.3;-2;-0.4;2;-0.9;3;-0.0;-3;-0.0
97;P;-;0.8455882352941176;-33.2;66.8;0;0.0;2;-1.1;0;0.0;-3;-0.0
98;Q;-;0.8232323232323232;-50.0;66.4;-2;-0.9;2;-0.3;3;-0.0;3;-0.0
99;Q;-;0.9545454545454546;8.0;62.5;-2;-1.1;2;-0.5;1;-0.0;-3;-0.0
100;H;-;1.0;3.3;74.4;-2;-0.3;2;-0.6;2;-0.0;-1;-0.0
101;Q;-;0.9141414141414141;-84.7;65.9;-2;-0.5;2;-0.1;-3;-0.0;-3;-0.0
102;C;-;0.7777777777777778;4.1;94.0;-2;-0.6;-2;-0.0;1;-0.1;0;0.0
103;Q;-;0.9797979797979798;-97.9;50.5;-2;-0.1;2;-0.5;2;-0.0;-1;-0.1
104;C;-;0.6074074074074074;-103.8;105.7;1;-0.1;-2;-0.1;2;-0.1;0;0.0
105;Q;-;1.0;-49.3;45.9;-2;-0.5;2;-0.6;2;-0.1;-1;-0.1
106;C;-;0.7333333333333333;-112.8;93.9;2;-0.1;2;-0.9;0;0.0;-2;-0.1
107;H;-;0.9510869565217391;-16.9;61.6;-2;-0.6;2;-0.1;2;-0.0;-2;-0.1
108;H;-;0.9619565217391305;-129.8;82.5;-2;-0.9;2;-0.2;0;0.0;-2;-0.1
109;H;-;0.9239130434782609;10.7;95.5;-2;-0.1;-2;-0.0;0;0.0;0;0.0
110;K;-;0.8634146341463415;176.9;104.6;-2;-0.2;0;0.0;1;-0.0;0;0.0
111;H;-;0.8913043478260869;153.0;102.1;0;0.0;-1;-0.0;0;0.0;0;0.0
112;D;-;0.9877300613496932;32.0;92.6;0;0.0;2;-0.0;0;0.0;0;0.0
113;N;-;0.9490445859872612;-157.6;85.2;2;-0.0;0;0.0;0;0.0;0;0.0
114;R;-;1.0;54.5;92.0;-2;-0.0;0;0.0;0;0.0;0;0.0
115;G;-;0.8809523809523809;-175.6;86.6;0;0.0;2;-0.0;0;0.0;-2;-0.0
116;H;-;1.0;35.1;105.0;0;0.0;0;0.0;0;0.0;0;0.0
117;G;-;0.8452380952380952;-178.6;96.2;-2;-0.0;0;0.0;0;0.0;0;0.0
118;H;-;0.9402173913043478;46.2;119.4;2;-0.0;0;0.0;0;0.0;0;0.0
119;S;-;0.7846153846153846;95.4;126.3;0;0.0;0;0.0;0;0.0;0;0.0
120;H;-;1.0;94.0;109.0;0;0.0;2;-0.0;0;0.0;-2;-0.0
121;G;-;0.9166666666666666;-179.9;98.6;0;0.0;2;-0.3;0;0.0;0;0.0
122;H;-;1.0;-7.8;110.4;-2;-0.0;2;-0.1;0;0.0;0;0.0
123;G;-;0.8809523809523809;-168.6;106.2;-2;-0.3;2;-0.0;0;0.0;0;0.0
124;H;-;0.9293478260869565;48.9;125.4;-2;-0.1;0;0.0;1;-0.1;0;0.0
125;R;-;0.9596774193548387;62.8;110.2;-2;-0.0;-1;-0.1;0;0.0;2;-0.1
126;G;-;0.9761904761904762;-172.6;106.3;0;0.0;0;0.0;0;0.0;0;0.0
127;G;-;0.8690476190476191;79.6;116.6;-2;-0.1;0;0.0;2;-0.0;0;0.0
128;K;-;0.9951219512195122;122.8;114.9;0;0.0;0;0.0;0;0.0;0;0.0
129;R;-;1.0;62.3;90.6;0;0.0;2;-0.2;0;0.0;-2;-0.0
130;G;-;0.8928571428571429;-135.5;84.2;2;-0.0;2;-0.6;0;0.0;0;0.0
131;Q;-;0.9848484848484849;-15.9;82.1;-2;-0.2;2;-0.2;2;-0.0;0;0.0
132;L;-;1.0;-129.9;83.5;-2;-0.6;2;-0.5;2;-0.1;-2;-0.0
133;K;-;0.9853658536585366;-4.1;80.3;-2;-0.2;2;-0.2;0;0.0;-2;-0.0
134;R;-;0.9637096774193549;-125.3;90.5;-2;-0.5;-2;-0.1;0;0.0;0;0.0
135;Q;-;0.9191919191919192;26.5;95.9;-2;-0.2;0;0.0;1;-0.2;0;0.0
136;N;-;1.0;51.5;94.0;0;0.0;-1;-0.2;0;0.0;2;-0.0
137;A;-;0.9150943396226415;-140.1;71.7;0;0.0;3;-0.1;0;0.0;0;0.0
138;S;-;0.8307692307692308;31.9;85.4;1;-0.2;0;0.0;3;-0.0;0;0.0
139;N;-;0.8471337579617835;69.4;72.0;1;-0.0;-1;-0.2;0;0.0;2;-0.0
140;N;-;0.8980891719745223;-108.2;54.8;-3;-0.1;2;-0.8;3;-0.0;3;-0.1
141;L;-;0.823170731707317;-33.0;79.4;1;-0.1;-3;-0.0;-2;-0.0;0;0.0
142;L;-;0.8963414634146342;150.4;60.5;-2;-0.8;2;-0.2;1;-0.2;-1;-0.1
143;A;-;0.7924528301886793;-113.0;59.6;-3;-0.1;-1;-0.2;2;-0.0;-3;-0.0
144;Q;-;0.8383838383838383;6.5;108.4;-2;-0.2;2;-0.6;1;-0.1;3;-0.0
145;P;-;0.8235294117647058;-58.1;79.3;0;0.0;2;-0.5;0;0.0;-1;-0.1
146;F;-;0.9086294416243654;-17.2;84.7;-2;-0.6;-3;-0.0;-3;-0.0;0;0.0
147;R;-;0.8548387096774194;-60.8;84.9;-2;-0.5;3;-0.1;3;-0.0;-3;-0.0
148;P;-;0.6544117647058824;-53.2;130.2;0;0.0;3;-0.1;0;0.0;-2;-0.0
149;P;-;0.7573529411764706;-43.8;110.8;0;0.0;2;-0.3;0;0.0;-3;-0.0
150;K;-;0.9024390243902439;-22.5;67.3;-3;-0.1;-3;-0.0;3;-0.0;3;-0.0
151;E;-;0.8556701030927835;-52.4;112.8;-2;-0.3;3;-0.1;-3;-0.1;-1;-0.0
152;P;-;0.7647058823529411;-39.3;106.2;0;0.0;2;-0.0;0;0.0;0;0.0
153;S;S;0.9692307692307692;2.5;64.2;2;-0.0;2;-0.1;-3;-0.0;-3;-0.0
154;T;-;0.7253521126760564;-127.7;77.6;-3;-0.1;2;-0.5;2;-0.1;-3;-0.0
155;E;-;0.9639175257731959;7.1;55.4;-2;-0.1;2;-1.2;3;-0.0;-2;-0.0
156;V;-;0.7464788732394366;-56.0;69.7;-2;-0.5;2;-1.1;2;-0.0;-2;-0.1
157;V;-;0.7746478873239436;-25.1;68.0;-2;-1.2;2;-1.6;2;-0.0;-2;-0.0
158;V;-;0.7746478873239436;-47.2;66.9;-2;-1.1;2;-1.4;2;-0.0;-2;-0.0
159;S;-;0.6846153846153846;-38.1;61.2;-2;-1.6;-2;-0.0;3;-0.0;0;0.0
160;Q;-;0.7373737373737373;-25.0;88.1;-2;-1.4;2;-0.7;3;-0.0;-2;-0.0
161;P;-;0.7647058823529411;-38.3;73.2;0;0.0;2;-1.9;0;0.0;-3;-0.0
162;Q;-;0.8434343434343434;-21.0;55.9;-2;-0.7;2;-1.5;3;-0.0;-3;-0.0
163;M;-;0.851063829787234;-48.1;73.3;-2;-1.9;-3;-0.0;3;-0.0;0;0.0
164;K;-;0.9073170731707317;-18.5;94.8;-2;-1.5;-2;-0.0;1;-0.1;0;0.0
165;P;-;0.75;-31.5;117.6;0;0.0;3;-0.1;0;0.0;-1;-0.1
166;P;-;0.7279411764705882;-31.4;120.3;0;0.0;-3;-0.0;0;0.0;0;0.0
167;P;-;0.8455882352941176;-36.3;98.5;0;0.0;3;-0.0;0;0.0;-3;-0.0
168;L;-;0.9207317073170732;-26.4;102.9;-3;-0.1;2;-0.3;1;-0.0;0;0.0
169;P;-;0.6985294117647058;-40.2;91.0;0;0.0;2;-2.2;0;0.0;-1;-0.0
170;L;-;1.0;-38.4;38.4;-2;-0.3;2;-0.5;-3;-0.0;3;-0.1
171;Q;-;0.8434343434343434;-101.6;78.1;-2;-2.2;3;-0.0;1;-0.1;0;0.0
172;S;-;0.7461538461538462;110.8;63.4;-2;-0.5;-1;-0.1;1;-0.1;3;-0.1
173;L;-;0.8780487804878049;35.2;50.6;-3;-0.1;2;-1.1;1;-0.1;-1;-0.1
174;R;-;0.8669354838709677;-25.5;67.4;3;-0.0;3;-0.2;-3;-0.0;-1;-0.1
175;E;-;0.7731958762886598;-4.7;103.6;-2;-1.1;3;-0.1;1;-0.1;0;0.0
176;P;-;0.8235294117647058;-24.3;86.2;0;0.0;-1;-0.1;0;0.0;2;-0.1
177;L;-;0.7317073170731707;-3.7;68.0;-3;-0.2;2;-1.2;1;-0.1;-3;-0.0
178;D;-;0.6257668711656442;-7.7;58.6;1;-0.2;3;-2.8;-3;-0.1;4;-0.4
179;V;T;0.8873239436619719;-22.4;3.4;-2;-1.2;-1;-0.2;1;-0.2;3;-0.2
180;D;T;0.7300613496932515;-99.0;-7.7;1;-0.2;-1;-0.2;3;-0.1;4;-0.1
181;A;S;0.7547169811320755;-92.8;-9.4;-3;-2.8;2;-1.6;2;-0.1;-1;-0.2
182;V;S;0.7183098591549296;-87.0;46.9;-4;-0.4;2;-1.6;-3;-0.2;-1;-0.0
183;L;-;0.8109756097560976;-27.8;57.4;-2;-1.6;-3;-0.1;2;-0.0;-2;-0.1
184;I;-;0.7514792899408284;-45.5;84.8;-2;-1.6;-2;-0.1;-4;-0.1;0;0.0
185;P;-;0.7058823529411765;-26.9;83.7;0;0.0;2;-1.3;0;0.0;-2;-0.0
186;R;-;0.9395161290322581;-33.9;62.4;0;0.0;2;-0.3;0;0.0;-3;-0.0
187;M;-;0.8297872340425532;-10.2;83.3;-2;-1.3;2;-0.4;2;-0.0;-3;-0.0
188;S;-;0.6230769230769231;-13.4;81.8;-2;-0.3;3;-0.9;1;-0.1;-1;-0.0
189;V;G;0.7535211267605634;-42.3;13.1;-2;-0.4;3;-1.0;1;-0.2;-1;-0.1
190;D;G;0.7852760736196319;-102.6;21.5;1;-0.3;-1;-0.2;3;-0.0;-3;-0.0
191;D;G;0.8711656441717791;-128.9;29.1;-3;-0.9;2;-1.2;1;-0.0;-1;-0.3
192;L;-;0.7317073170731707;-90.8;41.4;-3;-1.0;2;-0.3;2;-0.1;-1;-0.0
193;D;-;1.0;-91.5;63.3;-2;-1.2;3;-0.1;3;-0.0;-3;-0.0
194;G;-;0.6785714285714286;-176.7;46.1;-2;-0.3;2;-0.9;1;-0.2;-2;-0.1
195;L;-;1.0;-108.6;62.4;2;-0.0;2;-0.8;3;-0.0;-1;-0.2
196;D;-;0.9938650306748467;-58.6;74.4;-2;-0.9;3;-0.1;-3;-0.1;-3;-0.0
197;G;-;0.75;166.9;57.6;-2;-0.8;2;-0.6;1;-0.2;-1;-0.1
198;A;S;0.9150943396226415;-135.3;74.5;-3;-0.1;-1;-0.2;1;-0.1;3;-0.2
199;E;-;0.9020618556701031;71.1;82.4;-2;-0.6;2;-0.1;1;-0.2;-1;-0.1
200;K;-;0.9658536585365853;12.9;65.4;-3;-0.0;2;-0.9;3;-0.0;-1;-0.2
201;V;-;0.9084507042253521;-71.7;78.3;-3;-0.2;2;-0.2;-2;-0.1;-3;-0.0
202;K;-;0.8536585365853658;-5.1;79.1;-2;-0.9;2;-1.0;2;-0.0;-3;-0.0
203;T;-;1.0;-35.7;65.1;-2;-0.2;2;-0.5;3;-0.0;3;-0.1
204;T;-;0.8661971830985915;-92.1;91.0;-2;-1.0;3;-0.2;1;-0.2;-2;-0.0
205;A;S;0.7169811320754716;86.3;87.9;-2;-0.5;-1;-0.2;1;-0.2;2;-0.1
206;S;-;0.9923076923076923;64.1;50.8;-3;-0.1;2;-0.7;1;-0.0;-1;-0.2
207;E;-;0.9226804123711341;-109.2;76.6;-3;-0.2;-3;-0.0;1;-0.1;-1;-0.0
208;A;-;0.7735849056603774;72.3;78.6;-2;-0.7;-1;-0.1;1;-0.2;3;-0.1
209;I;-;0.9053254437869822;-10.5;88.2;-3;-0.1;-1;-0.2;1;-0.0;3;-0.1
210;P;-;0.8161764705882353;-40.3;98.1;0;0.0;-1;-0.0;0;0.0;-3;-0.0
211;A;-;0.8867924528301887;-1.6;83.2;1;-0.1;3;-0.1;-3;-0.1;0;0.0
212;L;-;0.8841463414634146;-4.7;114.1;-3;-0.1;-1;-0.1;1;-0.1;3;-0.1
213;P;-;0.8014705882352942;-38.0;99.2;0;0.0;2;-0.6;0;0.0;-1;-0.1
214;R;-;0.9596774193548387;-31.7;72.6;-3;-0.1;2;-0.7;3;-0.0;-3;-0.0
215;L;-;0.8170731707317073;-39.0;92.5;-2;-0.6;3;-0.1;-3;-0.1;-3;-0.0
216;N;-;0.6242038216560509;-42.8;118.1;-2;-0.7;3;-0.1;1;-0.1;0;0.0
217;P;-;0.7573529411764706;-44.0;123.9;0;0.0;2;-0.5;0;0.0;-1;-0.1
218;I;-;0.23076923076923078;-45.8;104.3;-3;-0.1;2;-0.4;36;-0.1;3;-0.1
219;S;-;0.36923076923076925;-84.4;127.0;-2;-0.5;4;-1.5;1;-0.1;3;-0.1
220;E;H;0.5360824742268041;-57.0;-28.4;-2;-0.4;4;-2.1;1;-0.2;5;-0.2
221;E;H;0.6237113402061856;-63.7;-43.3;1;-0.2;4;-1.8;2;-0.2;-1;-0.2
222;M;H;0.14361702127659576;-64.5;-35.3;1;-0.2;4;-2.3;2;-0.2;-1;-0.2
223;N;H;0.044585987261146494;-63.8;-44.2;-4;-1.5;4;-2.3;1;-0.2;-2;-0.2
224;L;H;0.5792682926829268;-65.5;-38.7;-4;-2.1;4;-2.7;1;-0.2;-1;-0.2
225;K;H;0.4878048780487805;-64.5;-40.8;-4;-1.8;4;-2.4;2;-0.2;-1;-0.2
226;I;H;0.0;-64.4;-43.7;-4;-2.3;4;-2.7;2;-0.2;5;-0.2
227;L;H;0.17073170731707318;-62.6;-42.8;-4;-2.3;4;-1.8;1;-0.2;-2;-0.2
228;A;H;0.5943396226415094;-61.4;-42.2;-4;-2.7;4;-1.1;2;-0.2;-1;-0.2
229;Y;H;0.19369369369369369;-64.6;-44.2;-4;-2.4;4;-1.9;1;-0.2;3;-0.6
230;L;H;0.006097560975609756;-69.2;-28.1;-4;-2.7;4;-1.0;1;-0.2;5;-0.3
231;G;H;0.5595238095238095;-67.0;-26.1;-4;-1.8;-1;-0.2;-5;-0.2;-2;-0.2
232;T;H;0.7394366197183099;-87.3;-40.3;-4;-1.1;-2;-0.2;-3;-0.6;-1;-0.2
233;K;H;0.6682926829268293;-108.7;39.9;-4;-1.9;-3;-0.2;1;-0.0;-2;-0.2
234;Q;S;0.9343434343434344;14.0;20.9;-4;-1.0;-3;-0.1;-5;-0.2;-4;-0.1
235;G;S;0.27380952380952384;142.8;128.7;-5;-0.3;2;-0.3;-6;-0.2;40;-0.2
236;A;E;0.05660377358490566;-148.0;148.6;38;-2.1;38;-2.8;-2;-0.1;2;-0.2
237;K;E;0.47317073170731705;-69.6;150.5;-2;-0.3;4;-2.1;36;-0.2;3;-0.3
238;A;H;0.0660377358490566;-56.6;-29.6;34;-0.6;4;-2.6;1;-0.2;5;-0.2
239;V;H;0.45774647887323944;-69.8;-40.9;1;-0.2;4;-2.2;2;-0.2;-1;-0.2
240;H;H;0.5;-70.0;-37.2;-3;-0.3;4;-2.1;2;-0.2;-1;-0.2
241;I;H;0.0;-65.9;-41.8;-4;-2.1;4;-2.2;1;-0.2;6;-0.2
242;A;H;0.05660377358490566;-65.2;-40.9;-4;-2.6;5;-1.8;1;-0.2;4;-1.3
243;Q;H;0.7828282828282829;-66.6;-38.6;-4;-2.2;-1;-0.2;1;-0.2;-2;-0.2
244;S;H;0.5538461538461539;-71.9;-34.5;-4;-2.1;-2;-0.2;1;-0.2;-1;-0.2
245;L;H;0.31097560975609756;-94.4;-5.7;-4;-2.2;-1;-0.2;-5;-0.2;-2;-0.2
246;G;T;0.8571428571428571;65.4;23.6;-4;-1.3;2;-0.2;1;-0.3;-3;-0.2
247;A;-;0.18867924528301888;-105.2;158.7;-5;-1.8;-1;-0.3;-6;-0.2;2;-0.2
248;Q;-;0.702020202020202;-68.6;141.1;-2;-0.2;4;-2.2;1;-0.1;3;-0.3
249;R;H;0.6008064516129032;-54.5;-40.8;1;-0.2;4;-2.6;-2;-0.2;5;-0.2
250;S;H;0.6076923076923076;-64.5;-39.4;1;-0.2;4;-1.9;2;-0.2;-1;-0.2
251;E;H;0.2422680412371134;-66.5;-41.1;-3;-0.3;4;-1.8;2;-0.2;-2;-0.2
252;V;H;0.0;-67.3;-42.7;-4;-2.2;4;-2.8;1;-0.2;-2;-0.2
253;N;H;0.21019108280254778;-62.5;-40.9;-4;-2.6;4;-2.4;1;-0.2;5;-0.2
254;R;H;0.38306451612903225;-57.9;-47.4;-4;-1.9;4;-1.8;-5;-0.2;-1;-0.2
255;H;H;0.005434782608695652;-65.9;-39.2;-4;-1.8;4;-2.8;2;-0.2;-2;-0.2
256;L;H;0.0;-65.2;-41.0;-4;-2.8;4;-2.3;1;-0.2;-2;-0.2
257;Y;H;0.5180180180180181;-66.7;-45.1;-4;-2.4;4;-2.1;2;-0.2;-1;-0.2
258;R;H;0.4314516129032258;-60.6;-44.3;-4;-1.8;4;-1.6;-5;-0.2;-2;-0.2
259;M;H;0.005319148936170213;-66.2;-32.7;-4;-2.8;5;-2.7;1;-0.2;6;-1.0
260;S;H;0.35384615384615387;-67.0;-38.1;-4;-2.3;3;-0.7;3;-0.2;-1;-0.2
261;E;H;0.8298969072164949;-65.0;-33.9;-4;-2.1;-2;-0.2;1;-0.3;-1;-0.2
262;D;H;0.6503067484662577;-81.9;-9.7;-4;-1.6;-1;-0.3;-5;-0.1;-2;-0.2
263;G;T;0.5238095238095238;83.1;13.0;-3;-0.7;-3;-0.2;-4;-0.5;-2;-0.1
264;R;S;0.3024193548387097;-81.6;-29.9;-5;-2.7;2;-0.3;1;-0.2;-4;-0.2
265;V;S;0.007042253521126761;-133.7;153.0;-6;-1.0;2;-0.4;-9;-0.2;-2;-0.3
266;R;E;0.592741935483871;-124.9;139.2;9;-3.1;9;-3.1;-2;-0.3;2;-0.4
267;K;E;0.43902439024390244;-97.3;135.4;-2;-0.4;7;-0.2;7;-0.2;-2;-0.0
268;H;-;0.3641304347826087;-65.7;134.1;5;-3.2;5;-0.2;-2;-0.4;-1;-0.0
269;P;S;0.8455882352941176;-63.1;-33.0;0;0.0;-1;-0.1;0;0.0;-2;-0.0
270;Q;S;0.8080808080808081;-109.8;-21.2;1;-0.1;-2;-0.0;3;-0.1;-3;-0.0
271;H;S;0.5706521739130435;-127.7;138.1;2;-0.2;2;-2.9;-34;-0.0;-3;-0.3
272;P;S;0.5220588235294118;-67.8;44.0;0;0.0;-34;-0.6;0;0.0;2;-0.4
273;V;E;0.2887323943661972;-105.5;137.7;-2;-2.9;-5;-3.2;-5;-0.2;2;-0.4
274;W;E;0.02643171806167401;-107.4;134.9;-38;-2.8;-38;-2.1;-2;-0.4;2;-0.3
275;Y;E;0.32432432432432434;-133.7;160.2;-9;-3.1;-9;-3.1;-2;-0.4;-44;-0.1
276;L;-;0.36585365853658536;-80.6;131.4;-46;-0.3;2;-0.2;-2;-0.3;-11;-0.2
277;P;-;0.33088235294117646;-62.5;104.3;0;0.0;-1;-0.1;0;0.0;-11;-0.0
278;A;-;1.0;-37.3;360.0;-2;-0.2;-3;-0.0;-3;-0.0;0;0.0
