1;M;-;0.13829787234042554;360.0;85.1;0;0.0;2;-0.3;0;0.0;37;-0.2
2;P;-;0.0;-77.5;131.0;0;0.0;37;-2.4;0;0.0;2;-0.5
3;M;E;0.21808510638297873;-120.4;116.7;60;-3.2;60;-2.5;-2;-0.3;2;-0.5
4;V;E;0.014084507042253521;-123.6;131.1;35;-2.8;37;-2.7;-2;-0.5;2;-0.5
5;R;E;0.3588709677419355;-112.2;125.7;56;-2.2;56;-2.3;-2;-0.5;2;-0.6
6;V;E;0.007042253521126761;-113.4;113.4;35;-3.4;37;-3.3;-2;-0.5;2;-0.5
7;A;E;0.1509433962264151;-106.1;132.8;52;-2.4;52;-2.7;-2;-0.6;2;-0.3
8;T;E;0.007042253521126761;-141.8;151.0;35;-2.3;38;-2.4;-2;-0.5;37;-0.2
9;N;S;0.19745222929936307;-87.4;4.1;48;-1.3;49;-0.1;-2;-0.3;35;-0.1
10;L;S;0.11585365853658537;-68.7;136.5;47;-0.4;35;-2.6;1;-0.1;36;-0.3
11;P;-;0.375;-59.8;153.3;0;0.0;3;-1.9;0;0.0;4;-0.4
12;D;G;0.6932515337423313;-57.3;-36.5;1;-0.3;3;-1.7;2;-0.2;-2;-0.1
13;K;G;0.8634146341463415;-60.6;-20.2;1;-0.3;-1;-0.3;3;-0.0;4;-0.1
14;D;G;0.50920245398773;-94.6;-7.1;-3;-1.9;-1;-0.3;2;-0.1;-2;-0.2
15;V;S;0.11267605633802817;-90.3;123.1;-3;-1.7;73;-0.1;-4;-0.4;4;-0.1
16;P;-;0.27941176470588236;-56.6;145.1;0;0.0;3;-1.9;0;0.0;4;-0.3
17;A;T;0.9433962264150944;-63.3;-23.9;1;-0.3;3;-0.2;2;-0.1;4;-0.2
18;N;T;0.49044585987261147;-107.7;17.9;1;-0.2;4;-2.4;2;-0.1;-1;-0.3
19;F;H;0.005076142131979695;-52.6;-51.1;-3;-1.9;4;-2.7;1;-0.2;5;-0.2
20;E;H;0.35051546391752575;-60.1;-41.9;-4;-0.3;4;-2.4;-3;-0.2;-1;-0.2
21;E;H;0.5103092783505154;-65.8;-42.2;2;-0.2;4;-2.1;1;-0.2;-1;-0.2
22;R;H;0.4032258064516129;-68.3;-41.0;-4;-2.4;4;-2.2;2;-0.2;-2;-0.2
23;L;H;0.018292682926829267;-65.2;-37.4;-4;-2.7;4;-2.7;-5;-0.2;5;-0.2
24;T;H;0.14788732394366197;-57.3;-47.2;-4;-2.4;4;-2.6;-5;-0.2;-2;-0.2
25;D;H;0.44171779141104295;-61.9;-44.8;-4;-2.1;4;-1.9;1;-0.2;-2;-0.2
26;L;H;0.1951219512195122;-59.7;-47.5;-4;-2.2;4;-2.9;1;-0.2;-1;-0.2
27;L;H;0.0;-71.6;-37.4;-4;-2.7;4;-2.8;1;-0.2;6;-0.4
28;A;H;0.1509433962264151;-55.6;-44.0;-4;-2.6;5;-1.0;-5;-0.2;4;-0.5
29;E;H;0.7680412371134021;-70.3;-49.2;-4;-1.9;3;-0.5;-5;-0.2;-2;-0.2
30;S;H;0.046153846153846156;-70.2;-36.9;-4;-2.9;-2;-0.2;1;-0.2;-3;-0.2
31;M;T;0.0425531914893617;-101.1;-2.1;-4;-2.8;-1;-0.2;-5;-0.2;-2;-0.2
32;N;T;0.9363057324840764;53.0;49.7;-4;-0.5;-3;-0.2;-3;-0.5;-4;-0.2
33;K;-;0.28780487804878047;-122.3;145.4;-5;-1.0;-1;-0.2;-6;-0.4;-2;-0.1
34;P;-;0.5220588235294118;-64.4;143.7;0;0.0;3;-1.9;0;0.0;4;-0.1
35;R;G;0.5887096774193549;-54.1;-41.5;1;-0.3;3;-1.9;2;-0.2;-8;-0.0
36;N;G;0.8598726114649682;-73.6;-1.1;1;-0.3;-1;-0.3;3;-0.0;-12;-0.0
37;R;G;0.4274193548387097;-108.2;4.5;-3;-1.9;2;-0.5;2;-0.0;-1;-0.3
38;I;-;0.11242603550295859;-105.0;128.9;-3;-1.9;2;-0.4;-37;-0.2;-35;-0.2
39;A;E;0.4716981132075472;-114.6;133.4;-37;-2.4;-35;-2.8;-2;-0.5;2;-0.4
40;I;E;0.1834319526627219;-126.2;126.9;-2;-0.4;2;-0.5;-37;-0.2;-35;-0.2
41;E;E;0.4896907216494845;-111.4;127.3;-37;-2.7;-35;-3.4;-2;-0.4;2;-0.6
42;V;E;0.2112676056338028;-115.4;117.3;-2;-0.5;2;-0.8;-37;-0.2;-35;-0.2
43;L;E;0.3902439024390244;-106.7;91.1;-37;-3.3;-35;-2.3;-2;-0.6;3;-0.4
44;A;-;0.1792452830188679;-89.2;154.4;-2;-0.8;-35;-0.2;-37;-0.2;-32;-0.1
45;G;S;0.5595238095238095;78.7;20.7;-35;-2.6;-36;-0.2;-37;-0.2;-1;-0.2
46;Q;-;0.41414141414141414;-77.2;152.0;-38;-2.4;2;-1.2;-3;-0.4;-1;-0.2
47;R;-;0.8709677419354839;-80.9;90.9;-2;-0.1;2;-0.4;2;-0.0;-1;-0.1
48;I;-;0.16568047337278108;-125.2;132.7;-2;-1.2;2;-0.3;6;-0.1;9;-0.1
49;T;-;0.5633802816901409;-118.0;148.0;-2;-0.4;2;-0.4;5;-0.1;5;-0.2
50;H;S;0.3967391304347826;-131.4;115.6;3;-2.0;3;-0.5;-2;-0.3;5;-0.2
51;G;S;0.8690476190476191;69.2;31.3;-2;-0.4;3;-0.1;1;-0.2;-1;-0.1
52;A;S;0.9433962264150944;64.3;20.8;1;-0.2;2;-0.4;2;-0.0;-1;-0.2
53;S;-;0.25384615384615383;-116.1;148.3;-3;-0.5;-3;-2.0;2;-0.1;-1;-0.2
54;R;-;0.6209677419354839;-103.0;16.1;-2;-0.4;3;-0.1;-5;-0.2;-6;-0.1
55;N;S;0.6242038216560509;-58.1;152.9;-5;-0.2;-46;-0.1;1;-0.2;-2;-0.1
56;P;S;0.4338235294117647;-48.5;133.3;0;0.0;2;-0.3;0;0.0;-1;-0.2
57;V;-;0.0;-153.9;153.8;-3;-0.1;-48;-1.3;33;-0.1;2;-0.4
58;A;E;0.0;-129.1;131.1;36;-2.7;38;-2.5;-2;-0.3;2;-0.5
59;V;E;0.3591549295774648;-111.4;121.8;-52;-2.7;-52;-2.4;-2;-0.4;2;-0.4
60;I;E;0.011834319526627219;-123.3;132.3;36;-3.7;38;-2.5;-2;-0.5;2;-0.5
61;K;E;0.43414634146341463;-111.8;125.3;-56;-2.3;-56;-2.2;-2;-0.4;2;-0.6
62;V;E;0.0;-114.9;113.3;36;-3.2;38;-2.9;-2;-0.5;2;-0.4
63;E;E;0.30412371134020616;-108.2;133.6;-60;-2.5;-60;-3.2;-2;-0.6;2;-0.3
64;S;E;0.0;-156.7;149.3;36;-2.4;38;-2.8;-2;-0.4;2;-0.9
65;I;S;0.16568047337278108;-84.8;104.6;-2;-0.3;38;-0.1;36;-0.2;36;-0.1
66;G;S;0.3333333333333333;74.5;-179.3;-2;-0.9;36;-0.2;36;-0.5;3;-0.1
67;A;-;0.3018867924528302;68.6;20.9;1;-0.2;2;-0.4;34;-0.1;-1;-0.1
68;L;-;0.11585365853658537;-124.4;117.3;-4;-0.1;2;-0.3;4;-0.1;-1;-0.2
69;S;S;0.4;-145.5;173.6;-2;-0.4;4;-3.1;-3;-0.1;5;-0.2
70;A;H;0.7264150943396226;-55.6;-46.4;-2;-0.3;4;-1.5;1;-0.2;5;-0.1
71;D;H;0.7300613496932515;-72.6;-43.4;2;-0.2;4;-2.0;1;-0.2;-1;-0.2
72;D;H;0.2392638036809816;-56.0;-44.3;1;-0.2;4;-3.2;2;-0.2;5;-0.2
73;N;H;0.25477707006369427;-69.5;-32.0;-4;-3.1;4;-2.4;1;-0.2;-1;-0.2
74;I;H;0.6627218934911243;-61.5;-47.8;-4;-1.5;4;-2.1;-5;-0.2;-1;-0.2
75;R;H;0.3629032258064516;-63.3;-52.8;-4;-2.0;4;-2.1;2;-0.2;-2;-0.2
76;H;H;0.005434782608695652;-56.1;-43.9;-4;-3.2;4;-3.1;1;-0.2;5;-0.3
77;T;H;0.3591549295774648;-60.0;-43.3;-4;-2.4;4;-2.4;-5;-0.2;5;-0.2
78;Q;H;0.7121212121212122;-61.8;-48.2;-4;-2.1;4;-2.2;1;-0.2;-1;-0.2
79;K;H;0.33170731707317075;-67.7;-46.6;-4;-2.1;4;-2.3;2;-0.2;-2;-0.2
80;I;H;0.023668639053254437;-65.2;-42.0;-4;-3.1;4;-2.4;2;-0.2;-1;-0.2
81;T;H;0.11267605633802817;-60.0;-48.1;-4;-2.4;4;-2.4;-5;-0.3;-2;-0.2
82;Q;H;0.4393939393939394;-58.6;-42.3;-4;-2.2;4;-2.2;-5;-0.2;-1;-0.2
83;F;H;0.07614213197969544;-57.7;-46.0;-4;-2.3;4;-2.5;1;-0.2;5;-0.3
84;C;H;0.007407407407407408;-68.0;-38.2;-4;-2.4;4;-2.7;1;-0.2;6;-1.0
85;Q;H;0.22727272727272727;-57.9;-43.0;-4;-2.4;4;-0.9;4;-0.2;-1;-0.2
86;D;H;0.50920245398773;-75.2;-37.0;-4;-2.2;-2;-0.2;-5;-0.2;-1;-0.2
87;T;H;0.09154929577464789;-99.3;-30.9;-4;-2.5;-3;-0.2;-5;-0.2;-2;-0.2
88;L;H;0.06707317073170732;-113.9;-6.6;-4;-2.7;-3;-0.2;-5;-0.3;-2;-0.2
89;K;-;0.7902439024390244;62.0;39.5;-4;-0.9;-4;-0.2;-5;-0.6;-3;-0.1
90;L;-;0.024390243902439025;-91.4;140.6;-6;-1.0;-1;-0.2;-9;-0.2;-2;-0.1
91;P;-;0.45588235294117646;-65.5;158.1;0;0.0;3;-1.9;0;0.0;-1;-0.1
92;K;G;0.6829268292682927;-59.9;-37.9;1;-0.3;3;-1.3;2;-0.2;-8;-0.0
93;D;G;0.6625766871165644;-79.6;3.1;1;-0.3;-1;-0.3;3;-0.0;-12;-0.0
94;K;G;0.14634146341463414;-111.4;17.3;-3;-1.9;-36;-2.7;-13;-0.1;2;-0.6
95;V;E;0.1056338028169014;-116.0;109.9;-3;-1.3;2;-0.5;-38;-0.2;-36;-0.2
96;I;E;0.33136094674556216;-114.9;129.5;-38;-2.5;-36;-3.7;-2;-0.6;2;-0.4
97;I;E;0.16568047337278108;-130.2;133.3;-2;-0.5;2;-0.4;-38;-0.2;-36;-0.2
98;T;E;0.43661971830985913;-117.3;136.2;-38;-2.5;-36;-3.2;-2;-0.4;2;-0.4
99;Y;E;0.19369369369369369;-111.3;137.1;-2;-0.4;2;-0.5;-38;-0.2;-36;-0.2
100;F;E;0.41624365482233505;-125.3;105.2;-38;-2.9;-36;-2.4;-2;-0.4;2;-1.0
101;D;E;0.6012269938650306;-80.0;105.8;-2;-0.5;-36;-0.2;-38;-0.2;2;-0.2
102;L;-;0.25;-92.2;150.6;-38;-2.8;-36;-0.5;-2;-1.0;5;-0.1
103;Q;-;0.5808080808080808;-83.2;138.1;-2;-0.2;3;-2.4;-38;-0.1;4;-0.2
104;P;G;0.3602941176470588;-59.3;-18.6;0;0.0;11;-1.3;0;0.0;3;-1.0
105;I;G;0.5266272189349113;-77.8;-11.9;1;-0.2;-3;-0.0;9;-0.2;11;-0.0
106;H;G;0.7119565217391305;-107.1;6.5;-3;-2.4;2;-0.5;1;-0.1;-1;-0.2
107;V;-;0.06338028169014084;-121.0;122.0;-3;-1.0;7;-2.6;-4;-0.2;2;-0.4
108;G;E;0.7380952380952381;-94.2;138.6;-2;-0.5;2;-0.3;5;-0.2;5;-0.2
109;F;E;0.48223350253807107;-161.6;135.5;3;-2.5;3;-0.9;-2;-0.4;8;-0.1
110;N;T;0.8789808917197452;62.3;39.3;-2;-0.3;3;-0.1;1;-0.2;-2;-0.0
111;G;T;1.0;79.4;4.5;1;-0.2;-1;-0.2;6;-0.0;2;-0.2
112;T;E;0.4295774647887324;-148.5;-173.6;-3;-0.9;-3;-2.5;-5;-0.0;2;-0.3
113;T;E;0.3380281690140845;-87.1;149.4;-5;-0.2;4;-2.4;-2;-0.2;-5;-0.2
114;V;H;0.1619718309859155;-55.4;-38.3;-7;-2.6;4;-1.4;-10;-0.9;-9;-0.2
115;A;H;0.18867924528301888;-58.5;-45.1;-11;-1.3;4;-0.6;-8;-0.3;3;-0.3
116;A;H;0.330188679245283;-70.9;-31.3;-12;-0.2;3;-0.4;1;-0.2;-2;-0.2
117;A;H;0.5660377358490566;-73.8;-28.2;-4;-2.4;-1;-0.2;1;-0.2;-2;-0.2
118;T;H;0.7676056338028169;-94.6;-10.3;-4;-1.4;-1;-0.2;-3;-0.3;-2;-0.2
119;M;-;1.0;-69.0;360.0;-4;-0.6;-2;-0.2;-3;-0.4;-1;-0.1
