1;M;-;1.0;360.0;101.3;0;0.0;3;-0.0;0;0.0;0;0.0
2;L;-;0.774390243902439;139.7;90.9;1;-0.0;3;-0.0;0;0.0;0;0.0
3;N;-;1.0;-133.0;54.3;0;0.0;2;-0.7;0;0.0;-1;-0.0
4;S;-;0.7076923076923077;-69.2;80.9;3;-0.0;0;0.0;-3;-0.0;0;0.0
5;V;S;0.8028169014084507;-163.3;72.2;-2;-0.7;3;-0.1;3;-0.0;0;0.0
6;I;-;0.7751479289940828;165.8;48.6;1;-0.2;2;-3.1;-3;-0.0;0;0.0
7;A;-;0.8962264150943396;-28.0;36.4;2;-0.0;2;-1.2;3;-0.0;-1;-0.2
8;S;-;0.5384615384615384;-19.1;64.5;-2;-3.1;2;-3.4;-3;-0.1;-3;-0.0
9;D;-;0.9877300613496932;10.8;39.3;-2;-1.2;2;-0.6;2;-0.0;-2;-0.0
10;Y;-;0.7342342342342343;-51.6;99.4;-2;-3.4;2;-0.6;2;-0.0;-3;-0.0
11;F;-;0.34517766497461927;-63.3;122.1;-2;-0.6;2;-1.3;133;-0.1;3;-0.2
12;D;-;0.5153374233128835;-79.5;90.7;-2;-0.6;4;-1.9;1;-0.2;5;-0.2
13;Y;H;0.16216216216216217;-66.9;-34.0;-2;-1.3;4;-2.6;1;-0.2;-1;-0.2
14;Q;H;0.29797979797979796;-63.0;-49.0;2;-0.2;4;-2.4;1;-0.2;-1;-0.2
15;D;H;0.588957055214724;-61.4;-42.4;1;-0.2;4;-2.2;2;-0.2;-2;-0.2
16;A;H;0.0660377358490566;-62.6;-42.6;-4;-1.9;4;-2.5;2;-0.2;-1;-0.2
17;L;H;0.0;-65.0;-39.1;-4;-2.6;4;-2.6;1;-0.2;-2;-0.2
18;D;H;0.3067484662576687;-61.8;-42.5;-4;-2.4;4;-2.3;1;-0.2;-1;-0.2
19;E;H;0.5309278350515464;-64.5;-47.9;-4;-2.2;4;-2.8;2;-0.2;5;-0.3
20;I;H;0.0;-59.0;-49.0;-4;-2.5;4;-2.9;1;-0.2;-2;-0.2
21;R;H;0.2056451612903226;-57.9;-46.5;-4;-2.6;5;-2.3;1;-0.2;4;-0.4
22;E;H;0.6443298969072165;-70.0;-43.7;-4;-2.3;3;-0.7;3;-0.2;-2;-0.2
23;T;H;0.5070422535211268;-71.2;-35.0;-4;-2.8;-2;-0.2;1;-0.3;-1;-0.2
24;E;T;0.28865979381443296;-92.9;1.4;-4;-2.9;-1;-0.3;-5;-0.3;-2;-0.2
25;K;T;0.7853658536585366;65.1;42.6;-3;-0.7;2;-0.3;-4;-0.4;-3;-0.2
26;F;-;0.025380710659898477;-97.2;153.9;-5;-2.3;-1;-0.2;-6;-0.2;99;-0.2
27;D;S;0.22085889570552147;-76.0;-29.9;97;-1.2;2;-0.3;-2;-0.3;98;-0.2
28;F;E;0.0;-147.1;144.6;96;-2.0;96;-3.0;-7;-0.1;2;-0.3
29;A;E;0.0;-144.2;147.1;20;-2.0;20;-2.8;-2;-0.3;2;-0.3
30;A;E;0.0;-152.9;150.4;92;-2.3;92;-3.3;-2;-0.3;2;-0.5
31;I;E;0.005917159763313609;-118.0;125.5;16;-2.2;16;-1.6;-2;-0.3;15;-1.5
32;A;E;0.0;-103.3;131.6;88;-3.0;88;-1.8;-2;-0.5;13;-0.3
33;L;E;0.10365853658536585;-136.2;150.2;11;-2.3;11;-2.3;-2;-0.5;86;-0.1
34;P;E;0.22058823529411764;-65.7;144.7;0;0.0;2;-0.5;0;0.0;9;-0.2
35;E;P;0.34536082474226804;-78.0;121.3;7;-2.5;3;-0.7;5;-0.1;7;-0.2
36;D;T;0.8773006134969326;-66.1;124.6;-2;-0.5;6;-0.0;1;-0.2;-1;-0.0
37;G;T;1.0;116.6;-1.0;1;-0.3;2;-0.3;-2;-0.1;-1;-0.2
38;L;-;0.524390243902439;-109.7;131.8;-3;-0.7;-1;-0.3;1;-0.1;3;-0.1
39;H;S;1.0;-40.4;-21.3;-2;-0.3;2;-0.6;1;-0.2;-1;-0.1
40;S;S;0.5076923076923077;-129.5;77.7;-3;-0.0;2;-1.2;22;-0.0;-1;-0.2
41;A;-;0.46226415094339623;-38.5;77.2;-2;-0.6;2;-0.2;-7;-0.1;-5;-0.1
42;V;-;0.1056338028169014;-58.1;152.9;-2;-1.2;-7;-2.5;-7;-0.2;2;-0.4
43;I;E;0.05325443786982249;-107.8;132.6;18;-2.7;18;-2.8;-9;-0.2;2;-0.4
44;K;E;0.3024390243902439;-127.4;147.6;-11;-2.3;-11;-2.3;-2;-0.4;2;-1.3
45;W;E;0.02643171806167401;-73.4;99.0;14;-0.6;-13;-0.3;11;-0.5;14;-0.1
46;K;E;0.4146341463414634;-85.1;-33.7;-15;-1.5;2;-0.4;-2;-1.3;-1;-0.2
47;Y;E;0.19369369369369369;-128.7;140.1;-16;-1.6;-16;-2.2;-3;-0.1;2;-0.3
48;A;E;0.03773584905660377;-139.5;149.0;-2;-0.4;2;-0.4;-18;-0.2;-18;-0.2
49;S;E;0.023076923076923078;-132.8;131.6;-20;-2.8;-20;-2.0;-2;-0.3;-2;-0.0
50;G;S;0.34523809523809523;77.1;16.1;-2;-0.4;2;-0.1;1;-0.2;-1;-0.1
51;N;-;0.2484076433121019;-68.5;148.4;1;-0.1;-1;-0.2;-22;-0.1;3;-0.1
52;I;S;0.6035502958579881;-94.7;-10.8;-2;-0.1;2;-0.3;48;-0.1;-1;-0.1
53;N;S;0.1910828025477707;-155.1;178.9;0;0.0;3;-0.2;0;0.0;-1;-0.1
54;Y;S;0.6846846846846847;-110.8;15.0;-2;-0.3;3;-1.3;1;-0.1;4;-0.2
55;R;G;0.5564516129032258;-67.7;-25.4;1;-0.3;3;-2.2;2;-0.2;4;-0.4
56;Y;G;0.02702702702702703;-53.4;-26.5;1;-0.3;3;-1.4;-3;-0.2;-11;-0.5
57;R;G;0.6290322580645161;-68.6;-19.2;-3;-1.3;-1;-0.3;1;-0.3;-2;-0.2
58;M;G;0.7340425531914894;-91.8;-7.4;-3;-2.2;2;-0.6;-4;-0.2;-1;-0.3
59;I;-;0.11834319526627218;-77.9;118.0;-3;-1.4;-14;-0.6;-4;-0.4;2;-0.5
60;V;E;0.5563380281690141;-120.0;118.9;-2;-0.6;2;-0.5;-16;-0.1;-16;-0.2
61;L;E;0.07926829268292683;-109.7;129.4;-18;-2.8;-18;-2.7;-2;-0.5;3;-0.1
62;R;-;0.7862903225806451;-68.8;154.9;-2;-0.5;3;-2.3;-20;-0.2;-20;-0.1
63;P;T;0.5661764705882353;-51.1;130.9;0;0.0;-1;-0.2;0;0.0;3;-0.1
64;G;T;0.27380952380952384;85.0;-0.1;1;-0.3;2;-0.2;-3;-0.1;-2;-0.1
65;K;-;0.6536585365853659;-106.2;155.3;-3;-2.3;4;-1.4;4;-0.1;-1;-0.3
66;G;H;0.16666666666666666;72.3;178.0;-2;-0.2;4;-2.3;3;-0.2;29;-0.2
67;L;H;0.012195121951219513;-61.7;-45.9;27;-0.2;4;-2.0;2;-0.2;5;-0.2
68;A;H;0.0;-63.8;-44.2;1;-0.2;4;-2.6;2;-0.2;5;-0.2
69;G;H;0.0;-59.7;-45.1;-4;-1.4;4;-2.7;2;-0.2;-1;-0.2
70;L;H;0.21341463414634146;-56.5;-46.2;-4;-2.3;4;-2.3;2;-0.2;6;-0.3
71;V;H;0.0;-65.2;-46.3;-4;-2.0;4;-2.5;2;-0.2;5;-0.5
72;I;H;0.21893491124260356;-61.7;-43.5;-4;-2.6;-1;-0.2;2;-0.2;-2;-0.2
73;R;H;0.6370967741935484;-65.7;-40.9;-4;-2.7;-2;-0.2;-5;-0.2;-1;-0.2
74;T;H;0.49295774647887325;-92.7;-24.1;-4;-2.3;-1;-0.2;-5;-0.2;-2;-0.2
75;G;-;0.17857142857142858;69.4;17.3;-4;-2.5;2;-0.3;-5;-0.3;-3;-0.2
76;S;S;0.5;-124.4;155.8;-5;-0.5;-1;-0.3;-6;-0.3;-2;-0.2
77;R;-;0.2701612903225806;-66.9;144.0;-2;-0.3;2;-0.5;-3;-0.1;32;-0.2
78;K;E;0.3463414634146341;-113.7;120.8;30;-2.2;30;-3.1;-2;-0.1;2;-0.5
79;I;E;0.3668639053254438;-117.8;126.3;-2;-0.5;2;-0.4;28;-0.2;28;-0.2
80;V;E;0.007042253521126761;-128.6;113.1;26;-2.9;26;-3.3;-2;-0.5;3;-0.3
81;E;S;0.6804123711340206;-85.5;-29.9;-2;-0.4;2;-0.3;1;-0.3;50;-0.2
82;D;-;0.4539877300613497;-142.1;106.5;1;-0.1;4;-2.4;24;-0.1;5;-0.4
83;V;H;0.035211267605633804;-64.3;-40.9;21;-2.5;4;-2.6;-2;-0.3;-1;-0.1
84;D;H;0.7239263803680982;-70.6;-31.5;20;-0.3;-1;-0.2;1;-0.2;21;-0.1
85;A;H;0.7358490566037735;-85.9;-27.0;-3;-0.2;-1;-0.2;1;-0.1;-2;-0.2
86;E;H;0.5154639175257731;-112.0;-28.2;-4;-2.4;2;-0.5;1;-0.1;-3;-0.2
87;L;S;0.04878048780487805;-100.7;129.0;-4;-2.6;-1;-0.1;-5;-0.4;2;-0.0
88;S;-;0.45384615384615384;-67.4;165.9;-2;-0.5;4;-2.3;1;-0.1;5;-0.2
89;Q;H;0.7525252525252525;-56.7;-41.2;1;-0.2;4;-2.1;2;-0.2;5;-0.2
90;N;H;0.821656050955414;-64.9;-40.4;2;-0.2;4;-1.5;1;-0.2;-1;-0.2
91;D;H;0.38650306748466257;-58.6;-45.2;2;-0.2;4;-0.7;1;-0.2;3;-0.2
92;K;H;0.2;-62.2;-42.1;-4;-2.3;3;-1.0;1;-0.3;7;-0.4
93;L;H;0.6951219512195121;-66.1;-28.6;-4;-2.1;-1;-0.3;1;-0.3;-2;-0.2
94;G;H;0.39285714285714285;-81.3;-11.8;-4;-1.5;-1;-0.3;1;-0.2;-27;-0.2
95;Y;-;0.10810810810810811;-115.2;69.7;-3;-1.0;3;-1.5;-4;-0.7;4;-1.3
96;P;H;0.3088235294117647;-56.0;-31.1;0;0.0;4;-3.3;0;0.0;5;-0.2
97;I;H;0.005917159763313609;-66.2;-35.7;2;-0.2;4;-1.9;1;-0.2;6;-0.2
98;V;H;0.02112676056338028;-62.4;-40.3;-3;-1.5;5;-2.3;2;-0.2;4;-0.2
99;L;H;0.5304878048780488;-73.9;-48.2;-4;-1.3;3;-1.2;-7;-0.4;-2;-0.2
100;S;H;0.1076923076923077;-56.7;-30.9;-4;-3.3;-1;-0.2;1;-0.3;-2;-0.2
101;E;T;0.0;-109.6;7.0;-4;-1.9;-1;-0.3;-5;-0.2;-2;-0.2
102;A;T;0.5283018867924528;53.5;42.9;-3;-1.2;25;-0.5;-4;-0.2;-3;-0.2
103;L;E;0.042682926829268296;-73.0;140.1;-5;-2.3;23;-0.3;-6;-0.2;-1;-0.2
104;T;E;0.21830985915492956;-114.2;-15.0;21;-3.3;-21;-2.5;1;-0.4;2;-0.3
105;A;E;0.0;-151.2;152.8;20;-1.1;20;-2.7;-23;-0.2;-1;-0.4
106;M;E;0.0;-164.6;158.3;-26;-3.3;-26;-2.9;-2;-0.3;2;-0.4
107;V;E;0.0;-132.1;119.1;16;-2.5;16;-2.5;-2;-0.3;2;-0.5
108;A;E;0.009433962264150943;-106.0;128.3;-30;-3.1;-30;-2.2;-2;-0.4;14;-0.2
109;I;E;0.0;-122.6;133.2;12;-3.4;12;-3.1;-2;-0.5;2;-0.1
110;P;E;0.014705882352941176;-70.3;142.5;0;0.0;2;-0.7;0;0.0;10;-0.2
111;L;E;0.0;-104.0;110.1;8;-2.8;7;-3.1;-2;-0.1;8;-1.3
112;W;E;0.18502202643171806;-94.9;143.1;36;-2.5;36;-1.8;-2;-0.7;2;-0.3
113;K;E;0.36097560975609755;-152.7;125.7;3;-2.5;3;-1.0;-2;-0.3;34;-0.1
114;N;T;0.732484076433121;55.2;42.6;-2;-0.3;3;-0.1;1;-0.2;37;-0.1
115;N;T;0.5923566878980892;66.6;19.3;1;-0.2;2;-0.4;35;-0.1;-1;-0.2
116;R;E;0.7056451612903226;-127.3;138.6;-3;-1.0;-3;-2.5;-5;-0.0;2;-0.8
117;V;E;0.20422535211267606;-77.3;119.9;-2;-0.4;-5;-0.3;-5;-0.2;3;-0.1
118;Y;E;0.3783783783783784;-100.2;-34.6;-7;-3.1;2;-0.2;-2;-0.8;-1;-0.2
119;G;E;0.0;-161.5;-165.0;-8;-1.3;-8;-2.8;-86;-0.1;2;-0.4
120;A;E;0.009433962264150943;-139.1;140.7;-88;-1.8;-88;-3.0;-10;-0.2;2;-0.5
121;L;E;0.0;-101.7;127.1;-12;-3.1;-12;-3.4;-2;-0.4;2;-0.5
122;L;E;0.0;-113.5;130.6;-92;-3.3;-92;-2.3;-2;-0.5;2;-0.4
123;L;E;0.0;-122.0;127.4;-16;-2.5;-16;-2.5;-2;-0.5;2;-0.3
124;G;E;0.0;-138.9;155.8;-96;-3.0;-96;-2.0;-2;-0.4;-97;-1.2
125;Q;E;0.045454545454545456;-112.5;153.9;-20;-2.7;-21;-3.3;-2;-0.3;-20;-1.1
126;R;E;0.10080645161290322;-120.2;165.3;-2;-0.3;3;-2.1;-23;-0.3;-23;-0.1
127;E;T;0.8711340206185567;57.9;34.6;-25;-0.5;-1;-0.1;1;-0.3;-24;-0.1
128;G;T;0.7142857142857143;83.3;-0.6;1;-0.2;-1;-0.3;-3;-0.2;-25;-0.0
129;R;P;0.5362903225806451;-62.8;138.4;-3;-2.1;-1;-0.2;1;-0.1;-25;-0.1
130;P;P;0.75;-74.9;161.7;0;0.0;-4;-0.1;0;0.0;-25;-0.1
131;L;P;0.1524390243902439;-57.7;132.9;-50;-0.2;3;-0.1;1;-0.1;5;-0.1
132;P;P;0.18382352941176472;-53.9;148.4;0;0.0;3;-2.0;0;0.0;4;-0.3
133;E;T;1.0;-54.4;129.1;1;-0.3;0;0.0;2;-0.1;0;0.0
134;G;T;0.5;85.6;-0.3;-3;-0.1;3;-1.0;1;-0.1;-1;-0.3
135;S;G;0.023076923076923078;-71.2;-22.0;-3;-2.0;3;-1.2;1;-0.2;-2;-0.1
136;T;G;0.352112676056338;-76.7;-17.7;-4;-0.3;-1;-0.2;1;-0.3;-59;-0.1
137;T;G;0.6971830985915493;-112.0;10.9;-3;-1.0;-1;-0.3;2;-0.1;-2;-0.2
138;F;-;0.050761421319796954;-46.8;133.1;-3;-1.2;2;-0.4;1;-0.1;-3;-0.1
139;R;-;0.41935483870967744;-113.5;130.8;1;-0.1;4;-0.1;9;-0.0;-1;-0.1
140;I;-;0.0;-65.2;-38.5;-2;-0.4;3;-2.0;1;-0.2;4;-0.1
141;N;T;0.643312101910828;48.3;-127.4;1;-0.2;3;-0.4;2;-0.1;-1;-0.2
142;Q;T;0.898989898989899;-101.4;23.7;1;-0.2;3;-0.6;4;-0.0;-1;-0.2
143;R;T;0.2217741935483871;-89.1;-14.7;-3;-2.0;-1;-0.2;1;-0.3;-123;-0.1
144;L;T;0.0;-128.3;58.5;3;-0.4;3;-1.7;1;-0.4;-1;-0.3
145;G;T;0.2976190476190476;64.9;-130.3;-3;-0.6;-1;-0.4;1;-0.2;-133;-0.0
146;S;T;0.49230769230769234;-91.0;1.2;-2;-0.1;-1;-0.2;-3;-0.1;-32;-0.2
147;F;-;0.05583756345177665;-76.7;147.2;-3;-1.7;-3;-0.4;-34;-0.1;2;-0.2
148;T;B;0.1619718309859155;-124.7;173.8;-36;-1.8;-36;-2.5;-2;-0.1;4;-0.1
149;D;S;0.0736196319018405;-107.3;6.0;-2;-0.2;2;-0.3;-38;-0.2;-72;-0.1
150;E;S;0.4793814432989691;-149.2;161.9;-38;-0.1;-35;-0.1;-74;-0.0;-38;-0.1
151;I;-;0.3905325443786982;-60.0;114.5;-2;-0.3;2;-1.1;-76;-0.1;-2;-0.1
152;N;-;0.46496815286624205;-55.0;80.0;-4;-0.1;2;-1.8;-2;-0.0;-1;-0.1
153;K;-;0.8829268292682927;-58.5;54.9;-2;-1.1;-3;-0.0;-3;-0.0;-38;-0.0
154;Q;-;0.8181818181818182;-43.4;127.1;-2;-1.8;-2;-0.0;1;-0.0;-3;-0.0
155;P;-;1.0;-42.4;360.0;0;0.0;-1;-0.0;0;0.0;-3;-0.0
