1;M;-;1.0;360.0;71.1;0;0.0;2;-0.3;0;0.0;0;0.0
2;A;-;1.0;-19.2;72.4;1;-0.1;2;-1.0;3;-0.0;3;-0.0
3;K;-;1.0;-16.9;54.7;-2;-0.3;2;-0.1;3;-0.0;3;-0.1
4;G;-;0.7619047619047619;-19.1;90.0;-2;-1.0;3;-0.0;1;-0.1;-1;-0.0
5;Q;-;0.494949494949495;-5.3;89.7;-2;-0.1;2;-0.6;1;-0.1;-1;-0.1
6;S;-;0.4846153846153846;-58.6;94.7;1;-0.2;5;-0.1;-3;-0.1;-1;-0.1
7;L;S;0.7073170731707317;-46.3;-31.2;-2;-0.6;4;-1.5;2;-0.1;-1;-0.2
8;Q;H;0.5303030303030303;-73.1;-54.1;1;-0.2;4;-2.8;2;-0.2;5;-0.3
9;D;H;0.44785276073619634;-65.4;-47.7;1;-0.2;4;-2.8;2;-0.2;5;-0.2
10;P;H;0.21323529411764705;-61.9;-37.2;0;0.0;4;-2.1;0;0.0;-1;-0.2
11;F;H;0.20812182741116753;-64.0;-51.4;-4;-1.5;4;-2.1;2;-0.2;-2;-0.2
12;L;H;0.036585365853658534;-64.9;-34.8;-4;-2.8;4;-2.4;1;-0.2;-1;-0.2
13;N;H;0.37579617834394907;-66.5;-41.5;-4;-2.8;4;-3.0;-5;-0.3;5;-0.2
14;A;H;0.03773584905660377;-60.9;-44.5;-4;-2.1;4;-2.1;-5;-0.2;6;-0.2
15;L;H;0.0;-61.4;-39.8;-4;-2.1;5;-1.9;1;-0.2;4;-0.3
16;R;H;0.4314516129032258;-69.6;-51.2;-4;-2.4;3;-0.9;3;-0.2;-2;-0.2
17;R;H;0.7217741935483871;-62.6;-38.0;-4;-3.0;-2;-0.2;1;-0.2;-3;-0.2
18;E;T;0.3865979381443299;-94.8;0.6;-4;-2.1;-1;-0.2;-5;-0.2;-2;-0.2
19;R;T;0.7459677419354839;49.4;46.9;-3;-0.9;-3;-0.2;-4;-0.3;-4;-0.1
20;V;-;0.0;-77.3;122.8;-5;-1.9;16;-0.6;-6;-0.2;-1;-0.2
21;P;E;0.40441176470588236;-57.0;139.2;0;0.0;44;-2.4;0;0.0;2;-0.3
22;V;E;0.02112676056338028;-131.2;148.9;12;-4.2;12;-2.4;42;-0.2;2;-0.5
23;S;E;0.15384615384615385;-101.1;119.9;40;-2.6;40;-3.0;-2;-0.3;2;-0.6
24;I;E;0.0;-105.2;119.2;8;-3.8;8;-3.2;-2;-0.5;2;-0.5
25;Y;E;0.3918918918918919;-97.0;127.4;36;-2.9;35;-3.8;-2;-0.6;36;-1.8
26;L;E;0.15853658536585366;-87.6;162.8;4;-3.0;3;-2.5;-2;-0.5;33;-0.3
27;V;T;0.7323943661971831;-61.0;-25.5;31;-2.6;32;-0.1;1;-0.3;-1;-0.1
28;N;T;0.6751592356687898;-87.3;-4.1;30;-0.3;-1;-0.3;2;-0.1;31;-0.1
29;G;S;0.6785714285714286;102.7;-5.5;-3;-2.5;2;-0.2;1;-0.3;-2;-0.1
30;I;-;0.514792899408284;-73.3;140.1;-5;-0.0;-4;-3.0;1;-0.0;2;-0.5
31;K;E;0.44390243902439025;-108.0;125.5;-6;-0.2;2;-0.4;-2;-0.2;-6;-0.2
32;L;E;0.21341463414634146;-107.5;141.8;-8;-3.2;-8;-3.8;-2;-0.5;2;-0.4
33;Q;E;0.5707070707070707;-125.1;140.5;-2;-0.4;2;-0.3;-10;-0.2;-10;-0.2
34;G;E;0.11904761904761904;165.5;-161.2;-12;-2.4;-12;-4.2;-2;-0.4;2;-0.4
35;Q;E;0.3686868686868687;-115.7;142.7;12;-2.5;12;-3.4;-2;-0.3;2;-0.7
36;I;E;0.023668639053254437;-76.6;115.0;-16;-0.6;10;-0.2;-2;-0.4;-17;-0.2
37;E;E;0.5154639175257731;-82.8;-45.6;8;-3.1;2;-0.3;-2;-0.7;-1;-0.2
38;S;E;0.4230769230769231;-156.6;166.0;7;-1.0;7;-3.3;2;-0.0;-1;-0.3
39;F;E;0.2131979695431472;-158.5;150.9;-2;-0.3;2;-0.2;5;-0.2;5;-0.2
40;D;-;0.5030674846625767;-131.6;-155.5;3;-2.4;-2;-0.0;-2;-0.3;5;-0.0
41;Q;S;0.7525252525252525;-65.9;-21.9;-2;-0.2;3;-0.1;1;-0.2;15;-0.0
42;F;S;0.6598984771573604;-126.6;-20.2;1;-0.1;14;-3.2;14;-0.1;15;-0.4
43;V;E;0.1267605633802817;-138.4;162.0;12;-0.2;-3;-2.4;13;-0.1;2;-0.4
44;I;E;0.01775147928994083;-120.2;127.1;10;-2.7;10;-2.8;-2;-0.3;2;-0.8
45;L;E;0.3170731707317073;-85.0;111.5;-7;-3.3;-8;-3.1;-2;-0.4;-7;-1.0
46;L;E;0.006097560975609756;-106.2;122.2;6;-3.0;6;-2.4;-2;-0.8;2;-0.6
47;K;E;0.37073170731707317;-105.4;118.0;-12;-3.4;-12;-2.5;-2;-0.5;4;-0.2
48;N;S;0.7133757961783439;-113.7;-95.9;2;-1.6;-14;-0.1;-2;-0.6;3;-0.1
49;T;S;0.8309859154929577;-82.3;-38.9;1;-0.2;2;-0.3;-2;-0.1;-2;-0.1
50;V;S;0.6338028169014085;-127.6;165.9;-4;-0.1;-2;-1.6;0;0.0;2;-0.4
51;S;E;0.4230769230769231;-87.2;126.6;-2;-0.3;2;-0.4;-4;-0.2;-4;-0.2
52;Q;E;0.40404040404040403;-128.0;141.8;-6;-2.4;-6;-3.0;-2;-0.4;2;-0.5
53;M;E;0.5797872340425532;-84.6;128.6;-2;-0.4;2;-0.5;-8;-0.2;-8;-0.2
54;V;E;0.07042253521126761;-118.0;122.7;-10;-2.8;-10;-2.7;-2;-0.5;2;-0.4
55;Y;E;0.5405405405405406;-76.2;135.4;-2;-0.5;3;-1.7;-12;-0.2;4;-0.3
56;K;G;0.16585365853658537;-67.4;-25.8;-14;-3.2;3;-1.8;-2;-0.4;-1;-0.1
57;H;G;0.7880434782608695;-67.2;-15.0;-15;-0.4;-1;-0.3;1;-0.3;-14;-0.1
58;A;G;0.22641509433962265;-100.2;-5.3;-3;-1.7;-31;-2.6;-32;-0.1;2;-0.4
59;I;E;0.17751479289940827;-95.7;128.1;-3;-1.8;-33;-0.3;-4;-0.3;3;-0.1
60;S;E;0.5153846153846153;-95.1;-39.7;-35;-3.8;2;-0.3;-2;-0.4;-34;-0.2
61;T;E;0.49295774647887325;-151.4;145.7;-36;-1.8;-36;-2.9;2;-0.0;2;-0.5
62;V;E;0.22535211267605634;-118.0;121.8;-2;-0.3;-38;-0.2;-38;-0.2;-40;-0.0
63;V;E;0.43661971830985913;-120.8;120.1;-40;-3.0;-40;-2.6;-2;-0.5;2;-0.2
64;P;E;0.23529411764705882;-79.4;149.4;0;0.0;-42;-0.2;0;0.0;4;-0.1
65;S;S;0.6153846153846154;-72.8;-12.8;-44;-2.4;-43;-0.1;-2;-0.2;-45;-0.0
66;R;S;0.4475806451612903;-150.2;156.5;-45;-0.3;-1;-0.1;0;0.0;-46;-0.0
67;P;-;0.9411764705882353;-59.4;135.2;0;0.0;2;-0.4;0;0.0;-2;-0.1
68;V;-;0.11971830985915492;-122.8;126.8;-4;-0.1;2;-0.6;2;-0.0;-53;-0.1
69;S;-;0.6538461538461539;-77.2;112.4;-2;-0.4;2;-0.6;-55;-0.1;0;0.0
70;H;-;0.40217391304347827;-115.3;74.6;-2;-0.6;2;-0.7;-56;-0.1;-59;-0.2
71;H;-;0.8260869565217391;-66.9;104.1;-2;-0.6;2;-0.8;-61;-0.2;-2;-0.0
72;S;-;0.34615384615384615;-54.1;74.7;-2;-0.7;2;-1.2;-67;-0.1;-65;-0.1
73;N;-;1.0;-28.5;70.4;-2;-0.8;2;-0.8;2;-0.0;-2;-0.0
74;N;-;0.7070063694267515;-67.3;73.8;-2;-1.2;2;-0.6;3;-0.1;-2;-0.0
75;A;S;0.9622641509433962;-12.1;66.1;-2;-0.8;-2;-0.0;1;-0.0;0;0.0
76;G;-;0.7857142857142857;169.5;70.3;-2;-0.6;-1;-0.0;1;-0.0;-2;-0.0
77;G;-;0.9761904761904762;167.2;85.0;0;0.0;-3;-0.1;0;0.0;-1;-0.0
78;G;-;0.8214285714285714;121.8;92.4;2;-0.0;0;0.0;0;0.0;0;0.0
79;T;-;1.0;142.0;91.7;1;-0.2;2;-0.4;0;0.0;0;0.0
80;S;-;0.9615384615384616;-24.8;97.5;1;-0.0;-1;-0.2;0;0.0;-2;-0.0
81;S;-;0.823076923076923;154.3;91.8;-2;-0.4;3;-0.1;2;-0.0;-1;-0.0
82;N;-;0.7961783439490446;168.3;82.7;1;-0.2;2;-0.8;3;-0.0;0;0.0
83;Y;-;1.0;-70.1;78.2;2;-0.0;2;-0.8;0;0.0;-1;-0.2
84;H;-;0.8804347826086957;-60.4;76.8;-2;-0.8;2;-0.9;-3;-0.1;0;0.0
85;H;-;0.9619565217391305;-51.0;73.2;-2;-0.8;2;-0.6;2;-0.0;-2;-0.0
86;G;-;0.7857142857142857;-86.1;82.3;-2;-0.9;2;-0.4;3;-0.0;-2;-0.1
87;S;-;0.7307692307692307;-23.9;89.4;-2;-0.6;2;-0.4;1;-0.0;-2;-0.0
88;S;-;0.9461538461538461;-17.1;84.9;-2;-0.4;2;-0.5;1;-0.0;-1;-0.0
89;A;-;0.9905660377358491;-25.6;88.7;-2;-0.4;2;-0.3;-3;-0.0;-1;-0.0
90;Q;-;0.9444444444444444;-109.8;95.9;-2;-0.5;-3;-0.0;1;-0.2;-2;-0.0
91;N;-;0.9044585987261147;124.8;109.0;-2;-0.3;-1;-0.2;0;0.0;0;0.0
92;T;-;0.7253521126760564;125.9;108.8;0;0.0;-2;-0.0;0;0.0;0;0.0
93;S;-;0.8461538461538461;49.8;101.3;0;0.0;0;0.0;0;0.0;0;0.0
94;A;-;0.9245283018867925;-173.1;100.1;0;0.0;2;-0.0;0;0.0;0;0.0
95;Q;-;0.9393939393939394;24.7;104.8;2;-0.0;0;0.0;0;0.0;0;0.0
96;Q;-;0.9949494949494949;-166.2;94.2;-2;-0.0;2;-0.4;0;0.0;0;0.0
97;D;-;0.9447852760736196;-37.7;107.9;0;0.0;-2;-0.0;0;0.0;0;0.0
98;S;-;0.823076923076923;173.2;117.5;-2;-0.4;0;0.0;0;0.0;0;0.0
99;E;-;0.9639175257731959;119.5;112.6;2;-0.1;0;0.0;0;0.0;0;0.0
100;E;-;0.9587628865979382;35.3;109.2;1;-0.2;0;0.0;0;0.0;0;0.0
101;T;-;1.0;12.1;111.7;0;0.0;-1;-0.2;0;0.0;-2;-0.1
102;E;-;1.0;-168.6;360.0;0;0.0;0;0.0;0;0.0;0;0.0
