1;M;-;0.9946808510638298;360.0;137.9;0;0.0;2;-0.2;0;0.0;190;-0.1
2;Y;-;0.14864864864864866;-74.2;135.7;188;-0.5;3;-0.1;1;-0.1;69;-0.0
3;K;S;0.6829268292682927;-100.8;-30.3;1;-0.2;26;-3.1;-2;-0.2;2;-0.5
4;Y;E;0.45045045045045046;-128.1;121.7;24;-0.2;68;-2.4;66;-0.1;69;-1.2
5;I;E;0.005917159763313609;-124.2;136.9;24;-2.5;26;-2.7;-2;-0.5;2;-0.5
6;T;E;0.007042253521126761;-104.4;130.2;67;-2.0;69;-3.1;-2;-0.4;2;-0.6
7;I;E;0.0;-107.8;107.6;24;-3.2;26;-2.5;-2;-0.5;3;-0.5
8;L;E;0.0;-88.6;135.3;67;-3.2;69;-2.6;-2;-0.6;70;-0.2
9;G;S;0.25;73.6;46.3;24;-1.8;3;-1.8;-2;-0.4;6;-0.3
10;A;T;0.0;-72.3;-11.2;23;-2.1;24;-0.2;-3;-0.5;9;-0.1
11;A;T;0.07547169811320754;-86.6;-9.1;22;-0.2;-1;-0.3;4;-0.1;23;-0.1
12;G;S;0.36904761904761907;-66.7;156.6;-3;-1.8;4;-2.8;1;-0.1;5;-0.2
13;Q;H;0.48484848484848486;-65.3;-43.6;2;-0.2;4;-2.0;1;-0.2;5;-0.2
14;I;H;0.08284023668639054;-64.7;-42.8;2;-0.2;4;-3.0;1;-0.2;-1;-0.2
15;A;H;0.009433962264150943;-61.3;-42.9;-6;-0.3;4;-2.8;1;-0.2;-2;-0.2
16;Q;H;0.2828282828282828;-64.4;-43.3;-4;-2.8;4;-2.3;2;-0.2;-1;-0.2
17;K;H;0.3170731707317073;-66.7;-40.2;-4;-2.0;4;-2.5;2;-0.2;-2;-0.2
18;L;H;0.0;-62.0;-43.3;-4;-3.0;4;-2.8;2;-0.2;5;-0.2
19;T;H;0.007042253521126761;-57.7;-47.9;-4;-2.8;4;-2.3;1;-0.2;5;-0.2
20;A;H;0.4056603773584906;-60.4;-42.8;-4;-2.3;4;-1.5;1;-0.2;-1;-0.2
21;T;H;0.24647887323943662;-63.9;-41.8;-4;-2.5;4;-2.3;1;-0.2;-2;-0.2
22;L;H;0.0;-70.5;-37.5;-4;-2.8;4;-1.5;1;-0.2;6;-0.4
23;L;H;0.1402439024390244;-66.6;-28.3;-4;-2.3;-1;-0.2;-5;-0.2;-2;-0.2
24;T;H;0.676056338028169;-83.3;-36.1;-4;-1.5;-2;-0.2;-5;-0.2;-1;-0.2
25;Y;H;0.7432432432432432;-121.5;4.9;-4;-2.3;2;-0.3;-5;-0.1;-2;-0.2
26;T;-;0.09859154929577464;-139.1;-179.6;-4;-1.5;-23;-0.1;-5;-0.2;0;0.0
27;D;-;0.901840490797546;-112.7;19.5;-2;-0.3;-4;-0.1;2;-0.1;-5;-0.0
28;M;-;0.031914893617021274;-67.2;142.0;-6;-0.4;2;-0.5;1;-0.1;-24;-0.2
29;H;E;0.41847826086956524;-86.2;129.5;-26;-3.1;-24;-2.5;22;-0.0;2;-0.5
30;I;E;0.005917159763313609;-116.8;121.0;20;-3.1;22;-2.7;-2;-0.5;2;-0.6
31;T;E;0.18309859154929578;-96.4;119.9;-26;-2.7;-24;-3.2;-2;-0.5;2;-0.5
32;L;E;0.0;-97.7;127.9;20;-3.2;22;-2.9;-2;-0.6;2;-0.4
33;Y;E;0.0;-127.1;131.3;-26;-2.5;-23;-2.1;-2;-0.5;-24;-1.8
34;G;E;0.07142857142857142;170.8;-175.9;20;-1.3;22;-1.5;-2;-0.4;3;-0.6
35;R;T;0.6733870967741935;-85.9;133.2;-2;-0.3;5;-0.1;1;-0.2;22;-0.1
36;Q;T;0.6666666666666666;49.4;46.5;-2;-0.3;4;-1.0;1;-0.1;3;-0.9
37;L;H;0.0;-67.1;-33.0;-3;-0.6;4;-2.2;1;-0.2;3;-0.4
38;K;H;0.6829268292682927;-64.9;-23.6;1;-0.3;-1;-0.2;2;-0.2;8;-0.1
39;T;H;0.8098591549295775;-100.8;-14.1;-3;-0.9;-1;-0.3;1;-0.1;-2;-0.2
40;R;H;0.43951612903225806;-107.5;-15.3;-4;-1.0;-2;-0.2;-3;-0.4;-3;-0.2
41;I;S;0.04142011834319527;-117.1;139.3;-4;-2.2;5;-0.1;-5;-0.2;-30;-0.1
42;P;-;0.2867647058823529;-56.7;141.0;0;0.0;4;-2.0;0;0.0;3;-1.5
43;P;H;0.625;-58.3;-32.6;0;0.0;4;-2.7;0;0.0;5;-0.2
44;E;H;0.6804123711340206;-62.0;-34.3;1;-0.2;4;-0.1;2;-0.2;-3;-0.0
45;I;H;0.1301775147928994;-76.6;-42.7;-3;-1.5;3;-1.3;2;-0.2;-1;-0.2
46;I;H;0.17159763313609466;-61.7;-35.2;-4;-2.0;-2;-0.2;1;-0.3;7;-0.1
47;D;T;0.803680981595092;-93.9;1.3;-4;-2.7;-1;-0.3;-5;-0.2;-2;-0.2
48;H;-;0.30978260869565216;-65.3;137.0;-3;-1.3;3;-1.9;-5;-0.2;-3;-0.1
49;E;T;0.9123711340206185;-63.7;-22.4;1;-0.3;-1;-0.1;-2;-0.1;-4;-0.0
50;R;T;0.12096774193548387;-97.2;7.1;-21;-0.1;-20;-3.1;-22;-0.0;2;-0.5
51;V;E;0.1056338028169014;-116.0;128.8;-3;-1.9;2;-0.4;-22;-0.2;-20;-0.2
52;T;E;0.5633802816901409;-111.7;132.7;-22;-2.7;-20;-3.2;-2;-0.5;2;-0.5
53;V;E;0.2676056338028169;-113.1;125.6;-2;-0.4;2;-0.5;-22;-0.2;-20;-0.2
54;I;E;0.10650887573964497;-124.1;116.1;-22;-2.9;-20;-1.3;-2;-0.5;2;-0.4
55;E;E;0.3247422680412371;-92.2;129.9;-2;-0.5;2;-0.3;-22;-0.2;-20;-0.2
56;G;-;0.13095238095238096;178.2;170.7;-22;-1.5;2;-0.3;-2;-0.4;-2;-0.1
57;S;-;0.3923076923076923;-99.1;158.5;-2;-0.3;3;-2.0;-22;-0.1;7;-0.2
58;F;T;0.1319796954314721;-64.8;-9.7;1;-0.3;-1;-0.1;-2;-0.3;6;-0.0
59;Q;T;0.4898989898989899;-99.9;6.2;1;-0.1;-1;-0.3;28;-0.0;3;-0.1
60;N;-;0.37579617834394907;-99.6;93.8;-3;-2.0;4;-2.7;1;-0.2;5;-0.2
61;P;H;0.45588235294117646;-61.3;-41.1;0;0.0;4;-2.8;0;0.0;5;-0.2
62;G;H;0.5476190476190477;-59.7;-49.0;2;-0.2;4;-2.1;1;-0.2;5;-0.1
63;K;H;0.4195121951219512;-70.2;-39.5;2;-0.2;4;-2.3;1;-0.2;-1;-0.2
64;L;H;0.006097560975609756;-61.3;-44.0;-4;-2.7;4;-1.3;2;-0.2;-2;-0.2
65;E;H;0.1958762886597938;-63.7;-37.9;-4;-2.8;4;-0.9;-5;-0.2;3;-0.2
66;Q;H;0.6060606060606061;-60.3;-40.5;-4;-2.1;3;-0.6;-5;-0.2;4;-0.3
67;A;H;0.018867924528301886;-68.0;-27.7;-4;-2.3;-1;-0.2;1;-0.2;3;-0.2
68;V;H;0.0;-106.9;-3.3;-4;-1.3;3;-1.7;-3;-0.2;-1;-0.2
69;T;T;0.4295774647887324;-53.0;-34.3;-4;-0.9;-1;-0.2;-3;-0.6;-2;-0.1
70;N;T;0.802547770700637;-113.7;11.0;-4;-0.3;-1;-0.3;-3;-0.2;2;-0.1
71;A;-;0.05660377358490566;-80.7;137.3;-3;-1.7;-66;-0.2;1;-0.1;3;-0.1
72;E;S;0.4381443298969072;-89.6;-30.4;-68;-2.4;27;-0.5;1;-0.4;2;-0.3
73;V;E;0.0;-144.5;141.2;-69;-1.2;-67;-2.0;25;-0.1;2;-0.4
74;V;E;0.0;-117.1;128.9;25;-1.8;27;-2.8;-2;-0.3;2;-0.5
75;F;E;0.01015228426395939;-100.6;126.9;-69;-3.1;-67;-3.2;-2;-0.4;2;-0.6
76;V;E;0.0;-107.7;110.0;25;-3.1;27;-2.3;-2;-0.5;-67;-0.2
77;G;S;0.25;-81.1;-6.5;-69;-2.6;2;-0.3;-2;-0.6;-63;-0.2
78;A;-;0.3490566037735849;-157.3;115.2;-70;-0.2;2;-0.6;-66;-0.1;-1;-0.2
79;M;-;0.010638297872340425;-105.6;72.0;24;-1.2;57;-0.3;-2;-0.3;56;-0.2
80;E;-;0.5412371134020618;-111.7;-10.1;-2;-0.6;2;-0.4;1;-0.1;-1;-0.2
81;S;-;0.23846153846153847;-136.2;130.2;-3;-0.2;4;-2.3;1;-0.1;5;-0.2
82;G;H;0.09523809523809523;-58.6;-42.6;-2;-0.4;4;-2.8;2;-0.2;5;-0.2
83;S;H;0.5307692307692308;-64.7;-43.2;2;-0.2;4;-2.1;1;-0.2;-1;-0.2
84;D;H;0.3128834355828221;-61.1;-45.7;2;-0.2;4;-2.2;1;-0.2;-1;-0.2
85;M;H;0.015957446808510637;-64.6;-38.4;-4;-2.3;4;-2.8;2;-0.2;-2;-0.2
86;A;H;0.44339622641509435;-59.5;-43.1;-4;-2.8;4;-2.2;1;-0.2;-1;-0.2
87;S;H;0.16153846153846155;-62.0;-42.8;-4;-2.1;4;-2.2;2;-0.2;-2;-0.2
88;I;H;0.01775147928994083;-64.4;-48.5;-4;-2.2;4;-2.6;2;-0.2;5;-0.2
89;V;H;0.16901408450704225;-57.9;-41.9;-4;-2.8;4;-2.5;1;-0.2;-2;-0.2
90;K;H;0.551219512195122;-63.2;-45.9;-4;-2.2;4;-2.2;1;-0.2;-1;-0.2
91;A;H;0.018867924528301886;-61.5;-43.4;-4;-2.2;4;-1.4;1;-0.2;-1;-0.2
92;L;H;0.0;-65.9;-40.8;-4;-2.6;5;-2.9;1;-0.2;-1;-0.2
93;S;H;0.49230769230769234;-60.2;-43.3;-4;-2.5;3;-1.5;-5;-0.2;-2;-0.2
94;R;H;0.4959677419354839;-68.6;-27.2;-4;-2.2;-1;-0.2;1;-0.3;-2;-0.2
95;K;T;0.3463414634146341;-102.5;8.1;-4;-1.4;-1;-0.3;-5;-0.2;-2;-0.2
96;N;T;0.8980891719745223;56.4;32.5;-3;-1.5;2;-0.5;1;-0.2;-3;-0.2
97;I;-;0.10059171597633136;-90.3;132.3;-5;-2.9;-1;-0.2;-6;-0.1;-2;-0.1
98;R;-;0.7298387096774194;-117.1;-33.9;-2;-0.5;47;-2.1;-26;-0.2;2;-0.5
99;R;E;0.04435483870967742;-86.9;123.7;-27;-0.5;-25;-1.8;45;-0.2;2;-0.3
100;V;E;0.0;-140.6;133.7;45;-2.0;47;-1.6;-2;-0.5;2;-0.5
101;I;E;0.005917159763313609;-112.6;119.9;-27;-2.8;-25;-3.1;-2;-0.3;2;-0.4
102;G;E;0.0;-121.6;143.4;45;-2.6;47;-3.4;-2;-0.5;2;-0.5
103;V;E;0.06338028169014084;-99.8;130.1;-27;-2.3;-24;-1.2;-2;-0.4;2;-0.2
104;S;E;0.046153846153846156;-131.9;-173.3;45;-3.1;47;-2.5;-2;-0.5;2;-0.4
105;M;E;0.06914893617021277;-103.0;143.9;45;-0.2;3;-0.5;-26;-0.2;47;-0.2
106;A;S;0.018867924528301886;-75.1;153.7;45;-2.9;45;-0.1;-2;-0.4;43;-0.0
107;G;-;0.023809523809523808;111.2;-9.7;-2;-0.2;3;-1.4;43;-0.1;5;-0.2
108;L;T;0.054878048780487805;-78.9;-10.7;-3;-0.5;-2;-0.1;1;-0.3;25;-0.0
109;S;T;0.49230769230769234;-109.0;9.5;0;0.0;-1;-0.3;0;0.0;-3;-0.0
110;G;S;0.5952380952380952;69.0;39.6;-3;-1.4;-2;-0.1;1;-0.1;4;-0.0
111;E;-;0.06701030927835051;-102.4;-2.2;60;-0.1;61;-3.3;2;-0.1;-3;-0.1
112;F;S;0.07106598984771574;-87.6;151.3;-5;-0.2;61;-0.2;59;-0.2;2;-0.1
113;P;-;0.25735294117647056;-59.6;159.2;0;0.0;4;-3.0;0;0.0;5;-0.3
114;V;H;0.8802816901408451;-56.7;-47.2;1;-0.2;4;-2.5;2;-0.2;5;-0.2
115;A;H;0.3867924528301887;-67.7;-43.6;1;-0.2;4;-2.3;2;-0.2;-1;-0.2
116;L;H;0.0;-66.7;-41.0;2;-0.2;4;-3.0;1;-0.2;-1;-0.2
117;E;H;0.33505154639175255;-59.0;-49.2;-4;-3.0;4;-2.4;2;-0.2;5;-0.2
118;K;H;0.6;-58.0;-50.3;-4;-2.5;4;-2.0;-5;-0.3;-1;-0.2
119;W;H;0.3436123348017621;-57.1;-49.1;-4;-2.3;4;-1.2;94;-0.3;-2;-0.2
120;T;H;0.028169014084507043;-55.8;-47.2;-4;-3.0;3;-0.8;1;-0.2;4;-0.2
121;F;H;0.3197969543147208;-84.8;-17.4;-4;-2.4;3;-0.4;1;-0.3;-1;-0.2
122;D;H;0.6073619631901841;-75.2;-19.2;-4;-2.0;-1;-0.3;-5;-0.2;-2;-0.2
123;N;S;0.37579617834394907;-115.2;10.0;-4;-1.2;-2;-0.2;-3;-0.8;-1;-0.2
124;L;S;0.24390243902439024;-122.3;139.1;-3;-0.4;2;-0.1;-4;-0.2;5;-0.0
125;P;-;0.5808823529411765;-60.7;142.4;0;0.0;4;-1.8;0;0.0;3;-0.4
126;I;H;0.8047337278106509;-59.0;-41.4;1;-0.2;4;-2.6;2;-0.2;5;-0.2
127;S;H;0.7153846153846154;-61.7;-40.3;1;-0.2;4;-2.2;2;-0.2;-1;-0.2
128;Y;H;0.3108108108108108;-60.3;-48.0;-3;-0.4;4;-2.3;2;-0.2;-1;-0.2
129;V;H;0.07746478873239436;-61.8;-42.3;-4;-1.8;4;-2.2;1;-0.2;-2;-0.2
130;Q;H;0.4393939393939394;-65.0;-43.5;-4;-2.6;4;-2.5;1;-0.2;-1;-0.2
131;G;H;0.08333333333333333;-59.5;-43.5;-4;-2.2;4;-2.6;-5;-0.2;-1;-0.2
132;E;H;0.02577319587628866;-60.8;-41.4;-4;-2.3;4;-2.4;2;-0.2;-2;-0.2
133;R;H;0.31048387096774194;-63.9;-45.1;-4;-2.2;4;-2.4;1;-0.2;-2;-0.2
134;Q;H;0.5252525252525253;-63.0;-48.8;-4;-2.5;4;-2.5;2;-0.2;-2;-0.2
135;A;H;0.0;-58.5;-46.1;-4;-2.6;4;-2.2;-56;-0.2;-1;-0.2
136;R;H;0.08064516129032258;-56.9;-45.8;-4;-2.4;4;-2.4;-57;-0.3;-2;-0.2
137;N;H;0.3630573248407643;-64.6;-44.3;-4;-2.4;4;-2.1;1;-0.2;-2;-0.2
138;V;H;0.28169014084507044;-56.4;-49.9;-4;-2.5;4;-0.6;2;-0.2;-1;-0.2
139;L;H;0.0;-63.8;-40.4;-4;-2.2;3;-1.1;1;-0.2;5;-0.3
140;R;H;0.3588709677419355;-66.1;-34.2;-4;-2.4;-1;-0.2;1;-0.3;-2;-0.2
141;E;H;0.8402061855670103;-81.1;-9.2;-4;-2.1;-1;-0.3;-5;-0.2;-2;-0.2
142;S;S;0.12307692307692308;-79.9;170.4;-3;-1.1;4;-0.1;-4;-0.6;-3;-0.0
143;N;S;0.7388535031847133;-95.8;15.1;-54;-0.1;-1;-0.1;2;-0.1;-3;-0.1
144;L;S;0.012195121951219513;-73.9;143.7;-5;-0.3;2;-1.3;1;-0.1;-45;-0.2
145;N;E;0.21019108280254778;-73.8;86.5;-47;-2.1;-45;-2.0;54;-0.1;2;-0.2
146;Y;E;0.06756756756756757;-102.3;151.1;-2;-1.3;55;-1.3;-47;-0.2;54;-1.0
147;T;E;0.0;-121.4;112.9;-47;-1.6;-45;-2.6;53;-0.2;2;-0.7
148;I;E;0.0;-93.8;117.8;53;-2.8;55;-3.1;-2;-0.4;2;-0.8
149;L;E;0.0;-95.2;111.2;-47;-3.4;-45;-3.1;-2;-0.7;2;-0.7
150;R;E;0.024193548387096774;-87.3;113.0;53;-2.3;55;-2.4;-2;-0.8;2;-0.3
151;L;E;0.06097560975609756;-101.2;142.7;-47;-2.5;-45;-2.9;-2;-0.7;55;-0.1
152;T;-;0.07042253521126761;-82.6;-171.6;53;-1.1;24;-0.2;-2;-0.3;23;-0.1
153;W;E;0.19383259911894274;-56.9;129.9;22;-1.0;24;-2.6;1;-0.1;2;-0.3
154;L;E;0.29878048780487804;-99.4;137.8;22;-0.2;2;-0.3;-3;-0.1;24;-0.2
155;Y;E;0.14414414414414414;-139.5;171.8;22;-1.2;24;-2.7;-2;-0.3;2;-0.5
156;N;-;0.5222929936305732;-107.1;128.5;-2;-0.3;22;-0.1;22;-0.2;-2;-0.0
157;D;-;0.294478527607362;-163.3;102.9;-2;-0.5;3;-2.1;3;-0.2;23;-0.1
158;P;T;0.7352941176470589;-60.5;-18.5;0;0.0;3;-0.1;0;0.0;-1;-0.0
159;E;T;0.8814432989690721;-88.1;-12.3;1;-0.2;2;-1.0;2;-0.0;3;-0.2
160;K;-;0.4634146341463415;-103.3;92.8;-3;-2.1;21;-0.7;1;-0.2;-3;-0.2
161;T;-;0.3591549295774648;-117.6;-6.4;-2;-1.0;-1;-0.2;19;-0.2;2;-0.1
162;D;-;0.7300613496932515;-68.9;137.0;-3;-0.2;2;-0.3;46;-0.1;16;-0.3
163;Y;-;0.24324324324324326;-140.9;157.4;44;-0.2;2;-0.4;-2;-0.1;44;-0.2
164;E;E;0.34536082474226804;-124.4;146.2;42;-2.1;42;-2.1;-2;-0.3;2;-0.4
165;L;E;0.4146341463414634;-94.9;133.6;-2;-0.4;40;-0.2;40;-0.2;38;-0.0
166;I;E;0.0650887573964497;-114.9;113.5;38;-2.3;38;-3.5;-2;-0.4;-16;-0.2
167;P;-;0.6176470588235294;-62.8;156.0;0;0.0;3;-1.8;0;0.0;36;-0.1
168;E;T;0.4484536082474227;-58.7;137.2;34;-0.4;3;-0.1;1;-0.2;35;-0.1
169;G;T;0.9880952380952381;93.2;-15.6;1;-0.4;-1;-0.2;-3;-0.1;2;-0.2
170;A;S;0.3584905660377358;-86.2;152.6;-3;-1.8;-1;-0.4;1;-0.1;2;-0.2
171;Q;-;0.6161616161616161;-61.7;127.8;-2;-0.2;2;-0.8;-3;-0.1;-59;-0.2
172;F;-;0.0;-97.8;98.9;-61;-3.3;-1;-0.1;-2;-0.2;33;-0.0
173;N;-;0.2929936305732484;-95.9;-14.7;-2;-0.8;39;-0.3;-61;-0.2;2;-0.2
174;D;-;0.0;-77.5;136.4;37;-0.2;37;-0.2;1;-0.1;31;-0.1
175;A;-;0.0;-97.8;-10.0;35;-2.8;-22;-1.0;-2;-0.2;2;-0.3
176;Q;E;0.04040404040404041;-159.9;166.7;31;-0.3;31;-2.7;34;-0.2;2;-0.3
177;V;E;0.0;-161.5;139.6;-24;-2.6;-22;-1.2;-2;-0.3;2;-0.2
178;S;E;0.007692307692307693;-75.9;148.1;-16;-0.3;4;-2.0;-2;-0.3;-22;-0.2
179;R;H;0.1774193548387097;-60.8;-28.1;-24;-2.7;4;-2.4;1;-0.2;5;-0.2
180;E;H;0.13402061855670103;-66.8;-41.2;-25;-0.3;4;-2.4;1;-0.2;-1;-0.2
181;A;H;0.0;-66.3;-39.2;-21;-0.7;4;-2.4;2;-0.2;-1;-0.2
182;V;H;0.0;-62.0;-45.3;-4;-2.0;4;-2.6;2;-0.2;-2;-0.2
183;V;H;0.04929577464788732;-61.1;-43.5;-4;-2.4;4;-3.0;1;-0.2;-2;-0.2
184;K;H;0.3902439024390244;-60.4;-42.1;-4;-2.4;4;-2.7;2;-0.2;-1;-0.2
185;A;H;0.0;-59.8;-46.6;-4;-2.4;4;-2.5;2;-0.2;-2;-0.2
186;I;H;0.0;-62.1;-45.0;-4;-2.6;4;-2.7;2;-0.2;-2;-0.2
187;F;H;0.2233502538071066;-57.2;-46.3;-4;-3.0;4;-1.1;1;-0.2;-2;-0.2
188;D;H;0.3312883435582822;-63.7;-39.3;-4;-2.7;3;-0.4;1;-0.2;-2;-0.2
189;I;H;0.01775147928994083;-66.0;-44.2;-4;-2.5;3;-1.4;1;-0.2;-2;-0.2
190;L;H;0.03048780487804878;-62.5;-21.3;-4;-2.7;-188;-0.5;1;-0.3;-1;-0.2
191;H;T;0.31521739130434784;-115.9;11.7;-4;-1.1;-1;-0.3;-3;-0.4;-2;-0.2
192;A;-;0.2641509433962264;-64.8;132.1;-3;-1.4;3;-0.2;1;-0.1;-3;-0.1
193;A;S;1.0;-64.0;-39.7;1;-0.3;2;-0.5;-2;-0.2;-1;-0.1
194;D;-;0.588957055214724;-114.2;114.5;1;-0.1;-1;-0.3;-3;-0.0;-3;-0.1
195;E;-;0.23711340206185566;-93.9;-0.2;-2;-0.5;3;-2.3;1;-0.2;4;-0.1
196;T;G;0.6549295774647887;-57.5;-35.5;1;-0.3;3;-1.8;2;-0.2;-1;-0.2
197;P;G;0.5441176470588235;-71.9;-8.2;0;0.0;-1;-0.3;0;0.0;-2;-0.1
198;F;G;0.12690355329949238;-114.7;10.1;-3;-2.3;2;-0.6;-9;-0.1;3;-0.6
199;H;T;0.40217391304347827;-82.7;121.3;-3;-1.8;-52;-0.2;1;-0.2;3;-0.1
200;R;T;0.4475806451612903;47.3;52.2;-54;-1.0;2;-0.3;-2;-0.6;-1;-0.2
201;T;E;0.23943661971830985;-122.6;156.1;-55;-1.3;-53;-2.8;-3;-0.6;2;-0.5
202;S;E;0.03076923076923077;-114.5;111.8;-2;-0.3;-34;-0.4;-55;-0.2;2;-0.4
203;I;E;0.09467455621301775;-122.9;129.9;-55;-3.1;-53;-2.3;-2;-0.5;2;-0.2
204;G;E;0.0;-75.6;145.1;-38;-3.5;-38;-2.3;-2;-0.4;2;-0.5
205;V;E;0.0;-123.0;115.9;-55;-2.4;-53;-1.1;-40;-0.2;2;-0.3
206;G;E;0.0;-135.0;161.7;-42;-2.1;-42;-2.1;-2;-0.5;-29;-0.2
207;E;-;0.0979381443298969;-82.9;117.6;-31;-2.7;3;-1.2;-2;-0.3;-31;-0.3
208;P;T;0.41911764705882354;-56.3;139.0;0;0.0;-46;-0.1;0;0.0;-1;-0.0
209;G;T;0.6428571428571429;85.4;13.5;1;-0.1;2;-0.0;3;-0.0;-35;-0.0
210;T;-;0.014084507042253521;-109.1;49.6;-3;-1.2;-35;-2.8;-34;-0.1;2;-2.1
211;H;-;0.6358695652173914;-78.8;64.6;-37;-0.2;2;-0.2;-36;-0.1;-37;-0.2
212;Y;-;0.4864864864864865;-102.8;161.0;-2;-2.1;-96;-0.1;-39;-0.3;-2;-0.1
213;D;S;0.7055214723926381;-72.5;-21.1;-2;-0.2;-94;-0.3;1;-0.2;-1;-0.1
214;K;S;0.43902439024390244;-156.6;161.5;-95;-0.1;-1;-0.2;4;-0.0;-39;-0.2
215;P;-;0.0;-60.6;152.6;0;0.0;3;-1.1;0;0.0;-39;-0.1
216;S;T;0.6230769230769231;-76.8;-16.6;1;-0.2;-40;-0.0;-4;-0.0;-6;-0.0
217;F;T;0.41624365482233505;-102.6;16.6;0;0.0;-1;-0.2;0;0.0;-41;-0.0
218;H;-;0.6195652173913043;-105.8;360.0;-3;-1.1;-4;-0.0;0;0.0;0;0.0
