1;M;-;1.0;360.0;71.6;0;0.0;2;-0.6;0;0.0;0;0.0
2;F;-;1.0;-91.0;100.7;2;-0.0;2;-0.6;0;0.0;0;0.0
3;K;-;0.9365853658536586;-68.8;100.0;-2;-0.6;2;-0.5;2;-0.0;0;0.0
4;K;-;0.9463414634146341;-59.7;99.0;-2;-0.6;2;-0.7;2;-0.0;-2;-0.0
5;Y;-;0.9864864864864865;-84.0;95.5;-2;-0.5;2;-0.6;2;-0.0;-2;-0.0
6;D;-;0.852760736196319;-62.4;95.5;-2;-0.7;2;-0.6;2;-0.1;-2;-0.0
7;S;-;0.8307692307692308;-97.5;88.3;-2;-0.6;2;-0.7;2;-0.0;-2;-0.0
8;K;-;0.9024390243902439;-68.6;83.0;-2;-0.6;2;-0.2;2;-0.1;-2;-0.1
9;N;-;0.89171974522293;-117.3;81.2;-2;-0.7;2;-0.7;2;-0.1;-2;-0.0
10;S;-;0.8076923076923077;-79.5;84.2;-2;-0.2;2;-0.9;2;-0.0;-2;-0.1
11;I;-;0.863905325443787;-64.5;78.8;-2;-0.7;2;-0.6;2;-0.0;-2;-0.1
12;V;-;0.7464788732394366;-50.9;90.6;-2;-0.9;2;-0.9;2;-0.0;-2;-0.0
13;L;-;0.975609756097561;-55.5;79.2;-2;-0.6;2;-0.8;2;-0.0;-2;-0.0
14;K;-;0.8829268292682927;-70.0;84.1;-2;-0.9;2;-0.7;2;-0.0;-2;-0.0
15;S;-;0.8;-56.6;91.1;-2;-0.8;2;-0.7;2;-0.0;-2;-0.0
16;I;-;0.8994082840236687;-72.9;86.8;-2;-0.7;2;-0.7;2;-0.1;-2;-0.0
17;L;-;0.9207317073170732;-77.6;81.7;-2;-0.7;2;-0.7;2;-0.1;-2;-0.0
18;S;-;0.8153846153846154;-80.4;90.3;-2;-0.7;2;-0.6;2;-0.0;-2;-0.1
19;L;-;0.8902439024390244;-94.2;89.0;-2;-0.7;2;-0.4;2;-0.0;-2;-0.1
20;G;-;0.8928571428571429;-15.0;85.6;-2;-0.6;2;-0.6;2;-0.0;-2;-0.0
21;I;-;0.8579881656804734;-93.0;94.0;-2;-0.4;2;-0.7;2;-0.1;-2;-0.0
22;I;-;0.9230769230769231;-76.4;98.0;-2;-0.6;2;-0.3;2;-0.0;-2;-0.0
23;Y;-;0.954954954954955;-125.1;99.7;-2;-0.7;2;-0.3;0;0.0;-2;-0.1
24;S;-;0.8307692307692308;-37.3;109.1;-2;-0.3;-2;-0.0;1;-0.1;0;0.0
25;G;-;0.9047619047619048;123.0;117.0;-2;-0.3;-1;-0.1;0;0.0;0;0.0
26;S;-;0.8153846153846154;34.7;132.2;0;0.0;-2;-0.0;0;0.0;0;0.0
27;F;-;1.0;152.2;120.0;0;0.0;0;0.0;0;0.0;0;0.0
28;G;-;0.8690476190476191;138.2;106.0;0;0.0;2;-0.2;0;0.0;0;0.0
29;I;-;0.7100591715976331;-0.9;127.5;0;0.0;0;0.0;0;0.0;0;0.0
30;Y;-;0.8828828828828829;151.5;171.8;-2;-0.2;0;0.0;0;0.0;0;0.0
31;P;-;0.8088235294117647;-136.6;153.1;0;0.0;0;0.0;0;0.0;0;0.0
32;K;-;1.0;16.7;125.5;0;0.0;2;-0.2;0;0.0;0;0.0
33;A;-;1.0;-148.0;114.0;0;0.0;2;-0.2;0;0.0;0;0.0
34;D;-;1.0;-22.9;137.0;-2;-0.2;0;0.0;1;-0.0;0;0.0
35;A;-;0.8773584905660378;123.2;130.1;-2;-0.2;-1;-0.0;0;0.0;0;0.0
36;S;-;0.8461538461538461;109.7;125.5;0;0.0;-2;-0.0;0;0.0;0;0.0
37;T;-;0.9084507042253521;159.4;110.7;0;0.0;2;-0.1;0;0.0;0;0.0
38;Q;-;0.9040404040404041;-1.7;113.1;2;-0.0;0;0.0;0;0.0;0;0.0
39;N;-;1.0;178.4;89.9;-2;-0.1;2;-0.5;0;0.0;0;0.0
40;S;-;1.0;-72.5;97.7;3;-0.0;2;-0.2;0;0.0;3;-0.1
41;S;-;0.8615384615384616;-131.6;107.2;-2;-0.5;0;0.0;1;-0.1;0;0.0
42;S;-;0.8615384615384616;163.9;90.8;-2;-0.2;2;-0.4;0;0.0;-1;-0.1
43;V;-;0.8732394366197183;-12.0;86.9;-3;-0.1;2;-0.2;2;-0.0;-3;-0.0
44;Q;-;0.9292929292929293;-122.5;77.8;-2;-0.4;2;-0.8;2;-0.1;0;0.0
45;D;-;0.8834355828220859;-16.0;70.6;-2;-0.2;2;-0.6;2;-0.0;-2;-0.0
46;K;-;0.9317073170731708;-83.5;67.3;-2;-0.8;2;-0.9;2;-0.0;-2;-0.1
47;Q;-;0.9191919191919192;-18.9;69.4;-2;-0.6;2;-0.9;3;-0.0;-2;-0.0
48;L;-;1.0;-38.7;72.3;-2;-0.9;2;-0.8;3;-0.0;-2;-0.0
49;Q;-;0.8686868686868687;-23.6;75.6;-2;-0.9;2;-0.9;3;-0.0;-3;-0.0
50;K;-;0.9317073170731708;-30.7;74.3;-2;-0.8;2;-1.2;3;-0.0;-3;-0.0
51;V;-;0.8732394366197183;-35.7;74.7;-2;-0.9;2;-0.8;3;-0.0;-3;-0.0
52;E;-;0.8402061855670103;-28.8;79.1;-2;-1.2;2;-0.6;3;-0.0;-3;-0.0
53;E;-;0.8298969072164949;-21.7;74.3;-2;-0.8;3;-0.1;0;0.0;-3;-0.0
54;V;-;0.9225352112676056;-40.6;106.7;-2;-0.6;-3;-0.0;1;-0.1;0;0.0
55;P;-;0.5220588235294118;-52.7;97.9;0;0.0;3;-1.1;0;0.0;4;-0.7
56;N;H;0.5477707006369427;-4.0;-12.3;1;-0.2;4;-1.3;2;-0.2;5;-0.1
57;N;H;0.8343949044585988;-94.2;-22.3;1;-0.2;4;-1.5;2;-0.2;-1;-0.2
58;S;H;0.5230769230769231;-82.6;-35.5;-3;-1.1;4;-1.6;2;-0.2;-1;-0.2
59;E;H;0.30412371134020616;-72.9;-48.6;-4;-0.7;4;-2.7;2;-0.2;-1;-0.2
60;K;H;0.5365853658536586;-53.8;-42.0;-4;-1.3;4;-2.6;1;-0.2;-1;-0.2
61;A;H;0.5283018867924528;-60.8;-40.0;-4;-1.5;4;-2.4;1;-0.2;-1;-0.2
62;L;H;0.5121951219512195;-66.6;-43.8;-4;-1.6;4;-2.3;2;-0.2;-2;-0.2
63;V;H;0.035211267605633804;-56.8;-47.7;-4;-2.7;4;-2.9;84;-0.2;-2;-0.2
64;K;H;0.6341463414634146;-59.1;-44.8;-4;-2.6;4;-3.1;1;-0.2;5;-0.3
65;K;H;0.5365853658536586;-56.2;-45.8;-4;-2.4;4;-1.9;2;-0.2;-1;-0.2
66;L;H;0.042682926829268296;-67.9;-42.3;-4;-2.3;4;-2.7;2;-0.2;-2;-0.2
67;Y;H;0.4009009009009009;-59.5;-49.4;-4;-2.9;4;-1.9;1;-0.2;-2;-0.2
68;D;H;0.4171779141104294;-59.0;-40.2;-4;-3.1;4;-0.3;1;-0.2;-2;-0.2
69;R;H;0.3387096774193548;-66.8;-50.4;-4;-1.9;3;-0.7;-5;-0.3;-1;-0.2
70;Y;H;0.02252252252252252;-94.2;-3.3;-4;-2.7;-1;-0.2;1;-0.2;-2;-0.2
71;S;T;0.3;-87.1;-3.7;-4;-1.9;2;-0.3;-5;-0.2;-1;-0.2
72;K;-;0.6097560975609756;-75.3;133.3;-3;-0.7;64;-0.1;-4;-0.3;-3;-0.0
73;D;S;0.5276073619631901;-87.1;15.1;-2;-0.3;7;-2.6;7;-0.1;2;-0.3
74;T;E;0.4859154929577465;-136.4;154.6;5;-0.2;2;-0.3;6;-0.0;5;-0.2
75;I;E;0.15384615384615385;-162.9;130.5;3;-2.4;3;-2.8;-2;-0.3;54;-0.0
76;N;T;0.5859872611464968;44.4;46.2;1;-0.3;3;-0.1;-2;-0.3;53;-0.0
77;G;T;1.0;83.5;-3.0;1;-0.3;2;-0.3;0;0.0;-1;-0.3
78;K;E;0.21951219512195122;-97.3;145.4;-3;-2.8;-3;-2.4;2;-0.0;2;-0.3
79;S;E;0.35384615384615387;-136.1;147.9;-2;-0.3;2;-1.3;-5;-0.2;-5;-0.2
80;N;-;0.21019108280254778;-63.5;93.6;-7;-2.6;2;-0.5;-2;-0.3;3;-0.4
81;K;-;0.7024390243902439;-96.4;130.7;-2;-1.3;3;-1.3;1;-0.2;4;-0.1
82;S;T;0.6692307692307692;65.2;18.7;-2;-0.5;-1;-0.2;1;-0.3;-2;-0.0
83;R;T;0.7258064516129032;68.8;37.7;-3;-0.4;3;-0.9;1;-0.1;-1;-0.3
84;N;T;0.10191082802547771;-78.4;-19.9;-3;-1.3;35;-3.2;1;-0.3;-1;-0.1
85;W;T;0.06167400881057269;-92.2;7.9;33;-0.2;2;-0.3;2;-0.1;-1;-0.3
86;V;S;0.11971830985915492;-127.5;175.5;-3;-0.9;33;-0.3;33;-0.1;51;-0.1
87;Y;-;0.42342342342342343;-60.3;128.7;-2;-0.3;2;-0.3;50;-0.2;31;-0.1
88;S;-;0.15384615384615385;-148.6;144.0;29;-0.3;-5;-0.0;-4;-0.1;-4;-0.0
89;E;-;0.6030927835051546;-111.4;18.7;-2;-0.3;3;-0.1;2;-0.0;-2;-0.1
90;R;P;0.2540322580645161;-71.9;151.6;1;-0.1;-2;-0.1;0;0.0;2;-0.0
91;P;P;0.8529411764705882;-62.6;150.1;0;0.0;2;-0.3;0;0.0;-1;-0.1
92;L;P;0.4695121951219512;-83.0;137.2;-3;-0.1;2;-0.2;4;-0.1;6;-0.0
93;N;P;0.6305732484076433;-77.6;161.4;-2;-0.3;3;-1.8;1;-0.1;-1;-0.1
94;E;T;0.9432989690721649;-57.1;-33.1;1;-0.3;-1;-0.1;-2;-0.2;-2;-0.0
95;N;T;0.5859872611464968;-96.6;20.5;26;-0.0;27;-3.3;2;-0.0;2;-0.3
96;Q;E;0.07575757575757576;-120.5;153.6;-3;-1.8;2;-0.4;25;-0.3;25;-0.2
97;V;E;0.09154929577464789;-128.5;140.6;23;-3.2;23;-2.9;-2;-0.3;2;-0.6
98;R;E;0.23790322580645162;-97.4;123.7;-2;-0.4;2;-0.6;21;-0.2;21;-0.2
99;I;E;0.005917159763313609;-105.0;124.2;19;-3.2;19;-2.2;-2;-0.6;2;-0.4
100;H;E;0.4673913043478261;-89.4;130.3;-2;-0.6;89;-3.0;87;-0.5;2;-0.6
101;L;E;0.018292682926829267;-99.0;119.4;15;-2.1;15;-1.1;-2;-0.4;2;-0.5
102;E;E;0.4845360824742268;-128.9;122.8;87;-4.0;89;-1.7;-2;-0.6;2;-0.3
103;G;E;0.20238095238095238;166.2;-166.3;11;-0.5;2;-0.3;-2;-0.5;89;-0.2
104;T;E;0.28169014084507044;-126.8;146.3;87;-1.7;89;-3.0;-2;-0.3;2;-0.4
105;Y;E;0.009009009009009009;-107.9;130.3;7;-2.8;7;-3.2;-2;-0.3;2;-0.6
106;T;E;0.2605633802816901;-106.4;119.0;87;-2.6;89;-2.9;-2;-0.4;2;-0.5
107;V;E;0.38028169014084506;-123.6;121.7;3;-3.1;3;-2.6;-2;-0.6;89;-0.1
108;A;T;0.6792452830188679;48.0;35.4;87;-0.6;-1;-0.1;-2;-0.5;3;-0.1
109;G;T;0.8095238095238095;90.8;-0.5;1;-0.3;2;-0.4;0;0.0;-1;-0.3
110;R;E;0.8266129032258065;-105.5;137.8;-3;-2.6;-3;-3.1;2;-0.0;2;-0.5
111;V;E;0.6971830985915493;-100.7;129.5;-2;-0.4;2;-0.4;-5;-0.2;-5;-0.2
112;Y;E;0.46396396396396394;-120.8;138.3;-7;-3.2;-7;-2.8;-2;-0.5;-2;-0.0
113;T;-;0.647887323943662;-117.7;93.7;-2;-0.4;2;-0.2;-9;-0.2;-9;-0.2
114;P;-;0.022058823529411766;-78.6;125.5;0;0.0;2;-0.7;0;0.0;-11;-0.5
115;K;-;0.8731707317073171;-81.5;121.8;-2;-0.2;2;-0.3;-13;-0.1;-13;-0.1
116;R;E;0.2782258064516129;-155.2;162.7;-15;-1.1;-15;-2.1;-2;-0.7;2;-0.3
117;N;E;0.03821656050955414;-153.9;150.6;-2;-0.3;2;-0.4;-17;-0.2;-29;-0.3
118;I;E;0.0;-117.1;155.6;-19;-2.2;-19;-3.2;-2;-0.3;2;-0.5
119;T;E;0.0;-116.7;132.1;-35;-3.2;2;-0.3;-2;-0.4;-21;-0.2
120;L;E;0.054878048780487805;-131.6;153.4;-23;-2.9;-23;-3.2;-2;-0.5;2;-0.2
121;N;E;0.45222929936305734;-69.2;146.0;-2;-0.3;2;-0.9;-25;-0.2;-25;-0.3
122;K;S;0.4097560975609756;-69.5;110.5;-27;-3.3;2;-0.3;-2;-0.2;-1;-0.1
123;E;S;0.3556701030927835;-167.2;168.2;-2;-0.9;60;-2.8;58;-0.1;2;-0.5
124;V;E;0.5915492957746479;-87.1;124.2;-2;-0.3;2;-0.3;58;-0.2;58;-0.2
125;V;E;0.035211267605633804;-124.2;163.4;56;-3.3;56;-3.6;-2;-0.5;2;-0.2
126;T;E;0.19014084507042253;-86.6;160.3;-2;-0.3;4;-2.5;54;-0.2;54;-0.2
127;L;H;0.0;-63.2;-31.9;52;-2.0;4;-3.1;49;-0.4;5;-0.2
128;K;H;0.32195121951219513;-59.1;-50.1;49;-1.6;4;-2.4;2;-0.2;-1;-0.2
129;E;H;0.10824742268041238;-61.9;-45.6;48;-0.3;4;-2.3;2;-0.2;-2;-0.2
130;L;H;0.0;-65.3;-42.4;-4;-2.5;4;-2.6;2;-0.2;5;-0.2
131;D;H;0.018404907975460124;-54.9;-47.9;-4;-3.1;4;-2.8;1;-0.2;5;-0.3
132;H;H;0.03804347826086957;-59.9;-47.9;-4;-2.4;4;-2.9;1;-0.2;-2;-0.2
133;I;H;0.03550295857988166;-63.5;-45.8;-4;-2.3;4;-2.1;2;-0.2;-1;-0.2
134;I;H;0.0;-64.4;-43.1;-4;-2.6;4;-1.9;2;-0.2;-1;-0.2
135;R;H;0.008064516129032258;-73.1;-33.3;-4;-2.8;4;-2.1;1;-0.2;-1;-0.2
136;F;H;0.15228426395939088;-54.3;-45.8;-4;-2.9;4;-1.2;-5;-0.3;-1;-0.2
137;A;H;0.0;-61.7;-39.4;-4;-2.1;3;-0.3;1;-0.2;4;-0.3
138;H;H;0.005434782608695652;-72.5;-27.7;-4;-1.9;5;-2.2;1;-0.2;3;-1.2
139;I;H;0.10650887573964497;-61.5;-41.4;-4;-2.1;3;-2.5;1;-0.3;-1;-0.2
140;S;T;0.5230769230769231;-58.2;-6.9;-4;-1.2;-1;-0.3;-3;-0.3;-2;-0.2
141;Y;T;0.1036036036036036;-117.0;5.6;-3;-1.2;-1;-0.3;-4;-0.3;-2;-0.2
142;G;T;0.16666666666666666;110.4;-3.1;-3;-2.5;3;-1.7;1;-0.3;4;-0.3
143;L;T;0.006097560975609756;-56.2;125.1;-5;-2.2;-1;-0.3;1;-0.2;6;-0.1
144;Y;T;0.04954954954954955;76.2;14.6;-2;-0.2;-1;-0.2;4;-0.2;-77;-0.1
145;M;-;0.6648936170212766;-88.1;-3.1;-3;-1.7;-2;-0.1;51;-0.1;-1;-0.1
146;G;S;0.2261904761904762;-103.6;-174.0;-4;-0.3;51;-0.1;2;-0.3;52;-0.1
147;E;S;0.3865979381443299;-92.0;-10.6;2;-0.1;2;-0.3;49;-0.1;-84;-0.2
148;H;S;0.2554347826086957;-118.2;152.7;48;-0.1;48;-0.5;-85;-0.1;-2;-0.3
149;L;-;0.17682926829268292;-62.5;133.2;-2;-0.3;20;-0.1;1;-0.1;-2;-0.1
150;P;-;0.03676470588235294;-63.8;152.0;0;0.0;2;-0.4;0;0.0;45;-0.2
151;K;B;0.7463414634146341;-109.4;143.5;43;-1.9;43;-2.3;17;-0.1;2;-0.2
152;G;S;0.32142857142857145;117.2;178.2;-2;-0.4;16;-2.0;41;-0.2;17;-0.4
153;N;E;0.47770700636942676;-121.2;146.1;39;-0.5;39;-1.2;14;-0.2;2;-0.5
154;I;E;0.0;-102.5;125.9;12;-3.0;12;-3.6;-2;-0.4;2;-0.5
155;V;E;0.19014084507042253;-117.6;124.4;35;-3.6;35;-2.8;-2;-0.5;2;-0.7
156;I;E;0.0;-93.4;114.4;8;-3.1;8;-1.9;-2;-0.5;2;-0.4
157;N;E;0.2484076433121019;-97.7;130.7;31;-2.9;30;-3.2;-2;-0.7;31;-1.2
158;T;E;0.08450704225352113;-96.7;160.5;4;-2.9;3;-1.5;-2;-0.4;28;-0.2
159;K;T;0.6195121951219512;-66.7;-23.6;26;-3.0;27;-0.1;1;-0.3;-1;-0.1
160;N;T;0.8789808917197452;-92.6;6.0;25;-0.3;-1;-0.3;1;-0.0;26;-0.1
161;G;S;0.8333333333333334;98.9;-1.9;-3;-1.5;-2;-0.1;1;-0.3;-1;-0.0
162;G;-;0.34523809523809523;-75.3;164.4;-5;-0.0;-4;-2.9;2;-0.0;2;-0.3
163;K;E;0.7365853658536585;-146.8;147.1;-6;-0.2;2;-0.4;2;-0.0;-6;-0.2
164;Y;E;0.26126126126126126;-121.4;125.5;-8;-1.9;-8;-3.1;-2;-0.3;2;-0.5
165;T;E;0.30985915492957744;-106.0;126.4;-2;-0.4;2;-0.5;-10;-0.2;-10;-0.2
166;L;E;0.012195121951219513;-108.6;122.6;-12;-3.6;-12;-3.0;-2;-0.5;2;-0.6
167;E;E;0.25257731958762886;-81.9;122.3;-2;-0.5;3;-1.4;-14;-0.2;-14;-0.2
168;S;T;0.0;-70.6;-18.1;-16;-2.0;-1;-0.1;-2;-0.6;-15;-0.1
169;H;T;0.41304347826086957;-96.1;0.2;-17;-0.4;2;-0.3;-20;-0.1;-1;-0.3
170;K;S;0.375609756097561;-150.6;172.0;-3;-1.4;3;-0.1;-104;-0.0;2;-0.1
171;E;P;0.25257731958762886;-75.4;160.3;-2;-0.3;-4;-0.1;1;-0.1;3;-0.1
172;L;P;0.07317073170731707;-61.5;136.2;1;-0.1;-1;-0.1;-44;-0.1;2;-0.1
173;Q;P;0.30808080808080807;-64.5;136.3;1;-0.1;3;-2.3;-3;-0.1;4;-0.5
174;K;G;0.8682926829268293;-58.0;-34.6;1;-0.3;3;-1.1;2;-0.2;4;-0.4
175;N;G;0.8726114649681529;-73.4;-8.3;1;-0.3;-1;-0.3;2;-0.1;3;-0.1
176;R;G;0.2217741935483871;-107.2;-6.9;-3;-2.3;3;-1.7;1;-0.1;-49;-0.4
177;E;T;0.19072164948453607;-65.9;-26.3;-3;-1.1;-49;-1.6;-4;-0.5;-48;-0.3
178;N;T;0.8343949044585988;-104.3;9.2;-4;-0.4;-1;-0.3;-52;-0.2;2;-0.3
179;V;-;0.36619718309859156;-62.9;128.6;-3;-1.7;-52;-2.0;1;-0.1;2;-0.4
180;E;E;0.7525773195876289;-94.7;136.2;-2;-0.3;2;-0.4;-54;-0.2;-54;-0.2
181;I;E;0.03550295857988166;-136.9;128.9;-56;-3.6;-56;-3.3;-2;-0.4;2;-0.6
182;N;E;0.39490445859872614;-79.9;122.3;-2;-0.4;3;-2.3;-58;-0.2;4;-0.3
183;T;G;0.007042253521126761;-60.2;-28.1;-60;-2.8;3;-1.3;-2;-0.6;-1;-0.1
184;D;G;0.3619631901840491;-72.4;-14.9;-61;-0.3;-1;-0.3;1;-0.3;-62;-0.1
185;D;G;0.5030674846625767;-89.0;-2.3;-3;-2.3;-26;-3.0;-27;-0.1;2;-0.4
186;I;E;0.05917159763313609;-83.8;128.5;-3;-1.3;-28;-0.3;-4;-0.3;3;-0.1
187;K;E;0.6682926829268293;-86.0;-57.2;-30;-3.2;-87;-0.5;-2;-0.4;2;-0.3
188;N;E;0.12738853503184713;-164.5;169.6;-31;-1.2;-31;-2.9;-89;-0.1;2;-0.4
189;V;E;0.0;-114.8;129.1;-89;-3.0;-87;-4.0;-2;-0.3;2;-0.3
190;T;E;0.30985915492957744;-117.2;153.2;-35;-2.8;-35;-3.6;-2;-0.4;2;-0.3
191;F;E;0.04568527918781726;-156.9;149.6;-89;-1.7;-87;-1.7;-2;-0.3;2;-0.3
192;E;E;0.7577319587628866;-132.7;99.7;-39;-1.2;-39;-0.5;-2;-0.3;2;-0.4
193;L;E;0.006097560975609756;-118.3;139.3;-89;-3.0;-87;-2.6;-2;-0.3;2;-0.6
194;V;E;0.45774647887323944;-108.4;116.1;-43;-2.3;-43;-1.9;-2;-0.4;2;-0.3
195;K;E;0.1951219512195122;-86.1;136.4;-89;-2.9;-87;-0.6;-2;-0.6;2;-0.5
196;S;-;0.27692307692307694;-77.2;109.5;-48;-0.5;2;-0.4;-2;-0.3;-48;-0.1
197;V;-;0.2887323943661972;-64.1;116.5;-2;-0.5;2;-0.2;-51;-0.1;-50;-0.1
198;N;-;0.45222929936305734;-41.2;103.7;-2;-0.4;2;-1.2;1;-0.1;-52;-0.0
199;D;-;0.7852760736196319;-14.8;51.6;-2;-0.2;2;-1.3;-3;-0.0;-1;-0.1
200;I;-;0.7869822485207101;-36.4;74.8;-2;-1.2;2;-0.9;-3;-0.0;-3;-0.0
201;E;-;0.8505154639175257;-32.6;84.6;-2;-1.3;2;-0.6;2;-0.0;-3;-0.0
202;Q;-;0.9747474747474747;-21.9;70.2;-2;-0.9;-3;-0.0;0;0.0;0;0.0
203;V;-;1.0;-60.1;360.0;-2;-0.6;-3;-0.0;0;0.0;-2;-0.0
