1;M;-;0.4574468085106383;360.0;143.7;0;0.0;2;-0.1;0;0.0;96;-0.1
2;K;-;0.7219512195121951;-78.0;134.2;1;-0.1;93;-1.6;92;-0.1;2;-0.3
3;R;B;0.2217741935483871;-72.6;139.7;91;-0.2;91;-0.2;-2;-0.1;-1;-0.1
4;L;S;0.6402439024390244;-92.5;-12.9;89;-2.0;2;-0.3;-2;-0.3;90;-0.1
5;E;S;0.35051546391752575;-146.3;151.0;88;-0.7;-1;-0.1;4;-0.0;2;-0.1
6;T;-;0.5915492957746479;-76.9;158.2;-2;-0.3;4;-1.9;1;-0.1;5;-0.2
7;L;H;0.18292682926829268;-59.1;-40.7;1;-0.2;4;-2.7;2;-0.2;5;-0.2
8;E;H;0.5463917525773195;-60.1;-48.1;1;-0.2;4;-2.1;2;-0.2;-1;-0.2
9;S;H;0.38461538461538464;-60.7;-40.7;2;-0.2;4;-1.8;1;-0.2;-1;-0.2
10;I;H;0.005917159763313609;-64.2;-43.3;-4;-1.9;4;-2.5;1;-0.2;-2;-0.2
11;L;H;0.07926829268292683;-67.1;-36.3;-4;-2.7;4;-2.4;1;-0.2;-1;-0.2
12;E;H;0.4381443298969072;-62.0;-42.6;-4;-2.1;4;-1.7;2;-0.2;-1;-0.2
13;R;H;0.3064516129032258;-67.5;-39.6;-4;-1.8;4;-2.4;1;-0.2;-2;-0.2
14;L;H;0.0;-61.1;-44.7;-4;-2.5;4;-2.8;1;-0.2;-2;-0.2
15;R;H;0.39919354838709675;-60.8;-40.3;-4;-2.4;4;-2.3;1;-0.2;-1;-0.2
16;M;H;0.6595744680851063;-64.1;-40.9;-4;-1.7;4;-2.4;2;-0.2;-1;-0.2
17;S;H;0.1;-66.8;-40.5;-4;-2.4;4;-1.6;2;-0.2;-2;-0.2
18;I;H;0.023668639053254437;-63.8;-46.1;-4;-2.8;5;-2.1;2;-0.2;4;-0.5
19;K;H;0.8878048780487805;-60.3;-44.6;-4;-2.3;3;-1.2;1;-0.2;-2;-0.2
20;K;H;0.8878048780487805;-61.0;-31.4;-4;-2.4;-1;-0.2;1;-0.3;-2;-0.2
21;N;T;0.46496815286624205;-97.8;1.7;-4;-1.6;-1;-0.3;-5;-0.1;-2;-0.2
22;G;T;0.8095238095238095;58.9;34.2;-3;-1.2;2;-0.2;-4;-0.5;-3;-0.2
23;L;-;0.3597560975609756;-89.2;148.3;-5;-2.1;-1;-0.2;-6;-0.1;3;-0.2
24;K;S;0.8439024390243902;-92.3;172.5;-2;-0.2;-1;-0.1;1;-0.2;0;0.0
25;N;-;0.5732484076433121;65.4;52.4;-2;-0.1;4;-1.6;1;-0.1;3;-0.3
26;S;H;0.3923076923076923;-67.8;-26.0;1;-0.2;4;-2.1;2;-0.2;5;-0.2
27;K;H;0.7463414634146341;-76.7;-41.5;1;-0.2;4;-2.1;2;-0.2;-1;-0.2
28;Q;H;0.16666666666666666;-64.3;-36.6;-3;-0.3;4;-2.4;2;-0.2;-1;-0.2
29;R;H;0.08870967741935484;-65.1;-41.4;-4;-1.6;4;-2.3;1;-0.2;-2;-0.2
30;E;H;0.19072164948453607;-64.9;-35.2;-4;-2.1;4;-2.6;1;-0.2;-1;-0.2
31;E;H;0.22164948453608246;-66.3;-41.5;-4;-2.1;4;-2.7;2;-0.2;-1;-0.2
32;V;H;0.0;-61.9;-44.2;-4;-2.4;4;-2.3;2;-0.2;5;-0.2
33;V;H;0.0;-64.0;-39.7;-4;-2.3;4;-3.0;1;-0.2;-2;-0.2
34;S;H;0.11538461538461539;-66.2;-43.2;-4;-2.6;4;-2.6;2;-0.2;-1;-0.2
35;V;H;0.15492957746478872;-59.7;-44.8;-4;-2.7;4;-2.0;1;-0.2;-1;-0.2
36;L;H;0.006097560975609756;-68.3;-42.1;-4;-2.3;4;-1.2;2;-0.2;55;-0.4
37;Y;H;0.20270270270270271;-61.2;-40.3;-4;-3.0;3;-0.3;1;-0.2;-2;-0.2
38;R;H;0.6612903225806451;-80.6;-30.1;-4;-2.6;-1;-0.2;1;-0.2;-2;-0.2
39;S;H;0.3230769230769231;-63.1;-36.4;-4;-2.0;-1;-0.2;-5;-0.2;-2;-0.2
40;G;-;0.32142857142857145;72.0;3.6;-4;-1.2;2;-0.2;-3;-0.3;-3;-0.1
41;T;S;0.3732394366197183;-143.0;-177.6;-5;-0.3;2;-0.5;48;-0.1;-1;-0.2
42;H;-;0.010869565217391304;-82.7;122.5;-2;-0.2;2;-0.4;48;-0.1;48;-0.2
43;L;B;0.13414634146341464;-113.6;144.6;46;-2.9;46;-3.3;-2;-0.5;-7;-0.0
44;S;-;0.07692307692307693;-76.4;159.8;-2;-0.4;4;-2.5;44;-0.2;5;-0.2
45;P;H;0.03676470588235294;-55.5;-34.1;0;0.0;4;-2.6;0;0.0;5;-0.2
46;E;H;0.5360824742268041;-67.2;-42.6;2;-0.2;4;-2.8;1;-0.2;5;-0.2
47;E;H;0.422680412371134;-65.0;-39.0;2;-0.2;4;-2.3;1;-0.2;-1;-0.2
48;I;H;0.0;-65.7;-47.3;-4;-2.5;4;-2.3;2;-0.2;5;-0.2
49;T;H;0.028169014084507043;-57.6;-48.6;-4;-2.6;4;-2.3;1;-0.2;-2;-0.2
50;H;H;0.6793478260869565;-58.1;-42.9;-4;-2.8;4;-0.7;1;-0.2;-1;-0.2
51;S;H;0.3384615384615385;-63.8;-41.0;-4;-2.3;3;-0.7;1;-0.2;4;-0.4
52;I;H;0.03550295857988166;-73.3;-34.2;-4;-2.3;4;-2.8;1;-0.2;3;-1.8
53;R;H;0.47580645161290325;-65.5;-21.7;-4;-2.3;-1;-0.2;1;-0.3;-2;-0.2
54;Q;T;0.7171717171717171;-63.5;-22.9;-4;-0.7;-1;-0.3;-3;-0.7;-2;-0.2
55;K;T;0.8097560975609757;-115.2;-31.2;-3;-1.8;2;-0.4;-4;-0.4;-2;-0.2
56;D;-;0.2331288343558282;-130.9;98.8;-4;-2.8;3;-1.6;1;-0.1;-1;-0.2
57;K;T;0.8878048780487805;-71.8;-14.2;-2;-0.4;-4;-0.1;1;-0.3;-1;-0.1
58;N;T;0.9363057324840764;-92.3;1.0;2;-0.1;2;-0.3;-5;-0.0;-1;-0.3
59;T;-;0.02112676056338028;-70.1;124.6;-3;-1.6;2;-0.3;-10;-0.1;-6;-0.1
60;S;-;0.3230769230769231;-100.6;152.5;-2;-0.3;4;-1.7;1;-0.1;5;-0.1
61;I;H;0.3076923076923077;-62.5;-36.1;-2;-0.3;4;-2.2;1;-0.2;5;-0.1
62;S;H;0.6153846153846154;-59.8;-43.8;2;-0.2;4;-1.9;1;-0.2;-1;-0.2
63;S;H;0.13076923076923078;-63.3;-39.5;2;-0.2;4;-2.4;1;-0.2;-1;-0.2
64;V;H;0.0;-64.4;-41.2;-4;-1.7;4;-2.9;1;-0.2;5;-0.2
65;Y;H;0.46846846846846846;-60.2;-45.8;-4;-2.2;4;-2.3;2;-0.2;-1;-0.2
66;R;H;0.6088709677419355;-61.5;-39.5;-4;-1.9;4;-1.9;1;-0.2;-2;-0.2
67;I;H;0.04142011834319527;-68.8;-45.1;-4;-2.4;4;-2.9;2;-0.2;5;-0.2
68;L;H;0.0;-59.5;-41.3;-4;-2.9;4;-2.7;1;-0.2;5;-0.2
69;N;H;0.643312101910828;-59.5;-46.3;-4;-2.3;4;-2.3;-5;-0.2;-1;-0.2
70;F;H;0.1116751269035533;-62.4;-50.3;-4;-1.9;4;-2.2;2;-0.2;-2;-0.2
71;L;H;0.0;-61.0;-40.9;-4;-2.9;5;-2.9;1;-0.2;6;-1.0
72;E;H;0.25773195876288657;-61.6;-45.8;-4;-2.7;3;-1.6;-5;-0.2;-1;-0.2
73;K;H;0.7707317073170732;-61.5;-32.4;-4;-2.3;-2;-0.2;1;-0.3;-1;-0.2
74;E;T;0.31958762886597936;-96.8;6.0;-4;-2.2;-1;-0.3;-5;-0.2;-2;-0.2
75;N;T;0.8089171974522293;69.5;25.7;-3;-1.6;-3;-0.2;2;-0.2;-2;-0.1
76;F;S;0.04060913705583756;-81.1;-22.9;-5;-2.9;16;-2.2;-6;-0.2;17;-0.5
77;I;E;0.023668639053254437;-137.2;162.8;-6;-1.0;2;-0.3;14;-0.3;14;-0.2
78;C;E;0.4;-120.3;152.5;12;-2.9;12;-2.2;-2;-0.3;2;-0.4
79;V;E;0.31690140845070425;-113.0;134.8;-2;-0.3;2;-0.6;10;-0.2;10;-0.2
80;L;E;0.018292682926829267;-108.4;113.5;8;-3.6;8;-2.4;-2;-0.4;2;-0.7
81;E;E;0.6597938144329897;-84.5;112.8;-2;-0.6;2;-0.3;6;-0.2;6;-0.2
82;T;-;0.09859154929577464;-103.1;144.2;4;-1.3;4;-0.4;-2;-0.7;21;-0.0
83;S;S;0.6076923076923076;-59.7;-30.8;-2;-0.3;-1;-0.1;2;-0.1;4;-0.1
84;K;S;0.7121951219512195;-120.2;-28.8;2;-0.1;-1;-0.1;1;-0.1;19;-0.1
85;S;S;0.3230769230769231;-105.4;15.7;1;-0.3;2;-0.1;21;-0.0;-2;-0.1
86;G;-;0.47619047619047616;67.9;-168.3;-4;-0.4;-4;-1.3;-42;-0.1;-1;-0.3
87;R;E;0.3629032258064516;-75.4;131.6;-6;-0.2;2;-0.4;-2;-0.1;-6;-0.2
88;R;E;0.12903225806451613;-119.9;145.1;-8;-2.4;-8;-3.6;-2;-0.2;2;-0.4
89;Y;E;0.02252252252252252;-120.9;145.4;-46;-3.3;-46;-2.9;-2;-0.4;2;-0.3
90;E;E;0.07731958762886598;-138.9;164.4;-12;-2.2;-12;-2.9;-2;-0.4;2;-0.1
91;I;E;0.023668639053254437;-67.3;137.9;-55;-0.4;-14;-0.3;-2;-0.3;-15;-0.1
92;A;S;0.29245283018867924;-73.1;-28.3;-16;-2.2;2;-3.0;1;-0.2;-15;-0.2
93;A;S;0.0660377358490566;-77.5;56.2;-17;-0.5;-89;-2.0;-90;-0.0;-88;-0.7
94;K;B;0.08292682926829269;-130.2;147.7;-2;-3.0;-91;-0.2;-91;-0.2;3;-0.1
95;E;-;0.4587628865979381;-57.3;154.7;-93;-1.6;-91;-0.0;-2;-0.3;-92;-0.0
96;H;-;0.5054347826086957;-55.0;139.6;16;-0.0;2;-0.3;-95;-0.0;-1;-0.1
97;H;-;0.09782608695652174;-157.9;158.4;-3;-0.1;15;-0.2;15;-0.1;2;-0.2
98;D;E;0.006134969325153374;-109.2;171.9;13;-3.9;13;-2.1;-2;-0.3;2;-0.4
99;H;E;0.059782608695652176;-130.1;133.7;37;-2.1;39;-2.7;-2;-0.2;2;-0.5
100;I;E;0.25443786982248523;-102.4;126.4;9;-2.5;9;-2.9;-2;-0.4;2;-0.5
101;I;E;0.01775147928994083;-124.9;123.2;37;-4.3;39;-2.8;-2;-0.5;2;-0.5
102;C;E;0.02962962962962963;-76.7;127.8;5;-2.7;4;-1.2;-2;-0.5;39;-0.2
103;L;T;0.2804878048780488;-79.7;-12.6;37;-3.0;38;-0.2;-2;-0.5;-1;-0.1
104;H;T;0.5652173913043478;-95.1;-52.5;36;-0.5;-1;-0.1;3;-0.1;37;-0.1
105;C;T;0.5333333333333333;-106.9;-13.8;2;-0.1;-2;-0.2;-20;-0.0;36;-0.1
106;G;-;0.16666666666666666;89.0;4.8;-4;-1.2;-3;-0.1;1;-0.2;-21;-0.0
107;K;-;0.4634146341463415;-55.6;135.6;-6;-0.1;-5;-2.7;1;-0.1;2;-0.5
108;I;E;0.15384615384615385;-116.2;121.9;-7;-0.2;2;-0.5;-66;-0.1;-7;-0.2
109;I;E;0.4260355029585799;-108.9;122.4;-9;-2.9;-9;-2.5;-2;-0.5;2;-0.4
110;E;E;0.23711340206185566;-89.7;136.6;-2;-0.5;2;-0.3;-11;-0.2;-11;-0.2
111;F;E;0.20304568527918782;-147.7;155.7;-13;-2.1;-13;-3.9;-2;-0.4;2;-0.4
112;A;-;0.5943396226415094;-132.1;118.2;-2;-0.3;-15;-0.1;-15;-0.2;-2;-0.0
113;D;-;0.34355828220858897;-121.0;109.0;-2;-0.4;4;-2.5;1;-0.1;3;-0.2
114;P;H;0.6911764705882353;-58.5;-33.6;0;0.0;4;-2.7;0;0.0;5;-0.2
115;E;H;0.7938144329896907;-65.1;-46.3;2;-0.2;4;-2.2;1;-0.2;5;-0.2
116;I;H;0.28402366863905326;-63.2;-40.5;-3;-0.2;4;-2.1;2;-0.2;-1;-0.2
117;E;H;0.15979381443298968;-62.9;-42.3;-4;-2.5;4;-1.6;1;-0.2;-2;-0.2
118;N;H;0.6050955414012739;-67.6;-38.7;-4;-2.7;4;-2.2;1;-0.2;-1;-0.2
119;R;H;0.5403225806451613;-64.2;-41.6;-4;-2.2;4;-2.6;1;-0.2;-1;-0.2
120;Q;H;0.22727272727272727;-57.5;-45.6;-4;-2.1;4;-2.4;1;-0.2;-1;-0.2
121;N;H;0.5095541401273885;-59.4;-43.6;-4;-1.6;4;-2.2;1;-0.2;-1;-0.2
122;E;H;0.5257731958762887;-63.2;-42.1;-4;-2.2;4;-1.3;2;-0.2;-2;-0.2
123;V;H;0.39436619718309857;-62.7;-46.9;-4;-2.6;4;-0.5;1;-0.2;3;-0.4
124;V;H;0.22535211267605634;-65.4;-38.6;-4;-2.4;3;-1.5;1;-0.2;5;-1.5
125;K;H;0.8146341463414634;-57.3;-36.0;-4;-2.2;3;-2.4;1;-0.3;-1;-0.2
126;K;T;0.7024390243902439;-58.8;-23.2;-4;-1.3;-1;-0.3;-3;-0.4;-2;-0.2
127;Y;T;0.8108108108108109;-104.5;12.4;-3;-1.5;-1;-0.3;-4;-0.5;-2;-0.2
128;Q;T;0.9646464646464646;54.9;32.9;-3;-2.4;2;-0.3;1;-0.2;-3;-0.2
129;A;-;0.5471698113207547;-112.3;161.3;-5;-1.5;2;-0.5;0;0.0;-1;-0.2
130;K;-;0.8780487804878049;-105.8;116.3;-2;-0.3;2;-0.6;-3;-0.1;-9;-0.0
131;L;-;0.3231707317073171;-67.3;113.6;-2;-0.5;3;-0.1;1;-0.2;-10;-0.0
132;I;-;0.8284023668639053;-89.8;-41.6;-2;-0.6;2;-0.3;1;-0.4;-1;-0.2
133;S;-;0.7461538461538462;-163.6;162.8;2;-0.0;-1;-0.4;0;0.0;2;-0.3
134;H;-;0.24456521739130435;-145.6;155.5;-2;-0.3;2;-0.4;-3;-0.1;-3;-0.0
135;D;-;0.7055214723926381;-132.3;107.8;-2;-0.3;2;-0.5;2;-0.0;-37;-0.1
136;M;-;0.2074468085106383;-111.8;128.5;-2;-0.4;-37;-2.1;-39;-0.2;2;-0.4
137;K;E;0.2682926829268293;-132.3;131.3;-2;-0.5;2;-0.5;-39;-0.2;-37;-0.2
138;M;E;0.3617021276595745;-116.7;130.1;-39;-2.7;-37;-4.3;-2;-0.4;2;-0.5
139;F;E;0.49746192893401014;-104.3;129.7;-2;-0.5;2;-0.3;-39;-0.2;-37;-0.2
140;V;E;0.3591549295774648;-142.5;163.5;-39;-2.8;-37;-3.0;-2;-0.5;2;-0.6
141;W;-;0.5242290748898678;-88.7;119.3;-2;-0.3;-39;-0.1;-39;-0.2;5;-0.1
142;C;-;0.07407407407407407;-70.3;167.9;-2;-0.6;4;-2.6;1;-0.1;5;-0.2
143;K;H;0.7024390243902439;-51.2;-48.0;1;-0.2;4;-1.8;2;-0.2;5;-0.2
144;E;H;0.5463917525773195;-62.7;-36.7;1;-0.2;4;-1.4;2;-0.2;-1;-0.2
145;C;H;0.05185185185185185;-80.1;-32.5;1;-0.2;4;-1.4;2;-0.2;-1;-0.2
146;Q;H;0.5555555555555556;-63.6;-39.2;-4;-2.6;4;-0.7;1;-0.2;-1;-0.2
147;E;H;0.654639175257732;-75.4;-31.8;-4;-1.8;-2;-0.2;-5;-0.2;-1;-0.2
148;S;H;0.6307692307692307;-73.7;-26.8;-4;-1.4;-1;-0.2;1;-0.2;-2;-0.2
149;E;H;0.5103092783505154;-83.8;-9.9;-4;-1.4;-2;-0.2;1;-0.1;-1;-0.2
150;C;-;1.0;-91.3;360.0;-4;-0.7;-2;-0.2;-5;-0.1;-1;-0.1
