1;M;-;0.648936170212766;360.0;137.0;0;0.0;94;-1.8;0;0.0;2;-0.4
2;I;E;0.6745562130177515;-87.7;132.9;92;-0.2;2;-0.3;93;-0.1;90;-0.0
3;R;E;0.41935483870967744;-111.2;145.7;90;-3.4;90;-1.9;-2;-0.4;2;-0.7
4;T;E;0.6830985915492958;-96.9;115.9;-2;-0.3;2;-0.3;88;-0.2;88;-0.2
5;M;E;0.30319148936170215;-120.7;152.1;86;-3.5;86;-2.7;-2;-0.7;2;-0.3
6;L;E;0.17682926829268292;-60.7;123.9;-2;-0.3;84;-0.3;84;-0.2;3;-0.1
7;Q;E;0.08585858585858586;-87.8;-47.0;82;-3.0;97;-2.4;1;-0.4;2;-0.3
8;G;E;0.0;-171.6;157.4;81;-1.2;81;-2.3;95;-0.3;-1;-0.4
9;K;E;0.11219512195121951;-148.0;150.5;95;-2.6;97;-2.4;-2;-0.3;2;-0.7
10;L;E;0.0;-94.9;111.0;77;-2.7;77;-1.8;-2;-0.3;2;-0.6
11;H;E;0.266304347826087;-90.9;111.9;95;-3.2;97;-1.2;-2;-0.7;75;-0.2
12;R;E;0.4838709677419355;65.2;53.4;-2;-0.6;74;-0.2;1;-0.2;-1;-0.2
13;V;E;0.0;-86.5;150.8;72;-2.2;72;-3.6;-3;-0.5;2;-0.5
14;K;E;0.28292682926829266;-93.5;127.4;70;-0.2;2;-0.3;-2;-0.2;70;-0.2
15;V;P;0.007042253521126761;-64.4;126.3;68;-3.0;67;-2.9;-2;-0.5;55;-0.2
16;T;-;0.29577464788732394;-104.9;-25.1;53;-2.5;2;-0.3;-2;-0.3;54;-0.2
17;H;E;0.5108695652173914;-140.3;144.3;52;-2.0;54;-2.6;10;-0.1;2;-0.3
18;A;E;0.39622641509433965;-136.7;109.6;-2;-0.3;2;-0.6;52;-0.2;54;-0.2
19;D;E;0.4294478527607362;-122.3;107.7;52;-1.4;54;-2.1;-2;-0.3;3;-1.1
20;L;T;0.4451219512195122;-66.2;-31.4;-2;-0.6;-1;-0.1;1;-0.3;4;-0.1
21;H;T;0.907608695652174;-105.3;14.0;2;-0.1;-1;-0.3;51;-0.1;2;-0.2
22;Y;S;0.5135135135135135;-86.6;149.1;-3;-1.1;2;-0.5;1;-0.1;51;-0.2
23;E;-;0.9020618556701031;-64.5;79.3;-2;-0.2;-1;-0.1;50;-0.1;49;-0.1
24;G;S;0.27380952380952384;17.6;170.2;-2;-0.5;49;-0.3;48;-0.2;2;-0.1
25;S;E;0.007692307692307693;99.1;174.1;47;-0.6;47;-2.7;1;-0.1;2;-0.6
26;C;E;0.007407407407407408;-110.0;107.0;32;-2.0;34;-2.5;45;-0.2;2;-0.5
27;A;E;0.10377358490566038;-75.2;130.7;43;-2.3;43;-3.1;-2;-0.6;2;-0.4
28;I;E;0.0;-133.0;132.3;32;-2.6;34;-2.9;-2;-0.5;41;-0.2
29;D;E;0.0;-41.6;129.0;39;-2.4;4;-2.0;-2;-0.4;3;-0.7
30;Q;H;0.21212121212121213;-59.5;-37.7;32;-1.2;4;-2.6;1;-0.3;5;-0.2
31;D;H;0.3558282208588957;-59.2;-34.5;1;-0.2;4;-1.9;2;-0.2;-1;-0.3
32;F;H;0.04060913705583756;-71.3;-45.0;-3;-0.7;4;-1.8;2;-0.2;-2;-0.2
33;L;H;0.0;-56.0;-47.1;-4;-2.0;5;-2.1;1;-0.2;4;-1.0
34;D;H;0.5398773006134969;-59.2;-41.5;-4;-2.6;3;-0.5;1;-0.2;-2;-0.2
35;A;H;0.20754716981132076;-65.9;-33.5;-4;-1.9;-1;-0.2;1;-0.3;-2;-0.2
36;A;H;0.0;-97.2;-5.1;-4;-1.8;68;-0.4;-3;-0.2;-1;-0.3
37;G;T;0.2857142857142857;71.2;23.0;-4;-1.0;2;-0.5;-3;-0.5;-3;-0.2
38;I;P;0.01775147928994083;-89.5;127.0;-5;-2.1;-1;-0.2;-6;-0.2;2;-0.2
39;L;P;0.7560975609756098;-88.5;153.3;-2;-0.5;3;-1.8;-3;-0.1;20;-0.3
40;E;T;0.5618556701030928;-58.0;131.9;1;-0.2;20;-0.2;-2;-0.2;-1;-0.1
41;N;T;0.7133757961783439;81.7;7.8;18;-3.5;2;-0.3;1;-0.3;-1;-0.2
42;E;-;0.19072164948453607;-78.1;137.4;-3;-1.8;17;-2.3;17;-0.2;-1;-0.3
43;A;E;0.7169811320754716;-58.7;132.9;-2;-0.3;47;-0.4;15;-0.2;2;-0.3
44;I;E;0.011834319526627219;-133.4;149.6;13;-3.2;13;-2.3;45;-0.1;2;-0.4
45;D;E;0.27607361963190186;-104.6;136.3;43;-3.0;43;-3.0;-2;-0.3;2;-0.5
46;I;E;0.0;-119.0;124.4;9;-3.3;9;-2.5;-2;-0.4;2;-0.6
47;W;E;0.2643171806167401;-111.7;109.7;39;-2.9;39;-2.1;-2;-0.5;2;-0.9
48;N;E;0.01910828025477707;-82.7;107.5;5;-2.7;4;-2.2;-2;-0.6;37;-0.2
49;V;T;0.4788732394366197;-70.8;-30.9;35;-1.9;-1;-0.2;-2;-0.9;36;-0.2
50;T;T;0.5633802816901409;-72.1;-41.9;34;-1.2;-1;-0.2;1;-0.2;35;-0.1
51;N;T;0.43312101910828027;-121.9;-7.8;33;-0.2;-2;-0.2;27;-0.2;-1;-0.2
52;G;-;0.6904761904761905;93.1;-7.6;-4;-2.2;-3;-0.1;1;-0.3;2;-0.1
53;K;-;0.4682926829268293;-68.6;145.5;25;-0.2;-5;-2.7;-5;-0.2;2;-0.4
54;R;E;0.6290322580645161;-129.6;129.8;-7;-0.2;2;-0.3;-2;-0.1;-7;-0.2
55;F;E;0.12690355329949238;-153.7;164.0;-9;-2.5;-9;-3.3;-2;-0.4;2;-0.3
56;S;E;0.6615384615384615;-116.8;147.6;-2;-0.3;2;-0.2;-11;-0.2;-11;-0.2
57;T;E;0.21830985915492956;-162.7;-162.3;-13;-2.3;-13;-3.2;-2;-0.3;2;-0.3
58;Y;E;0.4594594594594595;-126.3;154.9;-15;-0.3;-32;-2.0;-2;-0.2;2;-0.3
59;A;E;0.0;-85.9;136.6;-17;-2.3;-18;-3.5;-20;-0.3;2;-0.3
60;I;E;0.1301775147928994;-122.6;158.5;-34;-2.5;-32;-2.6;-2;-0.3;2;-0.3
61;A;E;0.330188679245283;-86.3;132.8;-2;-0.3;2;-0.3;-34;-0.2;-32;-0.2
62;A;E;0.1509433962264151;-97.6;166.6;-34;-2.9;-32;-1.2;-2;-0.3;3;-0.1
63;E;P;0.8144329896907216;-53.0;132.1;-2;-0.3;3;-1.7;-34;-0.2;5;-0.4
64;R;T;0.5282258064516129;-57.1;130.8;1;-0.3;-1;-0.1;-35;-0.2;-35;-0.1
65;G;T;0.5357142857142857;84.9;-1.1;-3;-0.1;-1;-0.3;3;-0.1;-2;-0.1
66;S;S;0.2923076923076923;-75.5;-28.0;-3;-1.7;-2;-0.1;2;-0.1;3;-0.1
67;R;-;0.4798387096774194;66.4;28.2;-4;-0.3;2;-0.3;1;-0.2;-3;-0.1
68;I;-;0.2603550295857988;-80.8;131.7;-5;-0.4;-39;-2.4;-52;-0.1;2;-0.3
69;I;E;0.0;-123.9;98.5;-2;-0.3;-53;-2.5;-41;-0.2;-52;-2.0
70;S;E;0.09230769230769231;-113.6;116.2;-43;-3.1;-43;-2.3;-2;-0.3;2;-0.7
71;V;E;0.007042253521126761;-95.1;112.4;-54;-2.6;-52;-1.4;-2;-0.6;-45;-0.2
72;N;E;0.01910828025477707;-116.2;160.3;-47;-2.7;3;-1.0;-2;-0.7;-47;-0.6
73;G;G;0.09523809523809523;68.9;-147.2;-54;-2.1;3;-1.9;-49;-0.3;4;-0.3
74;A;G;0.7924528301886793;-56.9;-27.4;1;-0.3;3;-1.6;2;-0.2;-1;-0.2
75;A;G;0.1320754716981132;-69.5;-18.0;-3;-1.0;3;-1.9;1;-0.3;-1;-0.3
76;A;G;0.14150943396226415;-63.3;-22.1;-3;-1.9;3;-0.9;1;-0.3;-1;-0.3
77;H;G;0.7010869565217391;-71.0;-16.8;-3;-1.6;-1;-0.3;-4;-0.3;-2;-0.2
78;C;G;0.2222222222222222;-103.8;-0.5;-3;-1.9;2;-0.3;-4;-0.2;-1;-0.2
79;A;-;0.02830188679245283;-152.6;146.3;-3;-0.9;2;-0.3;-4;-0.2;-1;-0.1
80;S;-;0.5615384615384615;-121.6;147.7;-2;-0.3;3;-2.4;-3;-0.1;-65;-0.3
81;V;T;0.676056338028169;-45.4;126.2;-2;-0.3;-65;-0.2;1;-0.2;3;-0.1
82;G;T;0.42857142857142855;105.5;-20.1;-67;-2.9;-1;-0.2;1;-0.4;-66;-0.1
83;D;-;0.12269938650306748;-62.8;146.6;-3;-2.4;-68;-3.0;-68;-0.1;2;-0.5
84;I;E;0.20118343195266272;-95.3;126.6;-70;-0.2;-35;-1.9;-3;-0.1;-34;-1.2
85;V;E;0.0;-132.5;157.2;-72;-3.6;-72;-2.2;-2;-0.5;2;-0.5
86;I;E;0.1242603550295858;-108.3;126.6;-39;-2.1;-39;-2.9;-2;-0.3;2;-0.5
87;I;E;0.0;-113.3;125.4;-77;-1.8;-77;-2.7;-2;-0.5;2;-0.3
88;A;E;0.0;-136.3;147.8;-43;-3.0;-43;-3.0;-2;-0.5;2;-0.3
89;S;E;0.0;-123.6;157.5;-81;-2.3;-82;-3.0;-2;-0.3;-81;-1.2
90;F;E;0.38071065989847713;-130.4;152.5;-47;-0.4;2;-0.3;-2;-0.3;-84;-0.2
91;V;E;0.30985915492957744;-131.9;156.4;-86;-2.7;-86;-3.5;-2;-0.3;2;-0.4
92;T;E;0.6830985915492958;-104.6;143.3;-2;-0.3;-88;-0.2;-88;-0.2;-90;-0.0
93;M;E;0.0425531914893617;-157.6;159.0;-90;-1.9;-90;-3.4;-2;-0.4;2;-0.0
94;P;E;0.5;-61.6;150.8;0;0.0;4;-2.3;0;0.0;3;-0.5
95;D;H;0.22085889570552147;-51.4;-42.6;-94;-1.8;4;-1.4;1;-0.2;-93;-0.1
96;E;H;0.8711340206185567;-62.5;-40.9;1;-0.2;4;-0.4;2;-0.2;-1;-0.2
97;E;H;0.5051546391752577;-71.9;-35.8;-3;-0.5;3;-1.1;1;-0.2;4;-0.3
98;A;H;0.07547169811320754;-63.9;-31.5;-4;-2.3;3;-1.2;1;-0.2;-2;-0.2
99;R;T;0.75;-72.2;-20.7;-4;-1.4;-1;-0.2;1;-0.3;-2;-0.2
100;T;T;0.8028169014084507;-118.9;8.7;-3;-1.1;-1;-0.3;-4;-0.4;-2;-0.2
101;W;-;0.3700440528634361;-71.2;136.5;-3;-1.2;-95;-0.1;-4;-0.3;-3;-0.1
102;R;-;0.6491935483870968;-122.1;123.5;-2;-0.2;18;-0.2;18;-0.1;-2;-0.0
103;P;-;0.13970588235294118;-78.8;157.7;0;0.0;2;-0.6;0;0.0;-95;-0.3
104;N;E;0.17834394904458598;-85.7;122.4;-97;-2.4;-95;-2.6;-68;-0.4;2;-0.5
105;V;E;0.0;-124.7;125.0;13;-3.0;13;-2.7;-2;-0.6;2;-0.4
106;A;E;0.0;-109.0;131.6;-97;-2.4;-95;-3.2;-2;-0.5;2;-0.4
107;Y;E;0.12162162162162163;-109.3;137.9;9;-3.0;8;-2.5;-2;-0.4;9;-1.1
108;F;E;0.08629441624365482;-125.4;157.0;-97;-1.2;2;-0.3;-2;-0.4;6;-0.2
109;E;E;0.6443298969072165;-136.8;159.6;4;-1.7;4;-2.7;-2;-0.3;-95;-0.1
110;G;T;0.7023809523809523;58.0;-130.2;-2;-0.3;2;-1.1;1;-0.2;-96;-0.1
111;D;T;0.7055214723926381;-92.3;56.2;1;-0.1;-1;-0.2;-98;-0.1;-98;-0.1
112;N;T;0.012738853503184714;67.4;37.7;-2;-1.1;2;-0.7;1;-0.2;-2;-0.2
113;E;E;0.4381443298969072;-76.8;114.0;-4;-2.7;-4;-1.7;1;-0.0;2;-0.6
114;M;E;0.40425531914893614;-71.0;123.4;-2;-0.7;-6;-0.2;-6;-0.2;3;-0.1
115;K;E;0.5317073170731708;-105.0;-45.9;-8;-2.5;2;-0.3;-2;-0.6;-1;-0.2
116;R;E;0.6088709677419355;-153.1;152.9;-9;-1.1;-9;-3.0;2;-0.0;-1;-0.3
117;T;E;0.6338028169014085;-117.4;141.6;-2;-0.3;2;-0.3;-11;-0.2;-11;-0.2
118;A;E;0.27358490566037735;-134.7;156.1;-13;-2.7;-13;-3.0;-2;-0.3;3;-0.1
119;K;S;0.6195121951219512;-104.1;13.5;-2;-0.3;2;-0.3;-15;-0.2;-15;-0.1
120;A;S;0.3490566037735849;-160.0;145.5;-18;-0.2;-15;-0.1;-15;-0.1;-18;-0.1
121;I;P;0.4556213017751479;-82.3;125.9;-2;-0.3;3;-0.1;-3;-0.1;-17;-0.0
122;P;P;0.5735294117647058;-54.0;139.7;0;0.0;2;-0.2;0;0.0;-1;-0.1
123;V;P;0.8732394366197183;-60.8;118.9;1;-0.1;2;-0.7;-3;-0.0;-3;-0.0
124;Q;-;0.9696969696969697;-59.7;104.5;-2;-0.2;2;-0.4;-3;-0.1;-1;-0.1
125;V;-;0.852112676056338;-92.0;129.3;-2;-0.7;0;0.0;1;-0.1;0;0.0
126;A;-;1.0;-45.1;360.0;-2;-0.4;-1;-0.1;0;0.0;0;0.0
