1;M;-;1.0;360.0;81.4;0;0.0;3;-0.1;0;0.0;0;0.0
2;A;-;0.9622641509433962;-26.9;98.3;1;-0.1;3;-0.0;6;-0.0;0;0.0
3;R;-;0.8991935483870968;-28.5;107.3;1;-0.1;2;-0.5;5;-0.0;5;-0.2
4;L;-;0.27439024390243905;-46.7;107.7;4;-0.1;2;-0.3;-3;-0.1;-1;-0.1
5;N;-;0.4713375796178344;-130.2;169.8;-2;-0.5;4;-2.1;1;-0.0;5;-0.2
6;R;H;0.5806451612903226;-51.1;-40.5;-2;-0.3;4;-2.5;1;-0.2;5;-0.2
7;E;H;0.6701030927835051;-65.4;-45.5;1;-0.2;4;-2.7;2;-0.2;-1;-0.2
8;S;H;0.25384615384615383;-63.7;-36.0;2;-0.2;4;-2.2;1;-0.2;-1;-0.2
9;V;H;0.007042253521126761;-64.9;-44.6;-4;-2.1;4;-2.4;2;-0.2;-2;-0.2
10;I;H;0.05325443786982249;-64.9;-45.7;-4;-2.5;4;-2.6;2;-0.2;5;-0.2
11;D;H;0.3128834355828221;-58.8;-46.2;-4;-2.7;4;-2.1;1;-0.2;-1;-0.2
12;A;H;0.09433962264150944;-64.0;-40.9;-4;-2.2;4;-2.6;1;-0.2;-1;-0.2
13;A;H;0.0;-63.4;-45.8;-4;-2.4;4;-2.8;2;-0.2;-2;-0.2
14;L;H;0.018292682926829267;-60.5;-40.6;-4;-2.6;4;-2.0;2;-0.2;-1;-0.2
15;E;H;0.5567010309278351;-61.0;-46.6;-4;-2.1;4;-1.5;2;-0.2;-2;-0.2
16;L;H;0.04878048780487805;-62.4;-40.1;-4;-2.6;4;-2.7;1;-0.2;5;-0.4
17;L;H;0.0;-56.9;-44.8;-4;-2.8;4;-2.7;1;-0.2;-1;-0.2
18;N;H;0.4394904458598726;-65.2;-32.7;-4;-2.0;-1;-0.2;1;-0.2;-2;-0.2
19;E;H;0.5824742268041238;-79.2;-35.7;-4;-1.5;-2;-0.2;-5;-0.1;-1;-0.2
20;T;H;0.28169014084507044;-124.4;-9.7;-4;-2.7;4;-0.5;1;-0.2;-3;-0.2
21;G;H;0.011904761904761904;73.8;175.5;-4;-2.7;4;-0.6;-5;-0.4;3;-0.6
22;I;H;0.13609467455621302;-65.0;-35.3;1;-0.2;3;-0.7;2;-0.2;-1;-0.2
23;D;H;0.852760736196319;-69.9;-27.3;1;-0.3;-1;-0.2;-3;-0.2;-2;-0.2
24;G;H;0.13095238095238096;-93.6;-7.4;-3;-0.6;2;-1.3;-4;-0.5;-1;-0.3
25;L;-;0.0;-81.6;94.0;-3;-0.7;2;-0.3;-4;-0.6;-1;-0.1
26;T;-;0.2887323943661972;-116.4;155.1;-2;-1.3;4;-2.3;1;-0.1;5;-0.2
27;T;H;0.176056338028169;-63.4;-30.3;-2;-0.3;4;-2.3;1;-0.2;5;-0.2
28;R;H;0.6612903225806451;-66.5;-53.9;2;-0.2;4;-2.5;1;-0.2;-1;-0.2
29;K;H;0.4146341463414634;-60.4;-38.8;1;-0.2;4;-2.7;2;-0.2;-2;-0.2
30;L;H;0.0;-63.0;-46.6;-4;-2.3;4;-1.9;2;-0.2;-2;-0.2
31;A;H;0.03773584905660377;-57.2;-44.7;-4;-2.3;5;-2.6;2;-0.2;4;-0.7
32;Q;H;0.7727272727272727;-59.6;-45.5;-4;-2.5;3;-1.1;1;-0.2;-2;-0.2
33;K;H;0.3902439024390244;-61.2;-30.9;-4;-2.7;-1;-0.2;1;-0.3;-2;-0.2
34;L;H;0.2682926829268293;-88.9;-10.0;-4;-1.9;-1;-0.3;-5;-0.1;-2;-0.2
35;G;T;0.8333333333333334;69.9;27.3;-3;-1.1;2;-0.3;-4;-0.7;-3;-0.2
36;I;S;0.22485207100591717;-122.1;163.8;-5;-2.6;-1;-0.3;-6;-0.1;2;-0.2
37;E;-;0.7680412371134021;-81.5;152.4;-2;-0.3;4;-1.3;-3;-0.1;3;-1.0
38;Q;H;0.3282828282828283;-58.4;-41.2;1;-0.3;4;-2.1;-2;-0.2;3;-0.2
39;P;H;0.6544117647058824;-60.4;-31.5;0;0.0;4;-0.5;0;0.0;-1;-0.3
40;T;H;0.44366197183098594;-69.0;-36.3;-3;-1.0;3;-0.9;1;-0.2;4;-0.4
41;L;H;0.012195121951219513;-66.7;-36.9;-4;-1.3;4;-2.1;1;-0.2;3;-2.1
42;Y;H;0.4864864864864865;-64.2;-19.6;-4;-2.1;-1;-0.2;1;-0.3;-2;-0.2
43;W;T;0.9955947136563876;-70.0;-19.7;-3;-0.9;-1;-0.3;-4;-0.5;-2;-0.2
44;H;T;0.3967391304347826;-106.1;-33.9;-3;-2.1;2;-0.4;-4;-0.4;-2;-0.2
45;V;-;0.07042253521126761;-138.4;113.4;-4;-2.1;-1;-0.3;1;-0.1;-2;-0.1
46;K;S;0.8;-64.4;-44.7;-2;-0.4;2;-0.3;-3;-0.2;-1;-0.1
47;N;S;0.4394904458598726;-156.6;172.6;1;-0.1;4;-2.0;-20;-0.0;5;-0.1
48;K;H;0.3951219512195122;-57.1;-42.6;-2;-0.3;4;-2.7;1;-0.2;5;-0.2
49;R;H;0.6129032258064516;-58.5;-46.4;2;-0.2;4;-2.5;1;-0.2;-1;-0.2
50;A;H;0.3490566037735849;-61.4;-37.1;2;-0.2;4;-2.1;1;-0.2;-1;-0.2
51;L;H;0.006097560975609756;-64.4;-45.6;-4;-2.0;4;-2.4;2;-0.2;-2;-0.2
52;L;H;0.08536585365853659;-64.6;-40.5;-4;-2.7;4;-2.5;1;-0.2;-2;-0.2
53;D;H;0.4171779141104294;-60.9;-42.0;-4;-2.5;4;-1.9;1;-0.2;-1;-0.2
54;A;H;0.19811320754716982;-66.6;-38.7;-4;-2.1;4;-2.4;1;-0.2;-2;-0.2
55;L;H;0.0;-65.9;-41.8;-4;-2.4;4;-3.0;2;-0.2;5;-0.2
56;A;H;0.03773584905660377;-57.4;-44.6;-4;-2.5;4;-1.7;43;-0.2;-1;-0.2
57;V;H;0.14084507042253522;-64.1;-43.0;-4;-1.9;4;-2.3;1;-0.2;-2;-0.2
58;E;H;0.27835051546391754;-69.0;-39.4;-4;-2.4;4;-2.1;2;-0.2;-2;-0.2
59;I;H;0.005917159763313609;-58.4;-47.5;-4;-3.0;4;-2.1;1;-0.2;5;-0.3
60;L;H;0.11585365853658537;-67.0;-42.2;-4;-1.7;4;-2.5;-5;-0.2;-2;-0.2
61;A;H;0.6981132075471698;-58.3;-35.0;-4;-2.3;-1;-0.2;1;-0.2;-2;-0.2
62;R;H;0.3467741935483871;-85.9;-29.3;-4;-2.1;-1;-0.2;-5;-0.1;-2;-0.2
63;H;H;0.25;-132.4;-11.4;-4;-2.1;2;-1.3;-5;-0.2;-3;-0.2
64;H;-;0.13043478260869565;-88.8;81.3;-4;-2.5;3;-0.4;-5;-0.3;-1;-0.1
65;D;-;0.7055214723926381;-94.3;5.2;-2;-1.3;-1;-0.2;1;-0.3;3;-0.1
66;Y;-;0.32432432432432434;-132.7;66.2;16;-0.2;-1;-0.3;15;-0.1;19;-0.2
67;S;-;0.19230769230769232;-103.4;-9.9;-3;-0.4;-1;-0.1;18;-0.1;-2;-0.1
68;L;S;0.5182926829268293;-117.8;140.4;-3;-0.1;2;-0.1;47;-0.0;44;-0.0
69;P;P;0.20588235294117646;-64.9;143.7;0;0.0;2;-0.2;0;0.0;-2;-0.1
70;A;P;0.4339622641509434;-84.9;156.2;4;-0.1;3;-1.7;1;-0.1;2;-0.1
71;A;T;1.0;-58.1;128.1;1;-0.2;-1;-0.1;-2;-0.2;3;-0.1
72;G;T;1.0;78.8;5.1;1;-0.2;-1;-0.2;-2;-0.1;2;-0.2
73;E;-;0.13402061855670103;-76.4;138.7;-3;-1.7;-1;-0.2;1;-0.1;2;-0.1
74;S;-;0.34615384615384615;-72.2;154.3;-2;-0.2;4;-2.3;1;-0.1;-4;-0.1
75;W;H;0.07488986784140969;-64.0;-26.9;1;-0.2;4;-2.3;2;-0.2;5;-0.2
76;Q;H;0.14646464646464646;-64.6;-52.1;2;-0.2;4;-2.3;1;-0.2;-1;-0.2
77;S;H;0.3153846153846154;-60.9;-38.0;1;-0.2;4;-2.8;2;-0.2;5;-0.3
78;F;H;0.005076142131979695;-62.3;-51.3;-4;-2.3;4;-3.2;2;-0.2;5;-0.3
79;L;H;0.012195121951219513;-58.9;-36.2;-4;-2.3;4;-2.1;1;-0.2;-1;-0.2
80;R;H;0.2782258064516129;-66.5;-52.7;-4;-2.3;4;-2.3;2;-0.2;-2;-0.2
81;N;H;0.35668789808917195;-68.7;-40.4;-4;-2.8;4;-2.3;1;-0.2;-2;-0.2
82;N;H;0.050955414012738856;-59.0;-45.7;-4;-3.2;4;-2.4;-5;-0.3;-1;-0.2
83;A;H;0.009433962264150943;-65.4;-41.8;-4;-2.1;4;-2.8;-5;-0.3;-2;-0.2
84;M;H;0.4148936170212766;-64.5;-44.6;-4;-2.3;4;-2.4;2;-0.2;-1;-0.2
85;S;H;0.023076923076923078;-62.7;-42.5;-4;-2.3;4;-2.4;-19;-0.2;-2;-0.2
86;F;H;0.04568527918781726;-60.5;-49.0;-4;-2.4;4;-2.2;2;-0.2;-2;-0.2
87;R;H;0.08870967741935484;-55.7;-46.9;-4;-2.8;4;-2.0;1;-0.2;-2;-0.2
88;R;H;0.5282258064516129;-60.9;-44.3;-4;-2.4;4;-0.7;1;-0.2;-2;-0.2
89;A;H;0.0;-60.7;-44.6;-4;-2.4;3;-1.0;1;-0.2;4;-0.4
90;L;H;0.006097560975609756;-68.9;-32.7;-4;-2.2;3;-0.9;1;-0.3;6;-0.5
91;L;H;0.29878048780487804;-78.2;-11.8;-4;-2.0;-1;-0.3;1;-0.2;-2;-0.2
92;R;T;0.6491935483870968;-67.6;-26.1;-3;-1.0;2;-0.4;-4;-0.7;-1;-0.2
93;Y;S;0.09009009009009009;-124.9;139.9;-3;-0.9;3;-2.0;-4;-0.4;4;-0.3
94;R;T;0.49193548387096775;-49.8;124.1;-2;-0.4;-73;-0.1;1;-0.3;-74;-0.1
95;D;T;0.08588957055214724;67.5;22.1;-2;-0.1;4;-2.2;-74;-0.1;-1;-0.3
96;G;H;0.0;-52.5;-41.4;-3;-2.0;4;-1.8;-6;-0.5;-5;-0.1
97;A;H;0.0;-65.2;-41.5;-4;-0.3;4;-2.0;-7;-0.3;-1;-0.2
98;K;H;0.3121951219512195;-64.3;-36.8;1;-0.2;-2;-0.2;2;-0.2;-1;-0.2
99;V;H;0.028169014084507043;-64.9;-38.8;-4;-2.2;-43;-0.2;1;-0.2;-1;-0.2
100;H;H;0.1793478260869565;-78.1;-26.7;-4;-1.8;3;-1.7;-5;-0.2;-2;-0.2
101;L;T;0.5426829268292683;-53.7;126.3;-4;-2.0;-45;-0.1;1;-0.2;-3;-0.0
102;G;T;0.8928571428571429;82.4;10.4;1;-0.2;-1;-0.2;0;0.0;2;-0.1
103;T;-;0.2605633802816901;-83.1;154.6;-3;-1.7;-1;-0.2;-47;-0.0;-3;-0.1
104;R;-;0.8870967741935484;-114.9;147.4;-2;-0.1;2;-0.0;-51;-0.0;-1;-0.0
105;P;-;0.4632352941176471;-57.5;135.0;0;0.0;2;-0.1;0;0.0;-48;-0.0
106;D;-;0.2883435582822086;-95.3;177.6;-53;-0.1;3;-2.4;-2;-0.0;4;-0.7
107;E;G;0.8298969072164949;-50.9;-28.2;1;-0.3;3;-0.8;2;-0.2;4;-0.5
108;K;G;0.6731707317073171;-76.8;-16.4;1;-0.2;-1;-0.3;2;-0.1;4;-0.3
109;Q;G;0.19696969696969696;-108.7;-4.4;-3;-2.4;4;-2.7;1;-0.1;-1;-0.2
110;Y;H;0.6081081081081081;-59.5;-44.1;-3;-0.8;4;-3.0;-4;-0.7;5;-0.2
111;D;H;0.7852760736196319;-66.3;-39.5;-4;-0.5;4;-2.4;1;-0.2;-1;-0.2
112;T;H;0.2746478873239437;-63.7;-48.3;-4;-0.3;4;-2.0;2;-0.2;-1;-0.2
113;V;H;0.352112676056338;-63.2;-45.8;-4;-2.7;4;-2.5;1;-0.2;5;-0.2
114;E;H;0.5;-57.3;-43.2;-4;-3.0;4;-2.7;-5;-0.2;5;-0.2
115;T;H;0.4154929577464789;-64.0;-41.1;-4;-2.4;4;-2.4;-5;-0.2;-1;-0.2
116;Q;H;0.10101010101010101;-63.0;-46.5;-4;-2.0;4;-2.3;2;-0.2;-1;-0.2
117;L;H;0.1951219512195122;-64.6;-42.1;-4;-2.5;4;-2.4;1;-0.2;-2;-0.2
118;R;H;0.5080645161290323;-61.0;-42.2;-4;-2.7;4;-2.5;-5;-0.2;-1;-0.2
119;F;H;0.1218274111675127;-59.6;-43.8;-4;-2.4;4;-0.6;1;-0.2;-2;-0.2
120;M;H;0.0;-64.9;-45.1;-4;-2.3;5;-1.7;1;-0.2;3;-1.1
121;T;H;0.3873239436619718;-66.8;-34.9;-4;-2.4;3;-1.5;1;-0.3;-2;-0.2
122;E;H;0.711340206185567;-70.2;-13.8;-4;-2.5;-1;-0.3;1;-0.3;-2;-0.2
123;N;T;0.36942675159235666;-107.3;18.5;-3;-1.1;-1;-0.3;-4;-0.6;-2;-0.2
124;G;T;0.47619047619047616;108.1;-9.5;-3;-1.5;2;-0.2;1;-0.3;-3;-0.2
125;F;-;0.06598984771573604;-79.6;141.9;-5;-1.7;-1;-0.3;4;-0.1;2;-0.1
126;S;-;0.45384615384615384;-62.6;161.1;-2;-0.2;4;-2.9;1;-0.1;5;-0.2
127;L;H;0.6585365853658537;-56.2;-45.3;1;-0.2;4;-2.8;2;-0.2;5;-0.2
128;R;H;0.6612903225806451;-60.5;-49.7;1;-0.2;4;-2.6;2;-0.2;-1;-0.2
129;D;H;0.2822085889570552;-67.8;-41.3;2;-0.2;4;-2.3;1;-0.2;-1;-0.2
130;G;H;0.011904761904761904;-60.8;-45.2;-4;-2.9;4;-2.3;2;-0.2;-1;-0.2
131;L;H;0.4573170731707317;-59.7;-45.6;-4;-2.8;4;-2.8;-5;-0.2;-2;-0.2
132;Y;H;0.5720720720720721;-65.2;-37.0;-4;-2.6;4;-2.6;-5;-0.2;-1;-0.2
133;A;H;0.009433962264150943;-64.6;-48.8;-4;-2.3;4;-2.3;2;-0.2;5;-0.2
134;I;H;0.10059171597633136;-61.5;-43.3;-4;-2.3;4;-2.4;1;-0.2;-2;-0.2
135;S;H;0.2692307692307692;-65.3;-42.4;-4;-2.8;4;-3.1;2;-0.2;5;-0.2
136;A;H;0.3018867924528302;-61.5;-46.3;-4;-2.6;4;-2.6;2;-0.2;-1;-0.2
137;V;H;0.014084507042253521;-64.3;-42.9;-4;-2.3;4;-2.7;2;-0.2;-2;-0.2
138;S;H;0.26153846153846155;-63.0;-47.3;-4;-2.4;4;-2.9;-5;-0.2;-2;-0.2
139;H;H;0.7228260869565217;-61.0;-44.0;-4;-3.1;4;-2.5;2;-0.2;-1;-0.2
140;F;H;0.3350253807106599;-59.3;-48.4;-4;-2.6;4;-2.6;-5;-0.2;-2;-0.2
141;T;H;0.0;-59.2;-48.7;-4;-2.7;4;-2.4;2;-0.2;-2;-0.2
142;L;H;0.11585365853658537;-56.7;-46.2;-4;-2.9;4;-2.4;1;-0.2;-2;-0.2
143;G;H;0.35714285714285715;-61.4;-42.7;-4;-2.5;4;-2.5;2;-0.2;-1;-0.2
144;A;H;0.2358490566037736;-61.9;-42.8;-4;-2.6;4;-2.1;1;-0.2;-2;-0.2
145;V;H;0.0;-68.1;-42.6;-4;-2.4;4;-3.0;2;-0.2;5;-0.3
146;L;H;0.24390243902439024;-57.3;-45.8;-4;-2.4;4;-2.8;2;-0.2;5;-0.3
147;E;H;0.7319587628865979;-62.0;-41.9;-4;-2.5;4;-2.5;1;-0.2;-1;-0.2
148;Q;H;0.19696969696969696;-66.3;-47.8;-4;-2.1;4;-2.4;2;-0.2;-2;-0.2
149;Q;H;0.11616161616161616;-66.1;-38.6;-4;-3.0;4;-2.3;1;-0.2;-2;-0.2
150;E;H;0.39690721649484534;-70.1;-38.9;-4;-2.8;4;-2.0;-5;-0.3;-1;-0.2
151;H;H;0.31521739130434784;-60.6;-47.7;-4;-2.5;4;-1.2;-5;-0.3;-2;-0.2
152;T;H;0.5774647887323944;-60.1;-44.1;-4;-2.4;4;-0.6;1;-0.2;3;-0.5
153;A;H;0.3867924528301887;-63.6;-34.7;-4;-2.3;3;-0.8;1;-0.2;4;-0.3
154;A;H;0.22641509433962265;-76.8;-23.7;-4;-2.0;4;-1.6;1;-0.2;3;-1.5
155;L;H;0.5853658536585366;-57.5;-27.9;-4;-1.2;-1;-0.2;-3;-0.5;-2;-0.2
156;T;T;0.823943661971831;-75.2;-19.3;-3;-0.8;-1;-0.3;-4;-0.6;-2;-0.2
157;D;T;0.8588957055214724;-103.1;-16.4;-3;-1.5;-2;-0.2;-4;-0.3;-1;-0.2
158;R;S;0.5725806451612904;-90.1;140.9;-4;-1.6;2;-0.0;1;-0.1;0;0.0
159;P;-;0.8308823529411765;-57.3;136.9;0;0.0;-1;-0.1;0;0.0;4;-0.1
160;A;S;1.0;-62.8;-26.5;-4;-0.1;-2;-0.0;2;-0.1;-4;-0.0
161;A;S;0.7169811320754716;-95.6;127.6;1;-0.1;3;-0.1;3;-0.0;0;0.0
162;P;-;0.7720588235294118;-55.5;125.9;0;0.0;2;-0.6;0;0.0;-1;-0.1
163;D;-;0.5521472392638037;-45.2;106.2;1;-0.2;3;-1.7;-4;-0.1;8;-0.0
164;E;T;0.9175257731958762;-62.7;-11.1;-2;-0.6;-1;-0.2;1;-0.3;-3;-0.0
165;N;T;0.9235668789808917;-96.5;7.9;2;-0.0;-1;-0.3;-3;-0.0;-2;-0.0
166;L;-;0.17073170731707318;-68.5;125.7;-3;-1.7;0;0.0;1;-0.1;0;0.0
167;P;-;0.5441176470588235;-58.2;151.1;0;0.0;4;-2.4;0;0.0;5;-0.2
168;P;H;0.625;-56.2;-41.2;0;0.0;4;-2.1;0;0.0;5;-0.2
169;L;H;0.8475609756097561;-69.2;-42.9;2;-0.2;4;-2.6;1;-0.2;5;-0.2
170;L;H;0.47560975609756095;-63.3;-41.9;2;-0.2;4;-2.7;1;-0.2;5;-0.2
171;R;H;0.4032258064516129;-56.4;-47.4;-4;-2.4;4;-2.0;1;-0.2;-1;-0.2
172;E;H;0.5721649484536082;-63.8;-43.1;-4;-2.1;4;-2.2;1;-0.2;-2;-0.2
173;A;H;0.4056603773584906;-60.0;-47.0;-4;-2.6;4;-2.9;2;-0.2;-2;-0.2
174;L;H;0.39634146341463417;-61.8;-37.6;-4;-2.7;4;-2.9;1;-0.2;-1;-0.2
175;Q;H;0.5959595959595959;-62.7;-41.5;-4;-2.0;4;-1.2;-5;-0.2;-1;-0.2
176;I;H;0.6153846153846154;-62.0;-47.9;-4;-2.2;3;-0.4;2;-0.2;4;-0.4
177;M;H;0.5372340425531915;-66.8;-35.8;-4;-2.9;3;-0.9;1;-0.2;-2;-0.2
178;D;H;0.6196319018404908;-75.3;-20.9;-4;-2.9;-1;-0.2;1;-0.2;-2;-0.2
179;S;T;0.7692307692307693;-88.8;-3.3;-4;-1.2;2;-0.4;-3;-0.4;-1;-0.2
180;D;S;0.22699386503067484;-128.8;136.1;-3;-0.9;0;0.0;-4;-0.4;0;0.0
181;D;-;0.558282208588957;-73.3;14.5;-2;-0.4;-3;-0.1;1;-0.0;-4;-0.1
182;G;S;0.30952380952380953;95.5;-11.1;-5;-0.2;4;-1.9;-35;-0.0;5;-0.1
183;E;H;0.35051546391752575;-69.5;-45.1;2;-0.2;4;-3.1;1;-0.2;5;-0.2
184;Q;H;0.601010101010101;-64.2;-47.9;2;-0.2;4;-2.7;1;-0.2;-1;-0.2
185;A;H;0.46226415094339623;-58.4;-40.9;2;-0.2;4;-2.2;1;-0.2;-1;-0.2
186;F;H;0.02030456852791878;-60.0;-49.9;-4;-1.9;4;-2.8;2;-0.2;-2;-0.2
187;L;H;0.3231707317073171;-62.6;-40.7;-4;-3.1;4;-2.5;1;-0.2;5;-0.2
188;H;H;0.7608695652173914;-59.6;-47.9;-4;-2.7;4;-1.7;-5;-0.2;-1;-0.2
189;G;H;0.19047619047619047;-64.3;-44.2;-4;-2.2;4;-2.1;2;-0.2;-2;-0.2
190;L;H;0.018292682926829267;-58.0;-44.4;-4;-2.8;4;-2.3;1;-0.2;-2;-0.2
191;E;H;0.26804123711340205;-65.6;-39.6;-4;-2.5;4;-2.5;1;-0.2;-1;-0.2
192;S;H;0.49230769230769234;-61.8;-40.9;-4;-1.7;4;-2.1;-5;-0.2;-1;-0.2
193;L;H;0.32926829268292684;-64.3;-46.0;-4;-2.1;4;-2.4;2;-0.2;-2;-0.2
194;I;H;0.005917159763313609;-62.8;-44.6;-4;-2.3;4;-1.9;1;-0.2;-2;-0.2
195;R;H;0.625;-61.0;-40.9;-4;-2.5;4;-1.8;1;-0.2;-1;-0.2
196;G;H;0.35714285714285715;-60.2;-41.0;-4;-2.1;4;-2.0;1;-0.2;-2;-0.2
197;F;H;0.1116751269035533;-66.3;-35.3;-4;-2.4;4;-2.8;1;-0.2;-1;-0.2
198;E;H;0.4587628865979381;-59.4;-46.3;-4;-1.9;4;-2.2;2;-0.2;-1;-0.2
199;V;H;0.7253521126760564;-64.2;-42.9;-4;-1.8;4;-2.3;2;-0.2;-2;-0.2
200;Q;H;0.4292929292929293;-63.9;-42.6;-4;-2.0;4;-1.8;1;-0.2;-2;-0.2
201;L;H;0.08536585365853659;-63.9;-43.3;-4;-2.8;4;-1.9;2;-0.2;-1;-0.2
202;T;H;0.4788732394366197;-64.2;-43.6;-4;-2.2;4;-1.9;2;-0.2;-2;-0.2
203;A;H;0.4056603773584906;-60.6;-35.9;-4;-2.3;4;-1.4;1;-0.2;-1;-0.2
204;L;H;0.43902439024390244;-72.5;-38.1;-4;-1.8;4;-1.8;1;-0.2;-2;-0.2
205;L;H;0.6280487804878049;-70.6;-30.1;-4;-1.9;4;-1.9;1;-0.2;-1;-0.2
206;Q;H;0.702020202020202;-72.8;-32.2;-4;-1.9;4;-1.6;2;-0.2;-1;-0.2
207;I;H;0.4378698224852071;-71.0;-36.0;-4;-1.4;-2;-0.2;2;-0.2;-1;-0.2
208;V;H;0.9014084507042254;-77.3;-32.1;-4;-1.8;-2;-0.2;1;-0.2;-1;-0.2
209;G;H;0.8571428571428571;-88.9;-6.8;-4;-1.9;2;-0.4;-5;-0.1;-2;-0.2
210;G;S;0.4523809523809524;-151.8;60.8;-4;-1.6;-1;-0.1;-5;-0.1;3;-0.1
211;D;S;1.0;45.4;86.6;-2;-0.4;-2;-0.1;1;-0.1;-3;-0.1
212;K;-;0.8536585365853658;66.7;81.5;-4;-0.1;2;-0.3;-5;-0.0;-1;-0.1
213;L;-;0.8536585365853658;-116.3;84.7;-3;-0.1;2;-0.5;2;-0.0;-3;-0.1
214;I;-;0.8106508875739645;-22.5;87.2;-2;-0.3;0;0.0;-7;-0.0;0;0.0
215;I;-;0.7988165680473372;-104.5;108.3;-2;-0.5;2;-0.3;2;-0.0;-2;-0.0
216;P;-;0.6617647058823529;-69.2;94.7;0;0.0;2;-1.0;0;0.0;-2;-0.0
217;F;-;0.9187817258883249;-50.3;81.2;-2;-0.3;-2;-0.0;0;0.0;0;0.0
218;C;-;1.0;-46.6;360.0;-2;-1.0;0;0.0;0;0.0;0;0.0
