1;M;-;1.0;360.0;78.5;0;0.0;2;-0.6;0;0.0;0;0.0
2;K;-;0.9658536585365853;-18.1;66.4;2;-0.1;2;-1.6;1;-0.0;3;-0.1
3;A;-;0.32075471698113206;-63.0;55.6;-2;-0.6;8;-0.0;1;-0.1;-1;-0.0
4;D;-;0.901840490797546;-89.7;25.7;-2;-1.6;-1;-0.1;0;0.0;-2;-0.1
5;N;-;0.43312101910828027;-94.7;106.6;1;-0.1;3;-2.7;4;-0.1;0;0.0
6;P;T;0.5955882352941176;-45.5;-8.3;0;0.0;-1;-0.1;0;0.0;180;-0.0
7;F;T;0.8984771573604061;-104.8;-3.1;2;-0.1;2;-0.2;178;-0.0;179;-0.1
8;D;S;0.4601226993865031;-86.2;143.6;-3;-2.7;3;-0.1;1;-0.1;-5;-0.0
9;L;P;0.6707317073170732;-63.5;141.7;-2;-0.2;2;-0.4;1;-0.1;176;-0.2
10;L;P;0.22560975609756098;-65.2;128.2;174;-1.6;-1;-0.1;173;-0.1;174;-0.0
11;L;P;0.5182926829268293;-69.5;156.3;-2;-0.4;4;-2.3;1;-0.1;3;-0.6
12;P;H;0.3382352941176471;-50.5;-35.3;0;0.0;4;-2.1;0;0.0;5;-0.1
13;A;H;0.5;-66.3;-44.0;1;-0.2;4;-1.3;2;-0.2;5;-0.1
14;A;H;0.330188679245283;-66.4;-35.0;-3;-0.6;4;-1.9;1;-0.2;-1;-0.2
15;M;H;0.05319148936170213;-63.2;-42.0;-4;-2.3;4;-3.0;1;-0.2;-2;-0.2
16;A;H;0.0;-59.9;-37.8;-4;-2.1;4;-2.3;1;-0.2;-1;-0.2
17;K;H;0.551219512195122;-67.7;-41.5;-4;-1.3;4;-2.6;2;-0.2;-1;-0.2
18;V;H;0.36619718309859156;-61.1;-45.0;-4;-1.9;4;-2.9;2;-0.2;-2;-0.2
19;A;H;0.02830188679245283;-60.5;-44.7;-4;-3.0;4;-2.4;2;-0.2;-2;-0.2
20;E;H;0.10309278350515463;-59.3;-48.8;-4;-2.3;4;-2.2;2;-0.2;-2;-0.2
21;E;H;0.634020618556701;-62.4;-43.1;-4;-2.6;4;-2.5;1;-0.2;-2;-0.2
22;A;H;0.2358490566037736;-61.3;-38.8;-4;-2.9;4;-2.2;1;-0.2;-1;-0.2
23;G;H;0.023809523809523808;-63.1;-44.1;-4;-2.4;4;-2.0;-5;-0.2;-2;-0.2
24;V;H;0.2535211267605634;-64.4;-44.1;-4;-2.2;4;-1.6;2;-0.2;-2;-0.2
25;Y;H;0.5720720720720721;-59.9;-42.5;-4;-2.5;4;-0.5;1;-0.2;3;-0.2
26;K;H;0.18536585365853658;-73.6;-33.7;-4;-2.2;3;-0.4;1;-0.2;-1;-0.2
27;A;H;0.12264150943396226;-77.6;-20.7;-4;-2.0;-1;-0.2;1;-0.2;-2;-0.2
28;T;H;0.5845070422535211;-108.9;1.4;-4;-1.6;-1;-0.2;-3;-0.2;-2;-0.2
29;K;S;0.14634146341463414;-65.1;150.3;-4;-0.5;-3;-0.0;-3;-0.4;-4;-0.0
30;H;-;0.6902173913043478;-57.7;129.8;1;-0.1;4;-2.3;2;-0.0;3;-0.4
31;P;H;0.375;-54.4;-32.9;0;0.0;4;-2.1;0;0.0;-1;-0.1
32;L;H;0.5426829268292683;-72.1;-43.9;2;-0.2;4;-2.0;1;-0.2;5;-0.2
33;K;H;0.526829268292683;-61.3;-42.2;-3;-0.4;4;-2.2;2;-0.2;5;-0.2
34;T;H;0.007042253521126761;-60.2;-40.4;-4;-2.3;4;-2.4;1;-0.2;54;-0.2
35;F;H;0.28426395939086296;-64.1;-44.3;-4;-2.1;4;-2.1;-5;-0.2;-1;-0.2
36;Y;H;0.6261261261261262;-65.4;-40.6;-4;-2.0;4;-2.1;2;-0.2;-1;-0.2
37;L;H;0.22560975609756098;-66.1;-34.6;-4;-2.2;4;-2.0;1;-0.2;51;-0.3
38;A;H;0.0;-66.7;-39.3;-4;-2.4;4;-2.0;2;-0.2;-2;-0.2
39;I;H;0.17159763313609466;-61.4;-44.5;-4;-2.1;4;-2.0;1;-0.2;-2;-0.2
40;T;H;0.4014084507042254;-61.8;-40.5;-4;-2.1;4;-2.6;1;-0.2;-1;-0.2
41;A;H;0.0;-61.4;-45.0;-4;-2.0;4;-2.5;47;-0.2;-1;-0.2
42;G;H;0.0;-55.3;-39.2;-4;-2.0;4;-1.8;1;-0.2;-1;-0.2
43;V;H;0.23943661971830985;-67.9;-45.0;-4;-2.0;4;-2.5;2;-0.2;-2;-0.2
44;F;H;0.16751269035532995;-60.5;-45.8;-4;-2.6;4;-2.1;1;-0.2;-2;-0.2
45;I;H;0.03550295857988166;-64.9;-38.0;-4;-2.5;4;-1.8;1;-0.2;-1;-0.2
46;S;H;0.0;-60.2;-43.0;-4;-1.8;4;-2.1;-5;-0.2;-2;-0.2
47;I;H;0.33727810650887574;-57.1;-44.0;-4;-2.5;4;-2.2;1;-0.2;-2;-0.2
48;A;H;0.0;-59.1;-40.4;-4;-2.1;4;-2.5;1;-0.2;-1;-0.2
49;F;H;0.04568527918781726;-70.7;-39.9;-4;-1.8;4;-2.9;2;-0.2;-1;-0.2
50;V;H;0.1619718309859155;-56.0;-43.8;-4;-2.1;4;-2.4;2;-0.2;-1;-0.2
51;F;H;0.4619289340101523;-62.2;-43.8;-4;-2.2;4;-2.2;2;-0.2;-2;-0.2
52;Y;H;0.04504504504504504;-59.1;-48.3;-4;-2.5;4;-1.7;2;-0.2;-2;-0.2
53;I;H;0.0;-65.1;-41.3;-4;-2.9;4;-1.1;1;-0.2;-2;-0.2
54;T;H;0.4788732394366197;-63.1;-41.8;-4;-2.4;3;-0.5;-5;-0.2;-1;-0.2
55;A;H;0.2358490566037736;-71.9;-26.9;-4;-2.2;-1;-0.2;1;-0.2;-2;-0.2
56;T;H;0.07042253521126761;-98.9;-6.0;-4;-1.7;3;-1.1;-5;-0.2;2;-0.4
57;T;T;0.19014084507042253;-76.1;124.2;-4;-1.1;88;-0.1;-3;-0.5;84;-0.0
58;G;T;0.8809523809523809;90.9;14.2;-2;-0.4;3;-0.3;86;-0.1;-1;-0.2
59;T;-;0.22535211267605634;-99.3;24.5;-3;-1.1;3;-1.3;1;-0.2;8;-0.1
60;G;T;0.9642857142857143;-55.8;-24.9;1;-0.3;-1;-0.2;7;-0.0;4;-0.1
61;T;T;1.0;-94.2;-11.9;-3;-0.3;-1;-0.3;2;-0.1;-2;-0.1
62;M;S;0.4308510638297872;-86.3;139.5;-3;-1.3;-3;-0.0;1;-0.1;-4;-0.0
63;P;-;0.6544117647058824;-53.9;144.5;0;0.0;4;-2.3;0;0.0;3;-0.3
64;F;H;0.7817258883248731;-50.3;-48.5;1;-0.2;4;-2.2;2;-0.2;5;-0.2
65;G;H;0.5357142857142857;-65.2;-38.0;1;-0.2;4;-2.0;2;-0.2;-1;-0.2
66;M;H;0.5319148936170213;-73.3;-37.7;-3;-0.3;4;-2.2;2;-0.2;-1;-0.2
67;A;H;0.07547169811320754;-65.2;-42.0;-4;-2.3;4;-2.3;1;-0.2;-2;-0.2
68;K;H;0.22439024390243903;-73.0;-33.5;-4;-2.2;4;-3.1;-5;-0.2;-2;-0.2
69;L;H;0.43902439024390244;-63.6;-47.5;-4;-2.0;4;-2.7;2;-0.2;-1;-0.2
70;V;H;0.4225352112676056;-59.9;-43.8;-4;-2.2;4;-2.1;1;-0.2;-2;-0.2
71;G;H;0.0;-61.6;-41.6;-4;-2.3;4;-2.4;1;-0.2;-2;-0.2
72;G;H;0.0;-62.3;-41.2;-4;-3.1;4;-1.3;2;-0.2;-2;-0.2
73;I;H;0.47337278106508873;-62.5;-42.4;-4;-2.7;3;-0.4;1;-0.2;4;-0.3
74;C;H;0.1259259259259259;-66.0;-38.3;-4;-2.1;3;-1.4;1;-0.2;4;-0.3
75;F;H;0.030456852791878174;-65.8;-26.4;-4;-2.4;3;-2.0;1;-0.3;4;-0.5
76;S;H;0.038461538461538464;-60.6;-20.8;-4;-1.3;4;-2.1;-3;-0.4;-1;-0.3
77;L;H;0.38414634146341464;-54.5;-34.4;-3;-1.4;4;-2.5;-4;-0.3;-1;-0.3
78;G;H;0.0;-60.5;-54.1;-3;-2.0;4;-1.9;-4;-0.3;-1;-0.2
79;L;H;0.04878048780487805;-66.8;-34.5;-4;-0.5;4;-2.5;1;-0.2;5;-0.3
80;I;H;0.17159763313609466;-60.8;-44.4;-4;-2.1;4;-2.8;1;-0.2;5;-0.3
81;L;H;0.2621951219512195;-62.5;-39.2;-4;-2.5;4;-2.6;1;-0.2;6;-0.3
82;C;H;0.02962962962962963;-67.6;-42.4;-4;-1.9;5;-1.9;-5;-0.2;4;-0.8
83;V;H;0.28169014084507044;-74.4;-42.5;-4;-2.5;3;-0.2;3;-0.2;-2;-0.2
84;V;H;0.4788732394366197;-71.9;-37.6;-4;-2.8;-2;-0.2;-5;-0.3;-1;-0.2
85;C;H;0.5555555555555556;-92.3;-5.9;-4;-2.6;-1;-0.2;-5;-0.3;-2;-0.2
86;G;T;0.4642857142857143;75.1;27.2;-4;-0.8;-3;-0.2;-3;-0.2;-4;-0.1
87;A;-;0.05660377358490566;-76.0;146.3;-5;-1.9;2;-0.8;-6;-0.3;-1;-0.2
88;D;-;0.006134969325153374;-93.5;106.2;-51;-0.3;2;-0.5;-54;-0.2;-47;-0.2
89;L;-;0.012195121951219513;-101.1;129.1;-2;-0.8;4;-1.9;1;-0.1;3;-0.7
90;F;H;0.03553299492385787;-49.2;-47.6;-2;-0.5;4;-0.7;1;-0.2;3;-0.3
91;T;H;0.0;-67.7;-31.7;1;-0.2;3;-0.3;2;-0.2;-1;-0.2
92;S;H;0.07692307692307693;-79.3;-25.3;-3;-0.7;3;-1.5;1;-0.2;-1;-0.2
93;T;H;0.0;-74.3;-10.4;-4;-1.9;3;-2.7;-3;-0.3;4;-0.3
94;V;G;0.0;-65.1;-17.9;-4;-0.7;3;-1.9;-3;-0.3;-1;-0.3
95;L;G;0.036585365853658534;-73.5;-11.9;-3;-1.5;3;-2.2;1;-0.3;4;-0.5
96;I;G;0.011834319526627219;-63.4;-16.5;-3;-2.7;4;-1.8;1;-0.3;3;-0.8
97;V;H;0.13380281690140844;-62.6;-27.3;-3;-1.9;4;-3.1;1;-0.3;-1;-0.3
98;V;H;0.007042253521126761;-61.3;-41.9;-3;-2.2;4;-1.3;2;-0.2;-1;-0.3
99;A;H;0.0;-66.4;-39.7;-3;-0.8;5;-2.4;-4;-0.5;6;-0.6
100;K;H;0.2682926829268293;-63.8;-50.7;-4;-1.8;3;-2.5;4;-0.2;-2;-0.2
101;A;H;0.20754716981132076;-56.6;-23.9;-4;-3.1;-2;-0.2;1;-0.3;-1;-0.2
102;S;T;0.1076923076923077;-89.0;-3.2;-4;-1.3;-1;-0.3;-5;-0.2;-2;-0.2
103;G;T;0.7738095238095238;80.3;20.1;-3;-2.5;-3;-0.2;2;-0.2;-2;-0.1
104;R;S;0.5766129032258065;-97.5;-15.8;-5;-2.4;2;-0.3;-6;-0.1;-4;-0.2
105;I;S;0.0650887573964497;-135.1;154.5;-6;-0.6;2;-0.2;-5;-0.1;-2;-0.2
106;T;-;0.5633802816901409;-91.4;162.7;-2;-0.3;4;-2.0;1;-0.1;5;-0.1
107;W;H;0.7268722466960352;-61.7;-31.1;1;-0.2;4;-2.5;2;-0.2;5;-0.2
108;G;H;0.5833333333333334;-68.8;-40.1;2;-0.2;4;-2.3;1;-0.2;-1;-0.2
109;Q;H;0.3939393939393939;-68.4;-37.5;2;-0.2;4;-2.1;1;-0.2;-2;-0.2
110;L;H;0.018292682926829267;-65.6;-50.1;-4;-2.0;4;-2.6;2;-0.2;-2;-0.2
111;A;H;0.44339622641509435;-62.5;-42.6;-4;-2.5;4;-2.8;1;-0.2;5;-0.2
112;K;H;0.6536585365853659;-61.8;-45.7;-4;-2.3;4;-2.5;1;-0.2;-1;-0.2
113;N;H;0.06369426751592357;-62.5;-45.1;-4;-2.1;4;-2.7;2;-0.2;5;-0.2
114;W;H;0.16740088105726872;-60.8;-45.0;-4;-2.6;4;-3.0;1;-0.2;-2;-0.2
115;L;H;0.6219512195121951;-64.9;-44.4;-4;-2.8;4;-2.3;2;-0.2;5;-0.3
116;N;H;0.21656050955414013;-59.7;-45.7;-4;-2.5;4;-2.1;-5;-0.2;-2;-0.2
117;V;H;0.0;-69.9;-43.8;-4;-2.7;4;-3.0;2;-0.2;-27;-0.2
118;Y;H;0.16216216216216217;-58.6;-44.7;-4;-3.0;4;-2.0;-5;-0.2;-2;-0.2
119;F;H;0.5786802030456852;-71.3;-40.6;-4;-2.3;4;-2.5;1;-0.2;-1;-0.2
120;G;H;0.0;-58.0;-45.4;-4;-2.1;4;-2.6;-5;-0.3;-1;-0.2
121;N;H;0.0;-57.3;-44.9;-4;-3.0;4;-2.7;2;-0.2;-2;-0.2
122;L;H;0.27439024390243905;-58.7;-47.1;-4;-2.0;4;-2.5;2;-0.2;5;-0.2
123;V;H;0.39436619718309857;-60.4;-47.0;-4;-2.5;4;-2.5;1;-0.2;5;-0.2
124;G;H;0.0;-58.2;-45.2;-4;-2.6;4;-1.9;1;-0.2;-1;-0.2
125;A;H;0.0;-63.5;-43.3;-4;-2.7;4;-2.0;1;-0.2;-2;-0.2
126;L;H;0.49390243902439024;-67.3;-40.1;-4;-2.5;4;-2.5;2;-0.2;-1;-0.2
127;L;H;0.5304878048780488;-57.2;-40.6;-4;-2.5;4;-2.1;1;-0.2;-1;-0.2
128;F;H;0.15228426395939088;-72.6;-35.9;-4;-1.9;4;-2.7;2;-0.2;-2;-0.2
129;V;H;0.056338028169014086;-53.2;-47.9;-4;-2.0;4;-2.8;2;-0.2;-1;-0.2
130;L;H;0.5487804878048781;-58.7;-43.4;-4;-2.5;4;-2.7;1;-0.2;5;-0.2
131;L;H;0.6402439024390244;-63.8;-43.4;-4;-2.1;4;-1.6;1;-0.2;-1;-0.2
132;M;H;0.09042553191489362;-66.4;-41.2;-4;-2.7;5;-1.2;2;-0.2;4;-0.7
133;W;H;0.2687224669603524;-61.4;-45.5;-4;-2.8;3;-1.0;1;-0.2;-2;-0.2
134;L;H;0.774390243902439;-70.4;-23.0;-4;-2.7;-1;-0.2;1;-0.3;-2;-0.2
135;S;H;0.5307692307692308;-78.0;-19.1;-4;-1.6;-1;-0.3;-5;-0.2;-2;-0.2
136;G;T;0.30952380952380953;73.0;17.2;-3;-1.0;3;-1.8;-4;-0.7;4;-0.2
137;E;G;0.31443298969072164;-59.0;-27.1;-5;-1.2;3;-2.3;1;-0.3;9;-0.2
138;Y;G;0.13963963963963963;-60.0;-15.2;-6;-0.4;8;-1.4;1;-0.3;-1;-0.3
139;M;G;0.35106382978723405;-96.0;-2.5;-3;-1.8;4;-1.1;6;-0.1;3;-0.7
140;T;T;0.39436619718309857;-61.8;144.6;-3;-2.3;5;-2.0;1;-0.2;6;-0.4
141;A;T;0.49056603773584906;58.4;44.9;1;-0.2;3;-1.5;2;-0.2;-1;-0.2
142;N;T;0.8662420382165605;59.4;32.6;-3;-0.7;-2;-0.2;1;-0.3;-1;-0.2
143;G;T;0.0;92.9;-5.4;-4;-1.1;4;-2.3;-6;-0.1;-1;-0.3
144;Q;H;0.41414141414141414;-68.9;-33.2;-3;-1.5;4;-2.5;-5;-0.2;-3;-0.2
145;W;H;0.013215859030837005;-58.6;-48.8;-5;-2.0;4;-1.8;2;-0.2;-1;-0.2
146;G;H;0.0;-62.0;-41.9;-8;-1.4;4;-2.4;-6;-0.4;-2;-0.2
147;L;H;0.0975609756097561;-61.0;-41.0;-4;-2.3;4;-2.8;-9;-0.2;-1;-0.2
148;N;H;0.12738853503184713;-61.2;-41.7;-4;-2.5;4;-2.5;2;-0.2;-1;-0.2
149;V;H;0.007042253521126761;-59.8;-47.2;-4;-1.8;4;-3.0;2;-0.2;5;-0.3
150;L;H;0.0;-61.1;-43.3;-4;-2.4;4;-2.7;1;-0.2;-2;-0.2
151;Q;H;0.5303030303030303;-68.5;-43.1;-4;-2.8;4;-2.2;2;-0.2;-1;-0.2
152;T;H;0.11971830985915492;-65.9;-45.7;-4;-2.5;4;-1.4;-5;-0.2;-2;-0.2
153;A;H;0.0;-62.8;-41.7;-4;-3.0;4;-1.2;-5;-0.2;-2;-0.2
154;D;H;0.17791411042944785;-63.6;-40.9;-4;-2.7;4;-0.6;-5;-0.3;3;-0.4
155;H;H;0.6467391304347826;-62.9;-33.6;-4;-2.2;3;-0.8;1;-0.2;-1;-0.2
156;K;H;0.08780487804878048;-77.1;-26.3;-4;-1.4;3;-0.6;1;-0.2;-1;-0.2
157;V;H;0.04929577464788732;-88.5;-2.7;-4;-1.2;-1;-0.2;-3;-0.4;-2;-0.2
158;H;T;0.5108695652173914;-99.2;4.0;-3;-0.8;-1;-0.2;-4;-0.6;-2;-0.2
159;H;S;0.17391304347826086;-75.9;144.5;-3;-0.6;2;-0.1;-4;-0.2;-3;-0.0
160;T;-;0.5070422535211268;-68.4;160.4;-2;-0.1;4;-2.8;1;-0.1;5;-0.2
161;F;H;0.5736040609137056;-53.9;-46.0;1;-0.2;4;-2.0;2;-0.2;5;-0.1
162;I;H;0.7337278106508875;-70.4;-41.5;1;-0.2;4;-2.5;2;-0.2;5;-0.2
163;E;H;0.5103092783505154;-60.4;-42.4;1;-0.2;4;-2.7;2;-0.2;-1;-0.2
164;A;H;0.0;-65.3;-38.8;-4;-2.8;4;-2.1;1;-0.2;-2;-0.2
165;V;H;0.15492957746478872;-64.6;-47.9;-4;-2.0;4;-2.2;-5;-0.2;-1;-0.2
166;C;H;0.45925925925925926;-63.8;-42.1;-4;-2.5;4;-2.3;1;-0.2;-2;-0.2
167;L;H;0.1951219512195122;-63.1;-37.6;-4;-2.7;4;-2.1;1;-0.2;41;-0.3
168;G;H;0.0;-63.4;-38.4;-4;-2.1;4;-2.2;-5;-0.2;-2;-0.2
169;I;H;0.21301775147928995;-62.2;-47.4;-4;-2.2;4;-1.8;1;-0.2;-2;-0.2
170;L;H;0.43902439024390244;-66.5;-38.7;-4;-2.3;4;-1.7;1;-0.2;-1;-0.2
171;A;H;0.0;-61.8;-51.2;-4;-2.1;4;-2.1;37;-0.3;-1;-0.2
172;N;H;0.0;-73.7;-26.1;-4;-2.2;4;-2.5;36;-0.3;5;-0.2
173;L;H;0.2865853658536585;-54.8;-46.7;-4;-1.8;4;-2.0;-5;-0.2;-1;-0.2
174;M;H;0.18617021276595744;-71.0;-39.6;-4;-1.7;4;-2.4;2;-0.2;-2;-0.2
175;V;H;0.02112676056338028;-63.8;-44.9;-4;-2.1;4;-2.4;2;-0.2;5;-0.2
176;C;H;0.0;-66.0;-40.2;-4;-2.5;4;-3.2;1;-0.2;-1;-0.2
177;L;H;0.25;-63.2;-37.6;-4;-2.0;4;-2.8;-5;-0.2;-1;-0.2
178;A;H;0.0;-62.7;-46.2;-4;-2.4;4;-1.5;2;-0.2;-2;-0.2
179;V;H;0.035211267605633804;-67.8;-42.7;-4;-2.4;4;-1.0;2;-0.2;-2;-0.2
180;W;H;0.039647577092511016;-57.6;-47.2;-4;-3.2;3;-1.0;1;-0.2;4;-0.5
181;M;H;0.30319148936170215;-64.8;-29.5;-4;-2.8;3;-1.1;1;-0.3;4;-0.5
182;S;H;0.007692307692307693;-68.7;-27.2;-4;-1.5;3;-0.9;1;-0.3;-1;-0.3
183;Y;T;0.16216216216216217;-65.7;-21.2;-3;-1.0;-1;-0.3;-4;-1.0;-2;-0.2
184;S;T;0.2;-79.4;-20.0;-3;-1.1;-174;-1.6;-4;-0.5;-1;-0.2
185;G;-;0.14285714285714285;-82.4;152.3;-3;-0.9;-177;-0.1;-4;-0.5;-176;-0.0
186;R;-;0.4959677419354839;-112.5;-20.6;-2;-0.1;2;-0.3;-179;-0.1;-1;-0.1
187;S;S;0.3923076923076923;-112.1;158.7;1;-0.1;4;-2.0;-180;-0.1;5;-0.2
188;L;H;0.676829268292683;-55.3;-39.9;-2;-0.3;4;-2.5;1;-0.2;5;-0.2
189;M;H;0.6808510638297872;-65.8;-41.3;1;-0.2;4;-2.6;2;-0.2;5;-0.3
190;D;H;0.49079754601226994;-57.5;-47.0;2;-0.2;4;-1.9;1;-0.2;-1;-0.2
191;K;H;0.36585365853658536;-68.6;-40.2;-4;-2.0;4;-1.0;2;-0.2;-2;-0.2
192;A;H;0.16981132075471697;-69.9;-41.7;-4;-2.5;4;-0.7;1;-0.2;3;-0.4
193;F;H;0.7055837563451777;-74.0;-38.0;-4;-2.6;3;-0.7;1;-0.2;4;-0.7
194;I;H;0.3609467455621302;-71.8;-24.0;-4;-1.9;-1;-0.2;-5;-0.3;-2;-0.2
195;M;H;0.0;-82.5;-20.6;-4;-1.0;4;-2.0;-3;-0.4;5;-0.3
196;V;H;0.2112676056338028;-61.6;-42.7;-4;-0.7;4;-3.0;-3;-0.7;5;-0.2
197;L;H;0.7621951219512195;-75.8;-52.8;-4;-0.7;4;-2.9;2;-0.2;5;-0.2
198;P;H;0.07352941176470588;-57.9;-39.1;0;0.0;4;-2.0;0;0.0;-1;-0.2
199;V;H;0.007042253521126761;-68.6;-46.9;-4;-2.0;4;-2.1;1;-0.2;5;-0.3
200;A;H;0.018867924528301886;-56.7;-41.7;-4;-3.0;4;-3.0;-5;-0.3;5;-0.3
201;M;H;0.4308510638297872;-60.7;-50.0;-4;-2.9;4;-2.0;-5;-0.2;-1;-0.2
202;F;H;0.030456852791878174;-73.9;-29.3;-4;-2.0;5;-2.7;-5;-0.2;4;-0.3
203;V;H;0.09859154929577464;-72.8;-45.6;-4;-2.1;3;-1.1;3;-0.2;-2;-0.2
204;A;H;0.18867924528301888;-63.7;-29.6;-4;-3.0;-2;-0.2;-5;-0.3;-1;-0.2
205;S;T;0.4846153846153846;-85.6;-10.7;-4;-2.0;-1;-0.3;-5;-0.3;-2;-0.2
206;G;T;0.40476190476190477;86.6;20.3;-3;-1.1;-3;-0.2;-4;-0.3;-2;-0.1
207;F;-;0.15228426395939088;-65.4;154.5;-5;-2.7;2;-0.5;-6;-0.2;-1;-0.2
208;E;-;0.010309278350515464;-107.2;124.4;-41;-0.3;2;-0.5;-44;-0.2;-37;-0.3
209;H;-;0.03804347826086957;-114.8;116.6;-2;-0.5;4;-2.4;1;-0.1;5;-0.2
210;S;H;0.0;-56.2;-43.7;-2;-0.5;4;-0.8;48;-0.3;-1;-0.1
211;I;H;0.005917159763313609;-69.9;-42.2;2;-0.2;3;-0.7;1;-0.2;4;-0.4
212;A;H;0.009433962264150943;-60.6;-35.1;1;-0.2;4;-2.0;2;-0.2;3;-1.4
213;N;H;0.0;-74.1;-17.5;-4;-2.4;4;-1.5;1;-0.3;-1;-0.2
214;M;H;0.0;-71.9;-17.1;-4;-0.8;-1;-0.3;-3;-0.7;-2;-0.2
215;F;H;0.005076142131979695;-99.2;-53.0;-3;-1.4;4;-2.6;-4;-0.4;5;-0.2
216;M;H;0.0;-60.0;-48.9;-4;-2.0;4;-1.9;2;-0.2;-63;-0.2
217;I;H;0.0;-75.2;-45.5;-4;-1.5;4;-2.7;2;-0.2;-1;-0.2
218;P;H;0.10294117647058823;-59.2;-41.9;0;0.0;4;-2.6;0;0.0;-1;-0.2
219;M;H;0.0;-57.2;-42.5;-4;-2.6;4;-2.2;2;-0.2;-2;-0.2
220;G;H;0.0;-60.7;-40.9;-4;-1.9;4;-2.4;-5;-0.2;-1;-0.2
221;I;H;0.07692307692307693;-65.3;-44.3;-4;-2.7;4;-2.4;2;-0.2;5;-0.2
222;V;H;0.2112676056338028;-63.1;-43.0;-4;-2.6;4;-2.8;2;-0.2;5;-0.3
223;I;H;0.0;-64.4;-44.3;-4;-2.2;4;-1.9;1;-0.2;-2;-0.2
224;R;H;0.24596774193548387;-61.6;-40.4;-4;-2.4;-2;-0.2;1;-0.2;-1;-0.2
225;D;H;0.49693251533742333;-87.0;-30.4;-4;-2.4;-2;-0.2;-5;-0.2;-1;-0.2
226;F;H;0.6751269035532995;-123.1;-3.8;-4;-2.8;-3;-0.2;-5;-0.2;-2;-0.2
227;A;-;0.1320754716981132;-63.0;143.5;-4;-1.9;-4;-0.0;-5;-0.3;5;-0.0
228;S;-;0.23076923076923078;-70.8;154.3;1;-0.1;4;-1.4;4;-0.0;3;-0.7
229;P;H;0.6764705882352942;-54.7;-31.3;0;0.0;4;-2.1;0;0.0;5;-0.2
230;E;H;0.6391752577319587;-59.7;-43.2;1;-0.2;4;-2.2;2;-0.2;5;-0.1
231;F;H;0.0;-57.1;-48.0;-3;-0.7;4;-2.0;2;-0.2;-1;-0.2
232;W;H;0.11894273127753303;-68.7;-36.0;-4;-1.4;5;-1.4;1;-0.2;4;-1.1
233;T;H;0.823943661971831;-64.0;-40.7;-4;-2.1;-1;-0.2;2;-0.2;-2;-0.2
234;A;H;0.4716981132075472;-65.0;-38.5;-4;-2.2;-2;-0.2;1;-0.2;-1;-0.2
235;V;H;0.11971830985915492;-94.7;-6.9;-4;-2.0;-1;-0.2;-5;-0.1;-2;-0.2
236;G;T;0.8571428571428571;64.1;28.3;-4;-1.1;2;-0.2;1;-0.2;-3;-0.2
237;S;-;0.2076923076923077;-128.0;178.0;-5;-1.4;-1;-0.2;-6;-0.2;-2;-0.1
238;A;-;0.25471698113207547;-137.0;149.3;-2;-0.2;3;-1.9;-3;-0.1;4;-0.3
239;P;G;0.23529411764705882;-53.5;-28.9;0;0.0;3;-1.9;0;0.0;-1;-0.1
240;E;G;0.6804123711340206;-65.2;-24.7;1;-0.3;3;-1.0;2;-0.2;4;-0.1
241;N;G;0.6560509554140127;-70.0;-14.9;-3;-1.9;-1;-0.3;1;-0.3;3;-0.1
242;F;G;0.06091370558375635;-124.3;41.5;-3;-1.9;3;-1.6;-4;-0.3;-1;-0.3
243;S;T;0.43846153846153846;-68.8;-20.8;-3;-1.0;-1;-0.1;1;-0.3;-2;-0.1
244;H;T;0.4945652173913043;-80.1;-11.6;1;-0.2;2;-2.2;-3;-0.1;-1;-0.3
245;L;-;0.0;-78.0;77.4;-3;-1.6;2;-0.3;-25;-0.1;-1;-0.2
246;T;-;0.323943661971831;-121.0;157.2;-2;-2.2;4;-2.4;1;-0.1;5;-0.1
247;V;H;0.6338028169014085;-60.5;-37.8;-2;-0.3;4;-2.2;1;-0.2;5;-0.2
248;M;H;0.6702127659574468;-65.9;-45.2;1;-0.2;4;-2.7;2;-0.2;5;-0.3
249;N;H;0.2356687898089172;-66.5;-34.4;1;-0.2;4;-2.0;2;-0.2;5;-0.5
250;F;I;0.06598984771573604;-59.0;-45.0;-4;-2.4;5;-3.1;3;-0.2;4;-0.9
251;I;I;0.3905325443786982;-74.8;-44.4;-4;-2.2;5;-2.2;3;-0.2;-2;-0.2
252;T;I;0.4014084507042254;-86.2;-35.5;-4;-2.7;-3;-0.2;1;-0.2;-2;-0.2
253;D;I;0.3619631901840491;-97.5;-14.7;-4;-2.0;-3;-0.2;-5;-0.3;-1;-0.2
254;N;I;0.0;-134.2;-60.5;-4;-0.9;4;-2.7;-5;-0.5;5;-0.4
255;L;I;0.12804878048780488;-60.9;-46.4;-5;-3.1;4;-2.4;1;-0.2;5;-0.2
256;I;H;0.47337278106508873;-70.2;-53.4;-5;-2.2;4;-2.4;-6;-0.2;-1;-0.2
257;P;H;0.0;-61.7;-38.0;0;0.0;4;-2.5;0;0.0;-2;-0.2
258;V;H;0.0;-69.6;-41.6;-4;-2.7;4;-3.1;2;-0.2;-48;-0.3
259;T;H;0.13380281690140844;-60.0;-40.7;-4;-2.4;4;-2.3;-5;-0.4;-1;-0.2
260;I;H;0.40236686390532544;-61.6;-47.9;-4;-2.4;4;-2.4;1;-0.2;-2;-0.2
261;G;H;0.0;-59.2;-45.1;-4;-2.5;4;-3.1;1;-0.2;-2;-0.2
262;N;H;0.0;-60.4;-40.9;-4;-3.1;4;-2.1;2;-0.2;5;-0.3
263;I;H;0.34911242603550297;-64.2;-43.4;-4;-2.3;4;-2.5;2;-0.2;5;-0.5
264;I;I;0.378698224852071;-65.9;-45.8;-4;-2.4;4;-1.4;1;-0.2;5;-1.2
265;G;I;0.0;-62.7;-46.1;-4;-3.1;5;-0.8;-5;-0.2;4;-0.3
266;G;I;0.0;-79.7;-49.2;-4;-2.1;5;-2.7;-5;-0.2;4;-0.4
267;G;I;0.11904761904761904;-65.9;-49.2;-4;-2.5;5;-1.9;-5;-0.3;-3;-0.2
268;L;I;0.573170731707317;-89.4;-42.2;-4;-1.4;5;-0.7;-5;-0.5;-3;-0.2
269;L;I;0.4268292682926829;-85.8;-34.5;-5;-1.2;-3;-0.2;-4;-0.3;-4;-0.1
270;V;I;0.007042253521126761;-107.1;-54.0;-5;-0.8;4;-2.6;-4;-0.4;5;-0.4
271;G;I;0.0;-57.5;-50.4;-5;-2.7;4;-2.0;1;-0.2;-3;-0.2
272;L;I;0.39634146341463417;-74.3;-39.6;-5;-1.9;4;-2.5;1;-0.2;5;-0.2
273;T;H;0.4225352112676056;-63.4;-44.6;-5;-0.7;4;-2.0;2;-0.2;-1;-0.2
274;Y;H;0.23873873873873874;-76.6;-31.2;-4;-2.6;4;-2.3;1;-0.2;5;-0.5
275;W;H;0.16740088105726872;-62.7;-45.8;-4;-2.0;4;-2.1;-5;-0.4;5;-1.6
276;V;H;0.43661971830985913;-64.1;-33.6;-4;-2.5;5;-0.2;3;-0.2;-2;-0.2
277;I;H;0.5266272189349113;-82.7;-36.5;-4;-2.0;-2;-0.2;-5;-0.2;-1;-0.2
278;Y;H;0.35135135135135137;-119.9;-19.7;-4;-2.3;-3;-0.2;-5;-0.2;-2;-0.2
279;L;T;0.054878048780487805;-115.4;-22.1;-4;-2.1;3;-0.9;-5;-0.5;4;-0.6
280;R;H;0.5564516129032258;-60.5;-29.7;-5;-1.6;3;-1.1;1;-0.2;4;-0.6
281;E;H;0.8195876288659794;-78.5;-12.8;1;-0.3;3;-0.5;-5;-0.2;-1;-0.2
282;N;H;0.5987261146496815;-93.2;-8.9;-3;-0.9;3;-0.7;1;-0.2;-1;-0.3
283;D;H;0.5766871165644172;-89.1;-9.2;-3;-1.1;-1;-0.2;-4;-0.6;-2;-0.2
284;H;T;0.8206521739130435;-96.4;39.0;-4;-0.6;-1;-0.2;-3;-0.5;-2;-0.2
285;H;-;1.0;-128.2;360.0;-3;-0.7;-1;-0.0;-4;-0.1;-3;-0.0
