1;M;-;1.0;360.0;85.2;0;0.0;0;0.0;0;0.0;0;0.0
2;F;-;0.9187817258883249;74.0;119.0;0;0.0;0;0.0;0;0.0;0;0.0
3;K;-;0.9658536585365853;175.4;97.0;0;0.0;2;-0.3;0;0.0;0;0.0
4;R;-;0.907258064516129;-7.2;107.3;2;-0.0;2;-0.1;0;0.0;0;0.0
5;L;-;0.8902439024390244;-145.7;89.0;-2;-0.3;2;-0.4;2;-0.0;0;0.0
6;M;-;0.9946808510638298;-14.6;94.3;-2;-0.1;2;-0.3;0;0.0;-2;-0.0
7;M;-;0.8882978723404256;-125.6;91.9;-2;-0.4;-2;-0.0;3;-0.0;3;-0.0
8;V;-;0.9084507042253521;30.4;79.1;-2;-0.3;2;-0.9;1;-0.1;0;0.0
9;A;-;0.8773584905660378;-50.9;71.8;2;-0.0;2;-0.9;0;0.0;-1;-0.1
10;L;-;0.8902439024390244;-49.4;75.0;-2;-0.9;2;-0.9;-3;-0.0;-3;-0.0
11;L;-;0.9451219512195121;-50.1;69.0;-2;-0.9;2;-0.8;2;-0.0;-2;-0.0
12;V;-;0.8028169014084507;-52.2;83.3;-2;-0.9;2;-1.0;2;-0.0;-2;-0.0
13;I;-;0.8994082840236687;-49.2;67.1;-2;-0.8;-2;-0.0;3;-0.0;0;0.0
14;A;-;0.660377358490566;-49.2;116.1;-2;-1.0;2;-0.4;3;-0.0;-2;-0.0
15;P;-;0.8382352941176471;-54.1;86.0;0;0.0;2;-1.0;0;0.0;0;0.0
16;L;-;1.0;-25.2;59.0;-2;-0.4;2;-1.0;3;-0.0;-3;-0.0
17;S;-;0.8461538461538461;-22.8;71.7;-2;-1.0;2;-1.4;3;-0.0;-3;-0.0
18;A;-;0.8207547169811321;-25.8;55.4;-2;-1.0;2;-0.5;3;-0.0;0;0.0
19;A;-;0.8018867924528302;-12.2;75.0;-2;-1.4;2;-0.8;3;-0.0;-3;-0.0
20;T;-;0.9507042253521126;-24.8;76.2;-2;-0.5;2;-0.3;3;-0.0;3;-0.1
21;A;-;0.8490566037735849;-34.2;107.1;-2;-0.8;3;-0.1;1;-0.1;-3;-0.0
22;A;-;0.660377358490566;-26.0;109.8;-2;-0.3;2;-0.6;1;-0.1;-1;-0.1
23;D;-;0.5766871165644172;-37.7;97.8;1;-0.2;3;-0.2;-3;-0.1;-1;-0.1
24;Q;-;0.3383838383838384;-102.6;27.3;-2;-0.6;137;-1.6;1;-0.1;-1;-0.2
25;T;S;0.6549295774647887;-97.3;-10.0;1;-0.2;-1;-0.1;135;-0.1;-2;-0.0
26;N;-;0.12738853503184713;-125.8;110.2;-3;-0.2;4;-2.1;1;-0.1;3;-0.4
27;P;H;0.0;-62.6;-27.5;0;0.0;4;-2.5;0;0.0;5;-0.2
28;Y;H;0.0990990990990991;-69.7;-38.8;2;-0.2;4;-2.4;1;-0.2;5;-0.1
29;K;H;0.6146341463414634;-68.2;-43.4;-3;-0.4;4;-2.6;2;-0.2;-1;-0.2
30;L;H;0.042682926829268296;-60.9;-42.8;-4;-2.1;4;-2.6;2;-0.2;-2;-0.2
31;M;H;0.05851063829787234;-61.9;-45.5;-4;-2.5;4;-2.8;2;-0.2;5;-0.2
32;D;H;0.4539877300613497;-60.0;-43.5;-4;-2.4;4;-2.8;1;-0.2;5;-0.2
33;E;H;0.34536082474226804;-62.0;-49.2;-4;-2.6;4;-2.6;2;-0.2;5;-0.3
34;A;H;0.0660377358490566;-59.1;-44.4;-4;-2.6;4;-2.2;2;-0.2;5;-0.2
35;A;H;0.09433962264150944;-65.4;-47.9;-4;-2.8;4;-2.7;2;-0.2;5;-0.3
36;Q;H;0.46464646464646464;-60.7;-51.2;-4;-2.8;4;-2.6;-5;-0.2;5;-0.2
37;K;H;0.4097560975609756;-61.4;-43.0;-4;-2.6;4;-2.0;-5;-0.2;-1;-0.2
38;T;H;0.028169014084507043;-64.0;-50.4;-4;-2.2;4;-2.5;-5;-0.3;-2;-0.2
39;F;H;0.17258883248730963;-70.7;-31.7;-4;-2.7;4;-2.1;1;-0.2;-2;-0.2
40;D;H;0.4294478527607362;-61.9;-44.0;-4;-2.6;4;-2.7;-5;-0.3;5;-0.3
41;R;H;0.10483870967741936;-70.3;-37.4;-4;-2.0;4;-2.4;-5;-0.2;-2;-0.2
42;L;H;0.018292682926829267;-63.5;-35.5;-4;-2.5;-1;-0.2;1;-0.2;-2;-0.2
43;K;H;0.6780487804878049;-76.2;-43.5;-4;-2.1;3;-0.6;-5;-0.2;-2;-0.2
44;N;H;0.7261146496815286;-92.2;-21.8;-4;-2.7;-3;-0.2;1;-0.2;-2;-0.2
45;E;T;0.22164948453608246;-111.4;32.2;-4;-2.4;4;-2.1;-5;-0.3;-1;-0.2
46;Q;H;0.24242424242424243;-62.3;-40.7;-3;-0.6;4;-3.0;1;-0.2;5;-0.3
47;P;H;0.5882352941176471;-58.9;-41.1;0;0.0;4;-1.8;0;0.0;-1;-0.2
48;Q;H;0.51010101010101;-65.7;-42.0;-3;-0.2;4;-2.0;2;-0.2;7;-0.2
49;I;H;0.029585798816568046;-66.3;-40.1;-4;-2.1;6;-0.2;1;-0.2;-1;-0.2
50;R;H;0.6048387096774194;-68.1;-37.4;-4;-3.0;-1;-0.2;1;-0.2;-2;-0.2
51;A;H;0.8301886792452831;-71.7;-34.3;-4;-1.8;-1;-0.2;-5;-0.3;-2;-0.2
52;N;-;0.535031847133758;-148.2;86.5;-4;-2.0;3;-2.6;-5;-0.1;-1;-0.3
53;P;T;0.22794117647058823;-56.2;-24.2;0;0.0;3;-2.0;0;0.0;4;-0.2
54;D;T;0.1411042944785276;-65.4;-16.0;1;-0.3;3;-1.9;151;-0.2;4;-0.6
55;Y;H;0.23423423423423423;-58.4;-22.2;-3;-2.6;4;-1.7;1;-0.3;3;-0.8
56;L;H;0.006097560975609756;-65.4;-26.4;-3;-2.0;4;-2.3;1;-0.3;-1;-0.3
57;R;H;0.1532258064516129;-63.3;-36.3;-3;-1.9;4;-2.5;-4;-0.2;-1;-0.3
58;T;H;0.352112676056338;-65.6;-42.3;-3;-0.8;4;-2.4;-4;-0.6;5;-0.3
59;I;H;0.0;-63.4;-42.1;-4;-1.7;4;-3.1;1;-0.2;5;-0.6
60;V;I;0.0;-63.1;-46.1;-4;-2.3;5;-2.3;1;-0.2;4;-1.9
61;D;I;0.26380368098159507;-61.5;-38.5;-4;-2.5;-2;-0.2;1;-0.2;-1;-0.2
62;Q;I;0.4898989898989899;-92.4;-32.7;-4;-2.4;-2;-0.2;-5;-0.2;-1;-0.2
63;E;I;0.13402061855670103;-108.3;-17.7;-4;-3.1;-25;-0.2;-5;-0.3;-3;-0.2
64;L;I;0.2865853658536585;-115.7;-43.5;-4;-1.9;3;-2.4;-5;-0.6;4;-0.2
65;L;G;0.07317073170731707;-70.4;-26.1;-5;-2.3;3;-1.8;1;-0.3;5;-0.3
66;P;G;0.5367647058823529;-63.2;-16.7;0;0.0;-1;-0.3;0;0.0;-2;-0.1
67;Y;G;0.13963963963963963;-101.3;1.9;-3;-2.4;96;-3.0;95;-0.1;2;-0.4
68;V;B;0.2746478873239437;-110.8;132.5;-3;-1.8;2;-1.5;94;-0.2;96;-0.2
69;Q;-;0.13636363636363635;-81.7;81.2;94;-3.0;4;-2.5;-2;-0.4;5;-0.2
70;V;H;0.15492957746478872;-63.3;-42.8;-2;-1.5;4;-3.4;-5;-0.3;5;-0.2
71;K;H;0.7024390243902439;-66.4;-39.5;1;-0.2;4;-2.5;2;-0.2;-1;-0.2
72;Y;H;0.36486486486486486;-64.4;-50.1;2;-0.2;4;-2.1;1;-0.2;-2;-0.2
73;A;H;0.0660377358490566;-57.1;-48.5;-4;-2.5;4;-2.1;1;-0.2;-2;-0.2
74;G;H;0.0;-58.0;-39.5;-4;-3.4;4;-1.8;1;-0.2;-1;-0.2
75;A;H;0.19811320754716982;-66.7;-38.6;-4;-2.5;4;-1.5;-5;-0.2;7;-0.2
76;L;H;0.3353658536585366;-64.0;-39.1;-4;-2.1;-2;-0.2;1;-0.2;-1;-0.2
77;V;H;0.028169014084507043;-62.5;-39.4;-4;-2.1;-1;-0.2;1;-0.2;-2;-0.2
78;L;H;0.012195121951219513;-67.7;-31.2;-4;-1.8;3;-1.8;1;-0.2;-1;-0.2
79;G;T;0.39285714285714285;58.3;-127.4;-4;-1.5;3;-1.4;1;-0.3;4;-0.5
80;Q;T;0.7272727272727273;-67.5;-23.8;1;-0.3;4;-0.6;2;-0.2;3;-0.6
81;Y;H;0.25225225225225223;-72.6;-18.0;-3;-1.8;4;-0.5;1;-0.2;-1;-0.3
82;Y;H;0.35585585585585583;-62.7;-39.0;-3;-1.4;3;-1.0;-7;-0.2;-1;-0.2
83;K;H;0.8731707317073171;-68.7;-30.1;-3;-0.6;-1;-0.2;-4;-0.5;-2;-0.2
84;S;H;0.7153846153846154;-93.6;-5.6;-4;-0.6;-1;-0.3;-3;-0.1;2;-0.2
85;A;S;0.07547169811320754;-82.3;139.8;-3;-1.0;-3;-0.0;-4;-0.5;104;-0.0
86;T;-;0.47183098591549294;-71.4;157.7;-2;-0.2;4;-2.5;1;-0.1;5;-0.2
87;P;H;0.75;-53.2;-38.5;0;0.0;4;-2.4;0;0.0;5;-0.2
88;A;H;0.6320754716981132;-66.0;-38.6;2;-0.2;4;-2.4;1;-0.2;5;-0.2
89;Q;H;0.24242424242424243;-67.3;-41.0;2;-0.2;4;-2.5;1;-0.2;-1;-0.2
90;R;H;0.24193548387096775;-64.4;-43.6;-4;-2.5;4;-3.0;2;-0.2;5;-0.2
91;E;H;0.7474226804123711;-63.0;-44.2;-4;-2.4;4;-2.0;1;-0.2;-2;-0.2
92;A;H;0.3490566037735849;-63.5;-40.8;-4;-2.4;4;-2.1;1;-0.2;-1;-0.2
93;Y;H;0.0;-64.1;-49.6;-4;-2.5;4;-3.4;2;-0.2;-2;-0.2
94;F;H;0.116751269035533;-61.0;-37.8;-4;-3.0;4;-2.3;1;-0.2;-1;-0.2
95;A;H;0.5660377358490566;-63.3;-43.3;-4;-2.0;4;-1.7;-5;-0.2;-1;-0.2
96;A;H;0.02830188679245283;-68.6;-40.9;-4;-2.1;4;-2.6;1;-0.2;-2;-0.2
97;F;H;0.050761421319796954;-59.5;-44.6;-4;-3.4;4;-2.4;1;-0.2;-1;-0.2
98;R;H;0.34274193548387094;-58.9;-43.4;-4;-2.3;4;-1.8;2;-0.2;-1;-0.2
99;E;H;0.4072164948453608;-66.2;-39.4;-4;-1.7;4;-2.1;1;-0.2;-2;-0.2
100;Y;H;0.0945945945945946;-59.5;-46.9;-4;-2.6;4;-3.1;2;-0.2;5;-0.3
101;L;H;0.07926829268292683;-56.9;-41.4;-4;-2.4;4;-2.5;1;-0.2;5;-0.4
102;K;H;0.1024390243902439;-59.7;-43.9;-4;-1.8;4;-1.7;1;-0.2;-1;-0.2
103;Q;H;0.08080808080808081;-68.2;-48.7;-4;-2.1;4;-2.3;2;-0.2;-2;-0.2
104;A;H;0.2358490566037736;-64.8;-45.0;-4;-3.1;4;-1.7;1;-0.2;-2;-0.2
105;Y;H;0.32882882882882886;-84.5;-28.0;-4;-2.5;4;-2.4;-5;-0.3;-1;-0.2
106;G;H;0.0;-56.1;-44.9;-4;-1.7;4;-1.3;-5;-0.4;-1;-0.2
107;Q;H;0.23232323232323232;-61.1;-40.9;-4;-2.3;4;-0.3;1;-0.2;-2;-0.2
108;A;H;0.5471698113207547;-62.5;-42.1;-4;-1.7;3;-1.8;1;-0.2;-1;-0.2
109;L;H;0.17682926829268292;-66.6;-25.8;-4;-2.4;3;-2.0;1;-0.3;-1;-0.2
110;A;T;0.0660377358490566;-62.3;-12.9;-4;-1.3;98;-0.5;1;-0.3;-1;-0.3
111;M;T;0.35638297872340424;-91.2;9.1;-3;-1.8;2;-0.3;-4;-0.3;-1;-0.3
112;Y;-;0.15315315315315314;-68.5;124.7;-3;-2.0;-3;-0.0;1;-0.1;-4;-0.0
113;H;S;0.3804347826086957;-140.2;36.6;-2;-0.3;-1;-0.1;0;0.0;-3;-0.0
114;G;S;0.38095238095238093;103.7;9.5;1;-0.2;-2;-0.1;25;-0.1;24;-0.0
115;Q;-;0.10606060606060606;-59.3;151.6;24;-0.1;2;-0.2;1;-0.1;-1;-0.2
116;T;E;0.5563380281690141;-113.9;172.2;22;-2.2;22;-2.9;2;-0.0;2;-0.3
117;Y;E;0.27927927927927926;-131.8;153.2;-2;-0.2;2;-0.4;20;-0.2;20;-0.2
118;Q;E;0.6060606060606061;-131.6;123.9;18;-2.0;18;-3.1;-2;-0.3;2;-0.4
119;I;E;0.1952662721893491;-94.9;136.8;-2;-0.4;16;-0.2;16;-0.2;3;-0.1
120;A;P;0.33962264150943394;-58.8;148.0;14;-2.9;3;-0.1;-2;-0.4;-1;-0.1
121;P;P;0.7205882352941176;-60.8;145.6;0;0.0;13;-0.1;0;0.0;-1;-0.1
122;E;P;0.5567010309278351;-62.6;134.9;-3;-0.1;11;-0.0;11;-0.1;3;-0.0
123;Q;-;0.5303030303030303;-113.1;151.9;-3;-0.1;-95;-0.1;-2;-0.1;2;-0.0
124;P;-;0.7867647058823529;-57.0;132.1;0;0.0;-1;-0.0;0;0.0;0;0.0
125;L;-;0.2073170731707317;-80.9;-32.8;1;-0.2;3;-2.4;2;-0.1;-99;-0.0
126;G;T;0.8333333333333334;48.1;-127.0;1;-0.2;-1;-0.2;3;-0.0;0;0.0
127;D;T;1.0;-102.8;14.7;2;-0.0;-1;-0.2;0;0.0;2;-0.1
128;K;-;0.5853658536585366;-65.9;143.7;-3;-2.4;3;-0.1;1;-0.1;-3;-0.0
129;T;S;0.5985915492957746;-116.7;-7.3;1;-0.2;25;-2.8;-2;-0.1;2;-0.4
130;I;E;0.5207100591715976;-131.9;131.7;23;-0.2;-1;-0.2;31;-0.1;23;-0.2
131;V;E;0.035211267605633804;-142.5;122.5;21;-2.6;21;-2.7;-2;-0.4;2;-0.4
132;P;E;0.5588235294117647;-82.5;133.9;0;0.0;2;-0.5;0;0.0;19;-0.2
133;I;E;0.005917159763313609;-126.9;122.1;17;-2.5;17;-2.6;-2;-0.4;2;-0.3
134;R;E;0.4112903225806452;-87.3;131.3;-2;-0.5;-14;-2.9;15;-0.2;2;-0.5
135;V;E;0.056338028169014086;-115.4;125.3;13;-3.7;13;-3.1;-2;-0.3;2;-0.5
136;T;E;0.16901408450704225;-105.0;119.0;-18;-3.1;-18;-2.0;-2;-0.5;2;-0.6
137;I;E;0.20710059171597633;-87.8;124.1;9;-3.0;9;-2.0;-2;-0.5;2;-0.5
138;I;E;0.3609467455621302;-110.8;123.1;-22;-2.9;-22;-2.2;-2;-0.6;-2;-0.0
139;D;-;0.12269938650306748;-84.3;133.4;4;-0.7;3;-1.3;-2;-0.5;-24;-0.1
140;P;T;0.5808823529411765;-70.4;-14.8;0;0.0;-1;-0.1;0;0.0;-26;-0.1
141;N;T;0.7961783439490446;-101.9;8.9;2;-0.0;-26;-0.0;1;-0.0;-2;-0.0
142;G;-;0.7857142857142857;94.5;4.0;-3;-1.3;-4;-0.0;1;-0.3;-1;-0.0
143;R;P;0.6370967741935484;-62.6;144.0;1;-0.1;-4;-0.7;3;-0.0;-1;-0.3
144;P;P;0.8235294117647058;-50.5;139.0;0;0.0;-1;-0.1;0;0.0;-2;-0.0
145;P;P;0.49264705882352944;-64.0;148.3;0;0.0;2;-0.6;0;0.0;-7;-0.2
146;V;E;0.4647887323943662;-98.7;125.7;-9;-2.0;-9;-3.0;-3;-0.1;2;-0.6
147;R;E;0.5362903225806451;-101.0;126.9;-2;-0.6;22;-2.1;-11;-0.2;2;-0.5
148;L;E;0.18292682926829268;-124.7;118.0;-13;-3.1;-13;-3.7;-2;-0.6;2;-0.7
149;D;E;0.147239263803681;-100.9;113.3;18;-3.1;18;-3.2;-2;-0.5;2;-0.5
150;F;E;0.23857868020304568;-93.3;126.5;-17;-2.6;-17;-2.5;-2;-0.7;2;-0.7
151;Q;E;0.14646464646464646;-90.0;112.1;14;-2.4;13;-2.5;-2;-0.5;14;-1.0
152;W;E;0.01762114537444934;-99.4;141.2;-21;-2.7;-21;-2.6;-2;-0.7;2;-0.4
153;R;E;0.14112903225806453;-133.5;144.2;9;-2.8;9;-2.6;-2;-0.4;2;-0.8
154;K;E;0.4682926829268293;-79.0;111.9;-25;-2.8;2;-0.3;-2;-0.4;7;-0.3
155;N;-;0.05732484076433121;-59.5;117.9;5;-3.8;4;-3.1;-2;-0.8;5;-0.2
156;S;T;0.823076923076923;-68.8;-19.7;-2;-0.3;-1;-0.2;1;-0.2;-2;-0.0
157;Q;T;0.8787878787878788;-88.1;-40.2;3;-0.1;-1;-0.2;1;-0.1;-2;-0.0
158;T;T;0.5492957746478874;-105.9;-22.3;2;-0.2;-2;-0.2;0;0.0;3;-0.1
159;G;-;0.35714285714285715;81.4;3.5;-4;-3.1;2;-0.2;1;-0.3;-3;-0.1
160;N;-;0.3248407643312102;-88.1;145.1;-5;-0.2;-5;-3.8;-6;-0.1;2;-0.4
161;W;E;0.03524229074889868;-76.3;133.1;-137;-1.6;2;-0.3;-7;-0.3;-7;-0.2
162;Q;E;0.17676767676767677;-146.5;140.6;-9;-2.6;-9;-2.8;-2;-0.4;-94;-0.2
163;A;E;0.0660377358490566;-76.6;150.6;-96;-3.0;-94;-3.0;-2;-0.3;-11;-0.2
164;Y;E;0.18468468468468469;-136.9;-19.2;-13;-2.5;2;-0.3;1;-0.4;-12;-0.1
165;D;E;0.13496932515337423;-140.7;152.0;-14;-1.0;-14;-2.4;8;-0.1;2;-0.4
166;M;E;0.13297872340425532;-123.9;126.9;-2;-0.3;7;-2.7;-16;-0.2;2;-0.7
167;I;E;0.22485207100591717;-103.7;107.1;-18;-3.2;-18;-3.1;-2;-0.4;2;-0.7
168;A;E;0.2169811320754717;-98.6;116.0;3;-2.4;3;-1.8;-2;-0.7;-20;-0.2
169;E;T;0.5773195876288659;51.9;38.0;-22;-2.1;-1;-0.2;-2;-0.7;-21;-0.1
170;G;T;0.7619047619047619;95.0;-0.2;-3;-0.2;2;-0.5;-23;-0.2;-1;-0.3
171;V;E;0.5352112676056338;-118.5;123.4;-3;-1.8;-3;-2.4;4;-0.0;2;-0.2
172;S;E;0.15384615384615385;-68.2;134.4;-2;-0.5;4;-2.1;-5;-0.3;-5;-0.2
173;M;H;0.23404255319148937;-72.4;-34.8;-7;-2.7;4;-2.3;2;-0.2;5;-0.2
174;I;H;0.09467455621301775;-60.7;-50.4;-8;-0.2;4;-2.3;2;-0.2;-1;-0.2
175;T;H;0.45774647887323944;-60.4;-42.1;1;-0.2;4;-2.1;2;-0.2;-2;-0.2
176;T;H;0.30985915492957744;-58.2;-46.1;-4;-2.1;4;-2.6;1;-0.2;-1;-0.2
177;K;H;0.1902439024390244;-72.7;-31.2;-4;-2.3;4;-2.8;1;-0.2;-1;-0.2
178;Q;H;0.3434343434343434;-58.9;-41.6;-4;-2.3;4;-0.9;2;-0.2;-1;-0.2
179;N;H;0.7834394904458599;-72.7;-41.4;-4;-2.1;4;-0.5;2;-0.2;-2;-0.2
180;E;H;0.5824742268041238;-68.3;-38.8;-4;-2.6;4;-0.3;1;-0.2;3;-0.3
181;W;H;0.013215859030837005;-100.5;-3.1;-4;-2.8;4;-2.8;1;-0.2;5;-0.2
182;G;H;0.25;-54.8;-47.5;-4;-0.9;4;-2.2;1;-0.2;-1;-0.2
183;T;H;0.5985915492957746;-64.1;-42.6;-4;-0.5;4;-2.3;-3;-0.3;5;-0.3
184;L;H;0.1524390243902439;-63.4;-45.3;-4;-0.3;4;-3.5;1;-0.2;5;-0.6
185;L;H;0.03048780487804878;-60.9;-37.3;-4;-2.8;4;-1.2;3;-0.2;-1;-0.2
186;R;H;0.6532258064516129;-69.8;-39.8;-4;-2.2;-2;-0.2;-5;-0.2;-1;-0.2
187;T;H;0.5774647887323944;-93.9;-32.3;-4;-2.3;-2;-0.2;-5;-0.2;-3;-0.2
188;K;H;0.6926829268292682;-123.6;-0.2;-4;-3.5;4;-1.5;-5;-0.3;3;-0.2
189;G;H;0.32142857142857145;65.1;-173.0;-4;-1.2;4;-1.8;-5;-0.6;3;-0.4
190;I;H;0.07100591715976332;-64.4;-32.6;1;-0.2;4;-2.9;2;-0.2;-1;-0.2
191;D;H;0.5644171779141104;-65.6;-41.0;-3;-0.2;4;-2.3;2;-0.2;-1;-0.2
192;G;H;0.17857142857142858;-61.4;-46.0;-4;-1.5;4;-2.1;-3;-0.4;-2;-0.2
193;L;H;0.0;-63.3;-43.0;-4;-1.8;4;-2.7;2;-0.2;5;-0.2
194;T;H;0.04225352112676056;-56.3;-45.9;-4;-2.9;4;-2.2;1;-0.2;-2;-0.2
195;A;H;0.5754716981132075;-61.4;-41.8;-4;-2.3;4;-2.2;1;-0.2;-1;-0.2
196;Q;H;0.40404040404040403;-64.0;-44.2;-4;-2.1;4;-2.6;2;-0.2;-2;-0.2
197;L;H;0.0;-63.9;-39.4;-4;-2.7;4;-2.6;1;-0.2;-2;-0.2
198;K;H;0.5219512195121951;-61.2;-42.4;-4;-2.2;4;-0.8;-5;-0.2;-1;-0.2
199;S;H;0.5153846153846153;-63.1;-46.2;-4;-2.2;3;-0.9;1;-0.2;4;-0.4
200;I;H;0.1952662721893491;-63.4;-41.4;-4;-2.6;3;-1.8;1;-0.3;-2;-0.2
201;S;H;0.13846153846153847;-65.3;-16.7;-4;-2.6;-1;-0.3;1;-0.3;-2;-0.2
202;Q;T;0.7777777777777778;-92.1;-7.8;-3;-0.9;-1;-0.3;-4;-0.8;-2;-0.2
203;Q;S;0.5404040404040404;-68.7;145.1;-3;-1.8;2;-0.1;-4;-0.4;-3;-0.0
204;K;P;0.7268292682926829;-76.1;140.1;-2;-0.1;2;-0.4;1;-0.1;-1;-0.1
205;I;P;0.029585798816568046;-74.4;131.9;-2;-0.1;2;-0.4;-99;-0.0;-151;-0.2
206;T;-;0.5985915492957746;-113.9;136.7;-2;-0.4;2;-0.5;-153;-0.1;-96;-0.1
207;L;-;0.3353658536585366;-86.9;115.9;-2;-0.4;2;-0.8;-157;-0.1;-96;-0.1
208;E;-;0.5567010309278351;-64.7;99.5;-98;-0.5;2;-0.6;-2;-0.5;3;-0.1
209;E;-;0.9175257731958762;-67.7;105.1;-2;-0.8;-3;-0.0;1;-0.1;0;0.0
210;K;-;0.8634146341463415;-4.8;86.5;-2;-0.6;-1;-0.1;1;-0.0;-3;-0.0
211;K;-;1.0;-51.6;360.0;-3;-0.1;-3;-0.0;0;0.0;-1;-0.0
