1;M;-;1.0;360.0;92.4;0;0.0;2;-0.1;0;0.0;3;-0.0
2;S;-;0.6615384615384615;-29.8;93.7;1;-0.2;3;-0.0;0;0.0;0;0.0
3;T;S;0.676056338028169;-60.2;-6.0;-2;-0.1;2;-0.3;1;-0.0;-1;-0.2
4;T;S;0.11267605633802817;-138.1;137.1;-3;-0.0;2;-0.6;74;-0.0;74;-0.1
5;N;-;0.4585987261146497;-79.7;111.8;72;-0.6;3;-2.5;-2;-0.3;74;-0.0
6;H;T;0.75;-57.4;-12.9;-2;-0.6;-1;-0.1;1;-0.3;71;-0.0
7;D;T;0.7423312883435583;-90.2;-8.1;70;-0.1;2;-0.4;2;-0.0;-1;-0.3
8;H;-;0.15217391304347827;-99.3;139.9;-3;-2.5;2;-0.4;69;-0.1;74;-0.2
9;H;E;0.19021739130434784;-135.4;141.2;72;-2.8;74;-2.1;-2;-0.4;2;-0.5
10;I;E;0.005917159763313609;-108.5;129.8;94;-2.6;96;-2.8;-2;-0.4;2;-0.5
11;Y;E;0.0045045045045045045;-114.7;121.3;72;-3.3;74;-2.7;-2;-0.5;2;-0.7
12;V;E;0.014084507042253521;-93.6;114.2;94;-2.7;96;-3.1;-2;-0.5;2;-0.8
13;L;E;0.0;-79.5;114.6;72;-2.8;74;-2.3;-2;-0.7;2;-0.3
14;M;E;0.0;-115.4;159.3;94;-3.0;96;-3.0;-2;-0.8;2;-0.2
15;G;-;0.0;151.0;164.4;73;-1.0;96;-0.1;-2;-0.3;75;-0.1
16;V;-;0.02112676056338028;-65.1;154.6;94;-0.3;3;-1.7;-2;-0.2;5;-0.3
17;S;T;0.3769230769230769;-53.5;132.3;1;-0.2;-1;-0.2;2;-0.1;120;-0.1
18;G;T;0.08333333333333333;99.1;-3.4;-3;-0.1;-1;-0.2;102;-0.1;-2;-0.1
19;S;S;0.007692307692307693;-78.2;-14.0;-3;-1.7;-2;-0.1;93;-0.1;-3;-0.1
20;G;-;0.19047619047619047;97.0;18.2;-4;-0.2;4;-3.0;-5;-0.1;5;-0.3
21;K;H;0.1073170731707317;-54.8;-46.7;-5;-0.3;4;-3.1;1;-0.2;5;-0.2
22;S;H;0.4307692307692308;-67.0;-44.5;1;-0.2;4;-2.4;2;-0.2;-1;-0.2
23;A;H;0.4528301886792453;-64.7;-44.5;2;-0.2;4;-2.0;1;-0.2;-1;-0.2
24;V;H;0.007042253521126761;-66.1;-47.5;-4;-3.0;4;-2.7;2;-0.2;5;-0.3
25;A;H;0.0;-61.0;-42.0;-4;-3.1;4;-2.7;-5;-0.3;5;-0.2
26;S;H;0.5153846153846153;-62.5;-47.3;-4;-2.4;4;-2.0;-5;-0.2;-1;-0.2
27;E;H;0.41237113402061853;-67.9;-40.5;-4;-2.0;4;-2.2;2;-0.2;-2;-0.2
28;V;H;0.0;-65.0;-47.1;-4;-2.7;4;-2.6;1;-0.2;6;-0.2
29;A;H;0.08490566037735849;-56.7;-42.0;-4;-2.7;5;-1.9;-5;-0.3;4;-0.7
30;H;H;0.75;-62.8;-43.7;-4;-2.0;3;-0.6;-5;-0.2;-2;-0.2
31;Q;H;0.4898989898989899;-73.9;-32.9;-4;-2.2;-2;-0.2;1;-0.2;-1;-0.2
32;L;H;0.29878048780487804;-99.8;1.0;-4;-2.6;-1;-0.2;-5;-0.2;-2;-0.2
33;H;T;0.967391304347826;52.6;40.4;-4;-0.7;2;-0.2;-3;-0.6;-3;-0.2
34;A;-;0.1509433962264151;-93.6;150.6;-5;-1.9;49;-0.2;-6;-0.2;-1;-0.2
35;A;E;0.20754716981132076;-65.9;145.0;47;-1.9;49;-2.9;-2;-0.2;2;-0.4
36;F;E;0.4213197969543147;-137.3;134.1;47;-0.2;2;-0.4;-2;-0.2;49;-0.2
37;L;E;0.23780487804878048;-135.4;122.9;47;-2.3;49;-2.4;-2;-0.4;2;-0.8
38;D;E;0.1656441717791411;-80.0;114.1;-2;-0.4;3;-2.2;47;-0.2;4;-0.2
39;G;G;0.0;-60.1;-23.2;47;-1.9;3;-1.8;-2;-0.8;-1;-0.1
40;D;G;0.5828220858895705;-65.8;-20.1;1;-0.3;3;-1.2;46;-0.2;-1;-0.3
41;F;G;0.8223350253807107;-76.3;-6.8;-3;-2.2;-1;-0.3;1;-0.3;-2;-0.2
42;L;G;0.3170731707317073;-103.4;4.7;-3;-1.8;-1;-0.3;-4;-0.2;-2;-0.2
43;H;-;0.11413043478260869;-64.2;134.1;-3;-1.2;19;-0.1;-4;-0.1;-3;-0.0
44;P;-;0.3382352941176471;-65.0;159.4;0;0.0;4;-2.0;0;0.0;3;-0.5
45;R;H;0.782258064516129;-52.9;-40.3;1;-0.2;4;-2.6;2;-0.2;5;-0.2
46;R;H;0.7258064516129032;-58.6;-44.1;1;-0.2;4;-2.1;2;-0.2;-1;-0.2
47;N;H;0.012738853503184714;-63.6;-43.9;-3;-0.5;4;-2.6;2;-0.2;-1;-0.2
48;I;H;0.5384615384615384;-59.7;-44.7;-4;-2.0;4;-2.5;1;-0.2;-2;-0.2
49;E;H;0.5721649484536082;-65.2;-41.6;-4;-2.6;4;-1.4;2;-0.2;-1;-0.2
50;K;H;0.1902439024390244;-61.4;-47.4;-4;-2.1;5;-2.5;-5;-0.2;3;-0.2
51;M;H;0.4787234042553192;-65.1;-39.5;-4;-2.6;3;-1.9;1;-0.2;-2;-0.2
52;A;H;0.839622641509434;-62.5;-24.4;-4;-2.5;-1;-0.2;1;-0.3;-2;-0.2
53;S;T;0.5153846153846153;-95.4;4.2;-4;-1.4;-1;-0.3;-3;-0.2;-2;-0.2
54;G;T;0.7976190476190477;82.8;7.2;-3;-1.9;-3;-0.2;1;-0.3;-2;-0.1
55;E;P;0.5618556701030928;-87.9;127.3;-5;-2.5;-1;-0.3;-6;-0.2;-2;-0.2
56;P;P;0.7941176470588235;-69.8;148.2;0;0.0;2;-0.3;0;0.0;-5;-0.0
57;L;P;0.09146341463414634;-81.2;135.3;4;-0.0;2;-0.2;3;-0.0;-10;-0.0
58;N;-;0.4713375796178344;-97.1;-178.4;-2;-0.3;4;-1.7;1;-0.0;3;-0.2
59;D;H;0.4601226993865031;-62.8;-36.0;1;-0.2;4;-1.2;2;-0.2;-2;-0.0
60;D;H;0.803680981595092;-67.6;-36.8;1;-0.2;-1;-0.2;2;-0.2;3;-0.2
61;D;H;0.049079754601226995;-65.0;-34.2;1;-0.2;4;-0.6;-3;-0.2;-1;-0.2
62;R;H;0.22983870967741934;-84.0;-19.1;-4;-1.7;4;-3.1;1;-0.2;5;-0.3
63;K;H;0.697560975609756;-58.5;-51.8;-4;-1.2;4;-2.6;1;-0.2;5;-0.2
64;P;H;0.5073529411764706;-63.5;-35.2;0;0.0;4;-1.9;0;0.0;-1;-0.2
65;W;H;0.022026431718061675;-63.4;-45.9;-4;-0.6;4;-2.0;2;-0.2;-2;-0.2
66;L;H;0.018292682926829267;-66.2;-38.4;-4;-3.1;4;-2.6;1;-0.2;-1;-0.2
67;Q;H;0.4444444444444444;-61.7;-42.1;-4;-2.6;4;-2.4;-5;-0.3;-1;-0.2
68;A;H;0.3018867924528302;-61.4;-40.3;-4;-1.9;4;-2.4;2;-0.2;-2;-0.2
69;L;H;0.006097560975609756;-65.7;-43.9;-4;-2.0;4;-2.8;2;-0.2;-2;-0.2
70;N;H;0.10191082802547771;-56.3;-47.3;-4;-2.6;4;-2.2;2;-0.2;-2;-0.2
71;D;H;0.5398773006134969;-65.1;-41.7;-4;-2.4;4;-2.3;2;-0.2;-2;-0.2
72;A;H;0.19811320754716982;-61.7;-43.3;-4;-2.4;4;-2.7;2;-0.2;-1;-0.2
73;A;H;0.009433962264150943;-58.7;-45.5;-4;-2.8;4;-1.6;1;-0.2;-2;-0.2
74;F;H;0.3401015228426396;-58.8;-44.7;-4;-2.2;4;-0.5;1;-0.2;-2;-0.2
75;A;H;0.46226415094339623;-67.1;-42.7;-4;-2.3;3;-1.1;1;-0.2;4;-0.6
76;M;H;0.1276595744680851;-65.2;-31.4;-4;-2.7;4;-2.1;1;-0.3;3;-0.9
77;Q;H;0.0;-69.2;-14.4;-4;-1.6;-72;-0.6;1;-0.2;-1;-0.3
78;R;H;0.625;-89.5;-17.2;-3;-1.1;-1;-0.2;-4;-0.5;-2;-0.2
79;T;H;0.6619718309859155;-124.2;-19.8;-3;-0.9;2;-0.4;-4;-0.6;-2;-0.2
80;N;-;0.34394904458598724;-128.4;138.1;-4;-2.1;-71;-0.2;1;-0.1;3;-0.2
81;K;S;0.6097560975609756;-63.0;-43.4;-2;-0.4;-72;-2.8;1;-0.2;2;-0.4
82;V;E;0.09154929577464789;-131.2;129.1;-74;-0.2;-47;-1.9;-49;-0.2;2;-0.4
83;S;E;0.0;-128.8;142.2;-74;-2.1;-72;-3.3;-2;-0.4;2;-0.5
84;L;E;0.0;-117.8;131.4;-49;-2.9;-47;-2.3;-2;-0.4;2;-0.4
85;I;E;0.01775147928994083;-121.9;129.8;-74;-2.7;-72;-2.8;-2;-0.5;2;-0.5
86;V;E;0.04225352112676056;-89.7;123.6;-49;-2.4;-47;-1.9;-2;-0.4;2;-0.3
87;C;-;0.007407407407407408;-160.9;129.8;-74;-2.3;-72;-0.2;-2;-0.5;-2;-0.1
88;S;-;0.25384615384615383;-59.7;-38.1;-2;-0.3;-73;-1.0;-74;-0.2;-1;-0.1
89;A;-;0.0;33.0;61.5;-75;-0.2;6;-0.2;1;-0.1;-1;-0.1
90;L;-;0.03048780487804878;-86.0;-18.7;-75;-0.1;52;-3.3;51;-0.1;2;-0.4
91;K;S;0.24390243902439024;-107.8;142.9;50;-0.2;4;-1.8;1;-0.1;3;-0.4
92;K;H;0.3170731707317073;-55.4;-43.1;-2;-0.4;4;-2.5;1;-0.2;5;-0.2
93;H;H;0.6032608695652174;-62.9;-33.5;1;-0.2;4;-1.9;2;-0.2;-1;-0.2
94;Y;H;0.04054054054054054;-61.3;-46.6;-3;-0.4;4;-1.7;2;-0.2;-1;-0.2
95;R;H;0.004032258064516129;-63.6;-36.7;-4;-1.8;4;-1.5;1;-0.2;-2;-0.2
96;D;H;0.36809815950920244;-63.4;-40.8;-4;-2.5;4;-1.6;2;-0.2;-1;-0.2
97;L;H;0.21341463414634146;-63.2;-38.2;-4;-1.9;-1;-0.2;1;-0.2;-2;-0.2
98;L;H;0.024390243902439025;-69.1;-28.1;-4;-1.7;-1;-0.2;1;-0.2;-2;-0.2
99;R;H;0.20161290322580644;-74.4;-34.6;-4;-1.5;3;-3.1;-5;-0.1;-1;-0.2
100;E;T;0.6701030927835051;-54.8;114.8;-4;-1.6;-3;-0.0;1;-0.3;-4;-0.0
101;G;T;0.6547619047619048;83.9;-0.6;-2;-0.1;-1;-0.3;1;-0.1;-2;-0.1
102;N;-;0.025477707006369428;-120.2;77.5;-3;-3.1;3;-0.9;1;-0.1;-1;-0.1
103;P;T;0.7279411764705882;-66.0;-22.6;0;0.0;-1;-0.1;0;0.0;2;-0.1
104;N;T;0.16560509554140126;-105.5;43.8;-5;-0.1;-94;-2.6;2;-0.0;2;-0.4
105;L;E;0.036585365853658534;-118.1;126.5;-3;-0.9;2;-0.3;-96;-0.2;-94;-0.2
106;S;E;0.13846153846153847;-124.1;163.5;-96;-2.8;-94;-2.7;-2;-0.4;2;-0.4
107;F;E;0.0;-112.1;138.3;43;-2.4;45;-3.3;-2;-0.3;2;-0.6
108;I;E;0.0;-109.2;107.5;-96;-3.1;-94;-3.0;-2;-0.4;2;-0.9
109;Y;E;0.02252252252252252;-86.2;102.7;43;-2.5;45;-2.7;-2;-0.6;2;-1.3
110;L;E;0.0;-74.7;97.4;-96;-3.0;2;-0.5;-2;-0.9;-94;-0.3
111;K;E;0.3804878048780488;-93.5;124.2;43;-2.2;45;-2.9;-2;-1.3;46;-0.4
112;G;-;0.05952380952380952;-140.3;143.0;-2;-0.5;-96;-0.1;43;-0.2;2;-0.1
113;D;-;0.6441717791411042;-73.2;157.1;-2;-0.3;4;-2.2;1;-0.1;5;-0.3
114;F;H;0.28426395939086296;-49.0;-46.7;1;-0.2;4;-3.0;2;-0.2;5;-0.2
115;D;H;0.7116564417177914;-67.7;-38.2;1;-0.2;4;-2.4;2;-0.2;-1;-0.2
116;V;H;0.19718309859154928;-64.7;-45.0;-3;-0.2;4;-2.0;2;-0.2;-1;-0.2
117;I;H;0.0;-71.2;-41.8;-4;-2.2;4;-2.5;1;-0.2;-2;-0.2
118;E;H;0.17010309278350516;-59.7;-47.3;-4;-3.0;4;-2.3;-5;-0.3;-1;-0.2
119;S;H;0.6;-58.8;-39.4;-4;-2.4;4;-1.4;1;-0.2;-2;-0.2
120;R;H;0.27419354838709675;-65.8;-43.2;-4;-2.0;4;-0.6;1;-0.2;-1;-0.2
121;L;H;0.10365853658536585;-66.9;-37.4;-4;-2.5;3;-0.8;1;-0.2;-1;-0.2
122;K;H;0.6731707317073171;-67.1;-31.6;-4;-2.3;-1;-0.2;1;-0.2;-2;-0.2
123;A;H;0.7452830188679245;-78.8;-13.9;-4;-1.4;2;-0.5;-5;-0.2;-1;-0.2
124;R;S;0.46774193548387094;-77.5;106.6;-3;-0.8;3;-0.9;-4;-0.6;2;-0.3
125;K;T;0.9804878048780488;-59.5;124.6;-2;-0.5;3;-0.1;1;-0.2;-2;-0.1
126;G;T;0.9880952380952381;99.8;4.9;-2;-0.3;2;-0.5;1;-0.2;-1;-0.2
127;H;-;0.7880434782608695;-121.0;108.0;-3;-0.9;2;-0.6;-6;-0.2;-1;-0.2
128;F;-;0.9238578680203046;-50.3;97.2;-2;-0.5;2;-0.6;-3;-0.1;-6;-0.0
129;F;-;0.20812182741116753;-83.7;119.0;-2;-0.6;2;-0.8;-7;-0.1;3;-0.1
130;K;-;0.6536585365853659;-97.4;102.6;-2;-0.6;3;-1.6;1;-0.2;4;-1.1
131;T;H;0.43661971830985913;-42.2;-35.2;-2;-0.8;4;-2.3;1;-0.3;5;-0.2
132;Q;H;0.6464646464646465;-65.1;-34.3;1;-0.2;4;-2.2;2;-0.2;-1;-0.3
133;M;H;0.43617021276595747;-64.2;-43.3;-3;-1.6;4;-1.8;2;-0.2;-1;-0.2
134;L;H;0.0;-63.5;-43.1;-4;-1.1;4;-2.4;2;-0.2;5;-0.2
135;V;H;0.2746478873239437;-56.5;-46.4;-4;-2.3;4;-2.3;1;-0.2;-2;-0.2
136;T;H;0.4154929577464789;-64.3;-36.3;-4;-2.2;4;-1.9;1;-0.2;-1;-0.2
137;Q;H;0.21717171717171718;-65.4;-44.3;-4;-1.8;4;-1.9;2;-0.2;-1;-0.2
138;F;H;0.2436548223350254;-68.7;-33.9;-4;-2.4;-1;-0.2;1;-0.2;-2;-0.2
139;E;H;0.7422680412371134;-64.6;-34.6;-4;-2.3;-1;-0.2;-5;-0.2;-2;-0.2
140;T;H;0.31690140845070425;-77.9;-27.8;-4;-1.9;-2;-0.2;-5;-0.2;-1;-0.2
141;L;-;0.11585365853658537;-63.8;112.8;-4;-1.9;2;-0.8;-5;-0.2;-50;-0.2
142;Q;-;0.4797979797979798;-92.9;94.1;-52;-3.3;3;-0.1;-2;-0.1;-1;-0.1
143;E;-;0.5618556701030928;-57.7;134.0;-2;-0.8;-51;-0.1;1;-0.1;2;-0.0
144;P;-;0.20588235294117646;-55.9;128.6;0;0.0;-1;-0.1;0;0.0;2;-0.1
145;G;-;0.44047619047619047;-90.1;-174.1;-3;-0.1;3;-1.5;-2;-0.0;6;-0.2
146;A;T;0.9622641509433962;-64.9;-20.7;1;-0.3;3;-0.1;-2;-0.1;-1;-0.0
147;D;T;0.6687116564417178;-81.1;-14.6;1;-0.2;2;-0.9;2;-0.1;-1;-0.3
148;E;-;0.061855670103092786;-97.3;75.2;-3;-1.5;3;-1.6;1;-0.2;-1;-0.2
149;T;T;0.9014084507042254;-71.8;-11.4;-2;-0.9;-1;-0.2;1;-0.3;-2;-0.1
150;D;T;0.2147239263803681;-95.5;5.5;-3;-0.1;-43;-2.4;2;-0.0;2;-0.6
151;V;E;0.13380281690140844;-98.8;118.2;-3;-1.6;2;-0.5;-45;-0.2;-43;-0.2
152;L;E;0.3231707317073171;-99.0;131.6;-45;-3.3;-43;-2.5;-2;-0.6;2;-0.4
153;V;E;0.5915492957746479;-100.9;129.8;-2;-0.5;2;-0.4;-45;-0.2;-43;-0.2
154;V;E;0.02112676056338028;-122.1;121.6;-45;-2.7;-43;-2.2;-2;-0.4;2;-0.3
155;D;E;0.5521472392638037;-74.3;131.9;-2;-0.4;-43;-0.2;-45;-0.2;11;-0.1
156;I;-;0.0;-99.3;-2.6;-45;-2.9;2;-2.9;-2;-0.3;-44;-0.1
157;D;S;0.656441717791411;-71.7;58.2;-46;-0.4;-1;-0.1;6;-0.0;-2;-0.1
158;Q;S;0.2777777777777778;-158.7;163.1;-2;-2.9;5;-0.1;0;0.0;0;0.0
159;P;-;0.7426470588235294;-61.0;154.4;0;0.0;4;-1.9;0;0.0;3;-0.9
160;L;H;0.5670731707317073;-49.2;-42.3;1;-0.3;4;-2.6;2;-0.2;5;-0.2
161;E;H;0.8711340206185567;-60.6;-39.9;1;-0.2;4;-2.2;2;-0.2;-1;-0.3
162;G;H;0.2619047619047619;-66.2;-40.0;-3;-0.9;4;-2.4;2;-0.2;-1;-0.2
163;V;H;0.014084507042253521;-65.6;-39.3;-4;-1.9;4;-2.4;2;-0.2;-2;-0.2
164;V;H;0.035211267605633804;-63.7;-48.2;-4;-2.6;4;-2.4;2;-0.2;-2;-0.2
165;A;H;0.5377358490566038;-60.1;-43.1;-4;-2.2;4;-2.3;1;-0.2;-2;-0.2
166;S;H;0.25384615384615383;-64.9;-40.4;-4;-2.4;4;-2.1;2;-0.2;-1;-0.2
167;T;H;0.0;-63.9;-43.5;-4;-2.4;4;-2.0;2;-0.2;-2;-0.2
168;I;H;0.08284023668639054;-62.6;-42.5;-4;-2.4;4;-2.3;1;-0.2;-2;-0.2
169;E;H;0.5103092783505154;-59.0;-45.0;-4;-2.3;4;-1.8;1;-0.2;-1;-0.2
170;V;H;0.2112676056338028;-67.3;-36.7;-4;-2.1;4;-1.7;1;-0.2;-1;-0.2
171;I;H;0.011834319526627219;-65.8;-39.2;-4;-2.0;4;-0.4;1;-0.2;-2;-0.2
172;K;H;0.6585365853658537;-72.7;-32.8;-4;-2.3;3;-0.5;1;-0.2;-2;-0.2
173;K;H;0.7609756097560976;-78.0;-31.8;-4;-1.8;-1;-0.2;1;-0.2;-2;-0.2
174;G;-;0.5238095238095238;-71.7;-6.0;-4;-1.7;-1;-0.2;1;-0.2;-2;-0.2
175;K;-;0.7170731707317073;-80.9;360.0;-3;-0.5;-1;-0.2;-4;-0.4;-2;-0.2
