1;M;-;1.0;360.0;117.3;0;0.0;2;-0.3;0;0.0;157;-0.1
2;K;-;0.7707317073170732;-66.1;111.1;155;-0.2;2;-0.6;156;-0.1;159;-0.1
3;K;-;0.6682926829268293;-48.7;114.2;-2;-0.3;64;-3.2;62;-0.2;2;-0.4
4;I;E;0.07692307692307693;-117.8;134.2;-2;-0.6;20;-0.6;62;-0.2;2;-0.6
5;L;E;0.006097560975609756;-107.7;107.4;62;-2.7;64;-2.6;-2;-0.4;2;-0.5
6;A;E;0.0;-92.1;133.8;16;-2.9;16;-1.8;-2;-0.6;2;-0.4
7;I;E;0.0;-129.5;122.8;62;-3.2;64;-1.3;-2;-0.5;2;-0.8
8;D;E;0.07975460122699386;-96.4;92.9;12;-2.0;12;-1.9;-2;-0.4;2;-0.1
9;F;-;0.09644670050761421;-76.1;133.6;-2;-0.8;2;-0.3;10;-0.2;10;-0.1
10;S;-;0.13076923076923078;-136.1;150.7;-2;-0.1;9;-0.1;78;-0.1;40;-0.1
11;T;-;0.04929577464788732;-82.1;-0.3;-2;-0.3;35;-0.1;7;-0.1;8;-0.1
12;A;-;0.0;57.0;48.3;6;-0.1;26;-0.3;1;-0.1;4;-0.1
13;S;-;0.3;-75.6;-17.5;24;-0.1;2;-0.3;5;-0.1;-1;-0.1
14;K;S;0.6487804878048781;-125.6;152.2;23;-0.0;3;-2.1;1;-0.0;23;-0.2
15;K;T;0.8731707317073171;-55.9;128.5;-2;-0.3;3;-0.1;1;-0.2;-2;-0.1
16;G;T;0.6309523809523809;96.3;-18.2;1;-0.4;-1;-0.2;-4;-0.1;2;-0.1
17;E;-;0.211340206185567;-78.3;150.3;-3;-2.1;20;-0.5;-5;-0.1;-1;-0.4
18;G;-;0.0;-160.0;167.9;17;-0.2;2;-0.7;-2;-0.1;17;-0.2
19;T;E;0.0;-86.9;113.3;15;-2.1;15;-2.8;-2;-0.3;-10;-0.2
20;G;E;0.0;-82.0;148.0;-12;-1.9;-12;-2.0;-2;-0.7;2;-0.3
21;Y;E;0.1891891891891892;-139.0;149.1;11;-2.8;11;-2.1;-14;-0.2;2;-0.3
22;A;E;0.0;-150.8;143.2;-16;-1.8;-16;-2.9;-2;-0.3;2;-0.3
23;F;E;0.0;-160.9;158.2;7;-2.1;7;-3.4;-2;-0.3;2;-0.5
24;R;E;0.36693548387096775;-108.7;127.2;-20;-0.6;2;-0.4;-2;-0.3;5;-0.2
25;K;E;0.2;-134.4;123.1;3;-3.1;3;-2.1;-2;-0.5;-2;-0.0
26;D;T;0.8711656441717791;55.3;36.3;-2;-0.4;-1;-0.1;1;-0.3;3;-0.1
27;G;T;0.7261904761904762;88.5;-5.4;1;-0.2;2;-0.4;0;0.0;-1;-0.3
28;Q;E;0.5757575757575758;-106.0;140.2;-3;-2.1;-3;-3.1;2;-0.0;2;-0.5
29;V;E;0.19014084507042253;-98.5;130.9;-2;-0.4;2;-0.5;-5;-0.2;-5;-0.2
30;Y;E;0.30180180180180183;-116.4;130.8;-7;-3.4;-7;-2.1;-2;-0.5;2;-0.3
31;V;E;0.21830985915492956;-132.8;148.7;-2;-0.5;2;-0.3;-9;-0.2;-9;-0.2
32;G;E;0.08333333333333333;-171.1;175.0;-11;-2.1;-11;-2.8;-2;-0.3;2;-0.4
33;S;E;0.2230769230769231;-138.5;136.0;-2;-0.3;2;-0.7;-13;-0.3;-13;-0.2
34;I;E;0.1301775147928994;-92.0;117.0;-15;-2.8;-15;-2.1;-2;-0.4;2;-0.9
35;K;-;0.4682926829268293;-100.3;101.9;-2;-0.7;-17;-0.2;-17;-0.2;-20;-0.0
36;A;-;0.09433962264150944;-112.9;11.1;-2;-0.9;-1;-0.1;-19;-0.3;-18;-0.1
37;Y;-;0.4144144144144144;-60.1;127.8;-20;-0.5;-24;-0.1;-23;-0.2;-25;-0.1
38;N;-;0.3248407643312102;-152.4;111.9;-26;-0.3;3;-2.7;3;-0.2;8;-0.1
39;P;T;0.7352941176470589;-61.9;-10.1;0;0.0;-2;-0.0;0;0.0;-26;-0.0
40;K;T;0.9219512195121952;-94.8;-3.4;2;-0.1;2;-0.4;-3;-0.0;-3;-0.0
41;K;S;0.32682926829268294;-110.2;146.2;-3;-2.7;-3;-0.2;1;-0.0;2;-0.1
42;T;-;0.5211267605633803;-76.6;165.7;-2;-0.4;4;-2.5;1;-0.1;5;-0.2
43;A;H;0.16037735849056603;-54.4;-35.9;1;-0.2;4;-2.5;2;-0.2;5;-0.1
44;W;H;0.5286343612334802;-70.0;-44.9;2;-0.2;4;-2.4;1;-0.2;-1;-0.2
45;E;H;0.4896907216494845;-63.6;-41.0;2;-0.2;4;-1.9;1;-0.2;-1;-0.2
46;R;H;0.10080645161290322;-64.8;-42.1;-4;-2.5;4;-2.4;2;-0.2;-2;-0.2
47;T;H;0.0;-58.8;-41.8;-4;-2.5;4;-2.9;1;-0.2;-2;-0.2
48;F;H;0.49746192893401014;-55.9;-45.2;-4;-2.4;4;-2.4;2;-0.2;-1;-0.2
49;D;H;0.3067484662576687;-61.3;-42.5;-4;-1.9;4;-2.3;2;-0.2;-2;-0.2
50;I;H;0.0;-64.2;-43.5;-4;-2.4;4;-2.5;2;-0.2;5;-0.2
51;V;H;0.007042253521126761;-58.4;-49.7;-4;-2.9;4;-2.7;1;-0.2;-2;-0.2
52;N;H;0.3630573248407643;-62.9;-36.4;-4;-2.4;4;-2.1;1;-0.2;-1;-0.2
53;A;H;0.2641509433962264;-66.9;-41.9;-4;-2.3;4;-2.0;2;-0.2;-1;-0.2
54;I;H;0.005917159763313609;-69.0;-39.0;-4;-2.5;4;-3.0;2;-0.2;-2;-0.2
55;K;H;0.32195121951219513;-59.6;-40.3;-4;-2.7;4;-2.4;-5;-0.2;-1;-0.2
56;D;H;0.6196319018404908;-62.1;-39.8;-4;-2.1;4;-3.3;2;-0.2;-2;-0.2
57;I;H;0.10650887573964497;-67.2;-44.9;-4;-2.0;4;-2.7;2;-0.2;-2;-0.2
58;I;H;0.0;-57.4;-44.3;-4;-3.0;5;-2.9;1;-0.2;6;-0.4
59;D;H;0.5214723926380368;-69.6;-49.3;-4;-2.4;3;-1.0;3;-0.2;-2;-0.2
60;E;H;0.7680412371134021;-58.6;-37.5;-4;-3.3;-2;-0.2;1;-0.3;-1;-0.2
61;F;T;0.2233502538071066;-103.9;5.5;-4;-2.7;-1;-0.3;-5;-0.2;-2;-0.2
62;D;T;0.6503067484662577;53.2;56.0;-3;-1.0;-3;-0.2;-4;-0.4;-4;-0.1
63;L;-;0.006097560975609756;-97.5;8.6;-5;-2.9;3;-2.3;-6;-0.2;-4;-0.1
64;K;T;0.6195121951219512;-52.7;129.5;-6;-0.4;36;-0.2;1;-0.2;3;-0.1
65;G;T;0.5119047619047619;97.1;-10.2;34;-1.6;-1;-0.2;1;-0.4;35;-0.2
66;Y;P;0.04054054054054054;-64.9;144.7;-3;-2.3;35;-2.7;33;-0.3;2;-0.5
67;H;E;0.1793478260869565;-80.7;129.1;-64;-3.2;-62;-2.7;33;-0.2;2;-0.5
68;L;E;0.006097560975609756;-84.2;119.5;34;-2.0;36;-2.1;-2;-0.5;2;-0.6
69;A;E;0.009433962264150943;-102.9;118.6;-64;-2.6;-62;-3.2;-2;-0.5;2;-0.4
70;I;E;0.0;-135.4;138.6;34;-2.5;36;-2.6;-2;-0.6;-62;-0.2
71;E;E;0.1134020618556701;-68.9;144.5;-64;-1.3;36;-0.2;-2;-0.4;-62;-0.2
72;T;P;0.33098591549295775;-67.6;126.1;34;-1.9;36;-0.2;-2;-0.1;-1;-0.1
73;P;P;0.21323529411764705;-55.0;138.3;0;0.0;2;-0.5;0;0.0;-1;-0.1
74;I;P;0.5857988165680473;-88.7;127.5;-3;-0.1;2;-0.8;34;-0.0;11;-0.1
75;M;-;0.5531914893617021;-94.9;104.5;-2;-0.5;4;-0.1;10;-0.1;2;-0.1
76;G;-;0.5714285714285714;-82.8;-166.3;-2;-0.8;6;-0.1;2;-0.3;-1;-0.0
77;R;S;1.0;-72.8;-32.8;1;-0.1;2;-1.0;-2;-0.1;3;-0.1
78;N;-;0.6496815286624203;-80.0;105.0;1;-0.2;4;-2.4;2;-0.1;-2;-0.3
79;R;H;0.8145161290322581;-64.7;-44.2;-2;-1.0;4;-2.8;1;-0.2;5;-0.2
80;K;H;0.8;-58.7;-49.7;2;-0.2;4;-2.5;1;-0.2;-1;-0.2
81;H;H;0.4891304347826087;-61.5;-39.3;1;-0.2;4;-2.7;2;-0.2;-2;-0.2
82;S;H;0.046153846153846156;-65.3;-43.0;-4;-2.4;4;-2.4;2;-0.2;-2;-0.2
83;I;H;0.591715976331361;-63.8;-44.9;-4;-2.8;4;-2.7;2;-0.2;-1;-0.2
84;T;H;0.2887323943661972;-60.4;-45.9;-4;-2.5;4;-2.8;-5;-0.2;5;-0.2
85;L;H;0.18292682926829268;-58.4;-46.2;-4;-2.7;4;-2.8;2;-0.2;-2;-0.2
86;A;H;0.36792452830188677;-61.7;-42.7;-4;-2.4;4;-2.4;2;-0.2;-2;-0.2
87;N;H;0.5286624203821656;-63.9;-44.6;-4;-2.7;4;-2.8;2;-0.2;-2;-0.2
88;C;H;0.0;-67.8;-39.7;-4;-2.8;4;-2.8;2;-0.2;-2;-0.2
89;N;H;0.03821656050955414;-58.2;-44.5;-4;-2.8;4;-2.3;-5;-0.2;-1;-0.2
90;G;H;0.4642857142857143;-61.8;-47.1;-4;-2.4;4;-2.9;2;-0.2;-2;-0.2
91;Y;H;0.35585585585585583;-53.5;-50.0;-4;-2.8;4;-2.5;2;-0.2;-2;-0.2
92;F;H;0.0;-53.8;-53.0;-4;-2.8;4;-1.3;2;-0.2;-2;-0.2
93;I;H;0.07100591715976332;-60.5;-46.8;-4;-2.3;4;-0.9;1;-0.2;3;-0.5
94;G;H;0.6309523809523809;-60.6;-37.9;-4;-2.9;3;-0.5;1;-0.2;4;-0.4
95;A;H;0.27358490566037735;-70.9;-24.6;-4;-2.5;-1;-0.2;1;-0.2;-2;-0.2
96;I;H;0.0;-110.7;-3.0;-4;-1.3;3;-1.8;-3;-0.5;4;-1.2
97;D;T;0.5337423312883436;-51.2;-32.0;-4;-0.9;5;-0.4;-3;-0.5;3;-0.3
98;G;T;0.9523809523809523;-81.9;-8.2;-4;-0.4;-1;-0.3;1;-0.2;-2;-0.1
99;L;T;0.2682926829268293;-105.7;-24.0;-3;-1.8;-34;-1.6;-35;-0.1;-33;-0.3
100;V;S;0.1056338028169014;-113.5;167.8;-4;-1.2;2;-0.9;-3;-0.3;-33;-0.2
101;N;S;0.7197452229299363;-100.4;73.0;-35;-2.7;-3;-0.1;1;-0.2;-4;-0.1
102;G;-;0.32142857142857145;82.4;174.5;-2;-0.9;-34;-2.0;-5;-0.4;2;-0.3
103;Y;E;0.481981981981982;-146.4;155.0;-36;-0.2;2;-0.4;-3;-0.1;-34;-0.2
104;T;E;0.45774647887323944;-132.7;134.8;-36;-2.1;-34;-2.5;-2;-0.3;2;-0.4
105;F;E;0.41624365482233505;-78.7;134.0;-2;-0.4;2;-0.5;-36;-0.2;-34;-0.2
106;I;E;0.0650887573964497;-110.9;124.8;-36;-2.6;-34;-1.9;-2;-0.4;2;-0.3
107;D;-;0.4110429447852761;-74.8;136.2;-2;-0.5;4;-1.7;-36;-0.2;3;-0.6
108;N;H;0.22929936305732485;-56.8;-35.5;-2;-0.3;4;-2.0;1;-0.2;5;-0.2
109;S;H;0.6;-72.2;-30.5;1;-0.2;4;-2.1;2;-0.2;-1;-0.2
110;K;H;0.551219512195122;-72.9;-51.5;-3;-0.6;4;-2.0;2;-0.2;-1;-0.2
111;W;H;0.01762114537444934;-72.5;-31.6;-4;-1.7;4;-1.4;1;-0.2;-1;-0.2
112;C;H;0.022222222222222223;-61.6;-46.3;-4;-2.0;5;-2.9;-5;-0.3;-2;-0.2
113;S;H;0.6307692307692307;-58.7;-43.8;-4;-2.1;3;-1.6;-5;-0.2;-2;-0.2
114;Y;H;0.44144144144144143;-55.4;-37.5;-4;-2.0;-1;-0.2;1;-0.3;-2;-0.2
115;H;T;0.19021739130434784;-95.7;5.8;-4;-1.4;-1;-0.3;-3;-0.2;-2;-0.2
116;L;T;0.9207317073170732;61.1;33.5;-3;-1.6;2;-0.5;1;-0.2;-3;-0.2
117;I;-;0.05917159763313609;-88.1;125.7;-5;-2.9;2;-0.3;-6;-0.1;-1;-0.2
118;S;-;0.5538461538461539;-140.5;163.3;-2;-0.5;2;-0.2;-3;-0.1;9;-0.1
119;G;S;0.38095238095238093;110.6;-171.4;-2;-0.3;2;-0.1;4;-0.1;-2;-0.0
120;K;S;0.8585365853658536;-76.1;171.2;-2;-0.2;4;-2.8;1;-0.1;3;-0.3
121;R;H;0.6895161290322581;-52.4;-46.5;1;-0.2;4;-2.2;2;-0.2;5;-0.2
122;E;H;0.8041237113402062;-66.4;-40.4;1;-0.2;4;-1.8;2;-0.2;-1;-0.2
123;Q;H;0.4595959595959596;-66.5;-41.1;-3;-0.3;4;-2.6;2;-0.2;-1;-0.2
124;R;H;0.3709677419354839;-62.8;-40.3;-4;-2.8;4;-2.7;1;-0.2;-2;-0.2
125;K;H;0.2975609756097561;-62.5;-40.2;-4;-2.2;4;-2.1;-5;-0.2;-1;-0.2
126;E;H;0.6391752577319587;-66.8;-44.1;-4;-1.8;4;-2.2;2;-0.2;-2;-0.2
127;E;H;0.21649484536082475;-65.2;-42.0;-4;-2.6;4;-1.9;2;-0.2;-2;-0.2
128;S;H;0.0;-57.7;-47.2;-4;-2.7;4;-1.6;-5;-0.2;-1;-0.2
129;L;H;0.11585365853658537;-62.1;-40.7;-4;-2.1;4;-2.6;1;-0.2;-2;-0.2
130;E;H;0.6443298969072165;-61.5;-39.3;-4;-2.2;4;-1.8;1;-0.2;-1;-0.2
131;L;H;0.38414634146341464;-62.3;-43.7;-4;-1.9;4;-0.5;2;-0.2;-1;-0.2
132;L;H;0.0;-63.8;-46.5;-4;-1.6;3;-1.7;1;-0.2;5;-0.7
133;K;H;0.32682926829268294;-58.8;-33.8;-4;-2.6;3;-1.4;1;-0.3;-1;-0.2
134;A;T;0.8584905660377359;-67.5;-15.8;-4;-1.8;-1;-0.3;1;-0.3;-2;-0.2
135;T;T;0.3873239436619718;-85.2;-22.0;-3;-1.7;-1;-0.3;-4;-0.5;-2;-0.2
136;G;T;0.7380952380952381;81.8;8.4;-3;-1.4;-3;-0.1;-4;-0.5;-2;-0.1
137;L;S;0.40853658536585363;-75.8;-24.9;-5;-0.7;2;-0.3;2;-0.1;-106;-0.2
138;V;S;0.176056338028169;-127.6;162.7;-6;-0.4;-2;-0.2;-5;-0.1;2;-0.0
139;D;-;0.7484662576687117;-64.1;152.6;-2;-0.3;3;-2.1;1;-0.1;-2;-0.1
140;S;T;0.8076923076923077;-62.4;-20.5;1;-0.3;-1;-0.1;-4;-0.1;-7;-0.1
141;N;T;0.7388535031847133;-97.2;7.9;-8;-0.0;-1;-0.3;2;-0.0;2;-0.1
142;C;-;0.15555555555555556;-57.9;132.8;-3;-2.1;-9;-0.1;1;-0.1;-4;-0.1
143;K;-;0.8829268292682927;-118.7;7.5;-2;-0.1;2;-1.3;1;-0.0;-1;-0.1
144;D;-;0.15950920245398773;-86.5;94.7;1;-0.2;4;-1.1;-15;-0.1;3;-0.5
145;D;H;0.2147239263803681;-73.3;-19.1;-2;-1.3;4;-2.4;1;-0.2;-1;-0.2
146;N;H;0.08280254777070063;-65.1;-38.7;2;-0.2;4;-1.9;1;-0.2;-1;-0.2
147;I;H;0.10650887573964497;-65.2;-40.1;-3;-0.5;4;-2.4;1;-0.2;-1;-0.2
148;A;H;0.0;-63.2;-45.2;-4;-1.1;4;-2.5;1;-0.2;-2;-0.2
149;D;H;0.09815950920245399;-63.4;-45.5;-4;-2.4;4;-2.3;2;-0.2;-1;-0.2
150;A;H;0.0;-58.8;-43.3;-4;-1.9;4;-2.5;1;-0.2;-1;-0.2
151;Y;H;0.15315315315315314;-59.4;-47.6;-4;-2.4;4;-2.5;1;-0.2;-2;-0.2
152;N;H;0.006369426751592357;-67.9;-31.6;-4;-2.5;4;-2.0;1;-0.2;-1;-0.2
153;I;H;0.0;-63.7;-45.5;-4;-2.3;4;-2.6;-5;-0.2;-1;-0.2
154;L;H;0.0;-56.6;-51.1;-4;-2.5;4;-2.3;1;-0.2;-2;-0.2
155;T;H;0.13380281690140844;-65.2;-38.2;-4;-2.5;4;-1.7;1;-0.2;-1;-0.2
156;Y;H;0.11711711711711711;-60.3;-49.9;-4;-2.0;4;-1.4;-5;-0.2;-1;-0.2
157;C;H;0.1259259259259259;-62.5;-39.6;-4;-2.6;4;-1.1;1;-0.2;-2;-0.2
158;E;H;0.23711340206185566;-63.2;-35.1;-4;-2.3;3;-0.3;1;-0.2;-1;-0.2
159;H;H;0.6195652173913043;-65.1;-32.5;-4;-1.7;-1;-0.2;1;-0.2;-2;-0.2
160;L;H;0.6463414634146342;-73.0;-27.4;-4;-1.4;-1;-0.2;1;-0.2;-2;-0.2
161;G;-;1.0;-83.0;360.0;-4;-1.1;-1;-0.2;-3;-0.3;-2;-0.2
