1;M;-;1.0;360.0;89.0;0;0.0;0;0.0;0;0.0;0;0.0
2;I;-;0.9467455621301775;144.6;93.1;1;-0.1;2;-0.3;0;0.0;0;0.0
3;K;-;0.9317073170731708;-22.5;113.5;0;0.0;-1;-0.1;0;0.0;0;0.0
4;R;-;0.875;144.5;121.8;-2;-0.3;0;0.0;0;0.0;0;0.0
5;L;-;0.9207317073170732;140.7;102.9;1;-0.0;2;-0.2;0;0.0;0;0.0
6;F;-;1.0;-11.8;100.0;0;0.0;2;-0.3;0;0.0;-1;-0.0
7;S;-;0.9;-122.8;92.5;-2;-0.2;0;0.0;0;0.0;0;0.0
8;K;-;0.9512195121951219;33.3;99.4;-2;-0.3;0;0.0;1;-0.2;0;0.0
9;S;-;0.9230769230769231;22.7;98.8;3;-0.0;-1;-0.2;0;0.0;0;0.0
10;K;-;0.9658536585365853;-109.6;110.7;2;-0.0;2;-0.6;3;-0.0;0;0.0
11;P;-;0.8455882352941176;-63.3;99.7;0;0.0;2;-0.6;0;0.0;0;0.0
12;A;-;0.8113207547169812;-29.5;66.1;-2;-0.6;2;-1.2;3;-0.0;-3;-0.0
13;T;-;0.823943661971831;-21.9;63.1;-2;-0.6;2;-1.5;2;-0.0;-3;-0.0
14;I;-;0.8402366863905325;-35.4;57.3;-2;-1.2;2;-1.2;2;-0.0;-2;-0.0
15;E;-;0.8195876288659794;-23.1;63.8;-2;-1.5;2;-1.4;3;-0.0;-2;-0.0
16;Q;-;0.8787878787878788;-27.0;55.9;-2;-1.2;-2;-0.0;3;-0.0;-3;-0.0
17;T;-;0.7676056338028169;-31.9;107.3;-2;-1.4;2;-0.2;3;-0.0;-2;-0.0
18;P;-;0.9117647058823529;-43.0;83.5;0;0.0;3;-0.1;0;0.0;-3;-0.0
19;T;-;0.795774647887324;-56.3;122.8;-2;-0.2;4;-0.1;1;-0.1;-3;-0.0
20;P;-;0.7352941176470589;-33.0;129.8;0;0.0;3;-0.1;0;0.0;-1;-0.1
21;E;S;1.0;-44.4;-29.4;1;-0.2;2;-0.4;-3;-0.1;-2;-0.0
22;K;S;0.6292682926829268;-137.8;134.5;4;-0.0;-1;-0.2;3;-0.0;0;0.0
23;T;-;0.2887323943661972;-70.7;154.6;-2;-0.4;4;-2.4;55;-0.1;5;-0.2
24;P;H;0.34558823529411764;-49.2;-37.1;0;0.0;4;-2.0;0;0.0;6;-0.2
25;Y;H;0.10810810810810811;-56.9;-45.1;52;-2.0;5;-2.8;2;-0.2;4;-0.3
26;E;H;0.5360824742268041;-69.6;-37.0;51;-0.3;3;-1.4;1;-0.2;-1;-0.2
27;I;H;0.47928994082840237;-67.7;-30.9;-4;-2.4;-1;-0.2;1;-0.3;-2;-0.2
28;L;T;0.15853658536585366;-79.8;-7.9;-4;-2.0;-1;-0.3;-5;-0.2;-2;-0.2
29;G;T;0.6547619047619048;98.8;15.5;-3;-1.4;3;-0.7;-4;-0.3;-3;-0.2
30;G;T;0.13095238095238096;77.4;-140.0;-5;-2.8;4;-2.1;1;-0.2;3;-0.3
31;E;H;0.5824742268041238;-56.1;-45.7;1;-0.2;4;-2.8;2;-0.2;5;-0.3
32;A;H;0.6792452830188679;-60.3;-41.7;-3;-0.7;4;-2.1;1;-0.2;-1;-0.2
33;G;H;0.13095238095238096;-65.0;-45.6;-3;-0.3;4;-2.1;2;-0.2;-1;-0.2
34;A;H;0.0;-63.3;-41.0;-4;-2.1;4;-2.4;1;-0.2;-2;-0.2
35;L;H;0.2804878048780488;-62.4;-40.8;-4;-2.8;4;-2.8;-5;-0.2;5;-0.2
36;A;H;0.25471698113207547;-62.6;-42.6;-4;-2.1;4;-2.8;-5;-0.3;5;-0.3
37;I;H;0.005917159763313609;-62.8;-48.1;-4;-2.1;4;-2.5;2;-0.2;-1;-0.2
38;A;H;0.0;-59.5;-44.9;-4;-2.4;4;-1.6;1;-0.2;-2;-0.2
39;N;H;0.42038216560509556;-69.4;-47.2;-4;-2.8;4;-2.3;2;-0.2;-2;-0.2
40;R;H;0.3911290322580645;-63.8;-36.9;-4;-2.8;4;-2.6;-5;-0.2;5;-0.2
41;F;H;0.005076142131979695;-56.4;-46.7;-4;-2.5;4;-2.2;-5;-0.3;-1;-0.2
42;Y;H;0.05855855855855856;-82.4;-26.8;-4;-1.6;4;-2.3;2;-0.2;-1;-0.2
43;D;H;0.3987730061349693;-59.3;-47.7;-4;-2.3;4;-1.3;2;-0.2;-1;-0.2
44;I;H;0.08875739644970414;-63.9;-45.1;-4;-2.6;4;-2.1;1;-0.2;3;-0.5
45;M;H;0.005319148936170213;-57.4;-41.0;-4;-2.2;10;-0.2;-5;-0.2;-1;-0.2
46;A;H;0.39622641509433965;-73.6;-22.2;-4;-2.3;-1;-0.2;1;-0.2;-2;-0.2
47;T;H;0.823943661971831;-115.4;-15.5;-4;-1.3;2;-0.6;-3;-0.5;-1;-0.2
48;D;-;0.2392638036809816;-97.2;127.9;-4;-2.1;3;-1.4;-5;-0.2;4;-0.1
49;E;G;0.8608247422680413;-66.2;-32.3;-2;-0.6;3;-1.4;1;-0.3;-1;-0.1
50;Y;G;0.47297297297297297;-57.7;-33.4;1;-0.2;-1;-0.3;2;-0.1;4;-0.2
51;A;G;0.0;-97.7;11.8;-3;-1.4;4;-3.1;-7;-0.2;-1;-0.2
52;K;H;0.5365853658536586;-59.5;-44.9;-3;-1.4;4;-2.6;1;-0.2;-1;-0.2
53;P;H;0.45588235294117646;-56.7;-45.3;0;0.0;4;-0.4;0;0.0;-1;-0.2
54;L;H;0.09146341463414634;-62.2;-45.0;-4;-0.2;3;-1.4;1;-0.2;-2;-0.2
55;Y;H;0.23873873873873874;-58.3;-38.9;-4;-3.1;3;-1.9;1;-0.3;-1;-0.2
56;D;T;0.5705521472392638;-70.4;-8.4;-4;-2.6;-1;-0.3;1;-0.3;-2;-0.2
57;M;T;0.35638297872340424;-88.0;-5.6;-3;-1.4;-1;-0.3;-4;-0.4;-2;-0.2
58;H;S;0.25;-104.3;138.8;-3;-1.9;2;-0.1;-4;-0.2;4;-0.1
59;P;-;0.8161764705882353;-64.0;146.4;0;0.0;6;-0.2;0;0.0;-2;-0.1
60;L;S;0.6585365853658537;-109.9;151.7;-2;-0.1;2;-0.1;2;-0.1;0;0.0
61;P;S;0.7058823529411765;-72.8;165.5;0;0.0;3;-0.5;0;0.0;4;-0.3
62;L;T;0.0975609756097561;-86.6;5.6;1;-0.2;4;-2.1;2;-0.1;5;-0.2
63;D;H;0.7116564417177914;-58.9;-42.3;1;-0.2;4;-1.7;2;-0.2;-1;-0.2
64;R;H;0.7580645161290323;-67.2;-47.9;-3;-0.5;4;-2.2;1;-0.2;-1;-0.2
65;I;H;0.27218934911242604;-70.5;-26.1;-4;-0.3;4;-2.6;1;-0.2;5;-0.2
66;R;H;0.12903225806451613;-62.2;-42.5;-4;-2.1;4;-2.4;1;-0.2;-1;-0.2
67;Q;H;0.4090909090909091;-66.6;-46.2;-4;-1.7;4;-2.5;2;-0.2;-2;-0.2
68;V;H;0.19014084507042253;-61.7;-42.8;-4;-2.2;4;-2.5;1;-0.2;-2;-0.2
69;F;H;0.1065989847715736;-63.8;-43.5;-4;-2.6;4;-2.9;1;-0.2;-1;-0.2
70;F;H;0.030456852791878174;-55.2;-49.0;-4;-2.4;4;-2.8;-5;-0.2;-1;-0.2
71;E;H;0.06701030927835051;-59.4;-44.2;-4;-2.5;4;-1.4;1;-0.2;12;-1.1
72;F;H;0.09137055837563451;-60.5;-48.1;-4;-2.5;4;-2.9;1;-0.2;5;-0.2
73;L;H;0.0;-62.2;-39.8;-4;-2.9;4;-2.4;1;-0.2;6;-0.3
74;S;H;0.0;-50.9;-53.7;-4;-2.8;5;-2.8;-5;-0.2;-1;-0.2
75;G;H;0.17857142857142858;-70.2;-46.5;-4;-1.4;3;-2.2;3;-0.2;-2;-0.2
76;W;H;0.3964757709251101;-59.4;-29.2;-4;-2.9;-1;-0.2;1;-0.3;-2;-0.2
77;L;T;0.03048780487804878;-93.1;0.5;-4;-2.4;-52;-2.0;-5;-0.2;-1;-0.3
78;G;T;0.5238095238095238;100.9;8.1;-3;-2.2;-3;-0.2;1;-0.2;-2;-0.2
79;G;S;0.21428571428571427;-86.7;-158.6;-5;-2.8;-1;-0.2;-6;-0.3;2;-0.1
80;P;-;0.5;-59.5;137.8;0;0.0;2;-2.0;0;0.0;3;-0.3
81;D;-;0.6380368098159509;-80.0;63.2;1;-0.2;4;-2.5;-6;-0.1;5;-0.2
82;L;H;0.38414634146341464;-68.3;-38.2;-2;-2.0;4;-1.6;-11;-0.3;5;-0.2
83;F;H;0.06598984771573604;-65.4;-48.9;-12;-1.1;4;-4.4;-3;-0.3;5;-0.7
84;V;H;0.4014084507042254;-63.7;-43.9;3;-0.2;4;-1.6;-13;-0.2;-2;-0.2
85;A;H;0.8301886792452831;-57.8;-33.0;-4;-2.5;-1;-0.2;1;-0.2;-2;-0.2
86;K;H;0.6829268292682927;-102.4;-36.3;-4;-1.6;-2;-0.2;-5;-0.2;-1;-0.2
87;H;H;0.3532608695652174;-120.0;-6.9;-4;-4.4;-3;-0.2;1;-0.3;-2;-0.2
88;G;-;0.34523809523809523;83.7;-167.7;-4;-1.6;-1;-0.3;-5;-0.7;-2;-0.1
89;H;S;0.782608695652174;-55.4;140.4;1;-0.1;0;0.0;-2;-0.1;0;0.0
90;P;-;0.29411764705882354;-65.4;-36.3;0;0.0;5;-0.3;0;0.0;-1;-0.1
91;M;-;0.6436170212765957;25.7;56.1;1;-0.1;4;-2.2;3;-0.1;3;-0.2
92;L;H;0.20121951219512196;-58.7;-44.4;1;-0.3;4;-1.4;2;-0.2;-1;-0.1
93;R;H;0.3951612903225806;-58.1;-46.7;1;-0.2;3;-0.6;2;-0.2;4;-0.6
94;K;H;0.7463414634146341;-58.7;-41.7;1;-0.2;3;-1.3;-3;-0.2;-2;-0.2
95;R;H;0.3629032258064516;-68.7;-20.8;-4;-2.2;-1;-0.2;-5;-0.3;-2;-0.2
96;H;H;0.3695652173913043;-99.6;3.4;-4;-1.4;3;-1.6;-3;-0.6;-1;-0.3
97;M;T;0.44680851063829785;-72.8;-27.4;-3;-1.3;-1;-0.2;-4;-0.6;-2;-0.1
98;P;T;0.7426470588235294;-70.8;-10.5;0;0.0;2;-0.4;0;0.0;-1;-0.3
99;F;S;0.49746192893401014;-111.8;135.9;-3;-1.6;2;-0.9;2;-0.0;44;-0.1
100;T;-;0.6126760563380281;-75.2;110.7;-2;-0.4;2;-0.6;42;-0.1;42;-0.1
101;I;-;0.10059171597633136;-114.5;107.6;-2;-0.9;42;-2.2;40;-0.2;43;-1.8
102;D;-;0.3619631901840491;-102.5;-179.9;-2;-0.6;4;-2.0;40;-0.2;5;-0.1
103;Q;H;0.51010101010101;-59.2;-37.9;41;-0.3;4;-2.3;1;-0.2;5;-0.2
104;D;H;0.4723926380368098;-62.8;-46.7;2;-0.2;4;-2.1;1;-0.2;-1;-0.2
105;L;H;0.11585365853658537;-65.3;-38.9;1;-0.2;4;-2.3;2;-0.2;-1;-0.2
106;R;H;0.1814516129032258;-57.2;-45.3;-4;-2.0;4;-2.5;1;-0.2;-1;-0.2
107;D;H;0.3374233128834356;-65.4;-40.4;-4;-2.3;4;-2.4;1;-0.2;-2;-0.2
108;Q;H;0.015151515151515152;-62.0;-43.8;-4;-2.1;4;-2.0;2;-0.2;-1;-0.2
109;W;H;0.2290748898678414;-57.7;-48.3;-4;-2.3;4;-2.5;2;-0.2;-2;-0.2
110;M;H;0.05319148936170213;-67.8;-32.7;-4;-2.5;4;-3.2;1;-0.2;5;-0.3
111;Y;H;0.2882882882882883;-55.7;-48.7;-4;-2.4;4;-1.8;2;-0.2;-1;-0.2
112;C;H;0.0;-65.3;-44.4;-4;-2.0;4;-2.4;1;-0.2;-2;-0.2
113;M;H;0.0;-67.2;-42.2;-4;-2.5;4;-2.8;1;-0.2;5;-0.2
114;N;H;0.33121019108280253;-60.9;-42.9;-4;-3.2;4;-2.1;2;-0.2;-1;-0.2
115;K;H;0.35609756097560974;-62.2;-42.3;-4;-1.8;4;-1.5;-5;-0.3;-2;-0.2
116;T;H;0.0;-59.6;-46.8;-4;-2.4;4;-2.5;1;-0.2;3;-0.5
117;L;H;0.0;-68.5;-34.6;-4;-2.8;4;-2.1;1;-0.3;-1;-0.2
118;D;H;0.5276073619631901;-60.4;-30.1;-4;-2.1;-1;-0.3;-5;-0.2;-2;-0.2
119;L;H;0.6341463414634146;-90.4;-33.9;-4;-1.5;-2;-0.2;-3;-0.5;-1;-0.2
120;E;H;0.31958762886597936;-107.5;-12.9;-4;-2.5;2;-0.6;-5;-0.2;-3;-0.2
121;V;-;0.007042253521126761;-116.9;115.1;-4;-2.1;-1;-0.1;-5;-0.3;6;-0.1
122;D;-;0.8834355828220859;-83.8;-36.7;-2;-0.6;-1;-0.2;-3;-0.1;3;-0.1
123;N;-;0.4394904458598726;-72.8;115.2;1;-0.2;4;-2.8;-96;-0.1;5;-0.2
124;P;H;0.6323529411764706;-66.0;-37.2;0;0.0;4;-2.5;0;0.0;5;-0.2
125;L;H;0.8902439024390244;-65.8;-45.1;2;-0.2;4;-2.3;1;-0.2;5;-0.2
126;L;H;0.14634146341463414;-62.3;-43.5;2;-0.2;4;-2.8;1;-0.2;5;-0.2
127;R;H;0.21370967741935484;-59.3;-46.3;-4;-2.8;4;-2.4;1;-0.2;-2;-0.2
128;E;H;0.4793814432989691;-66.6;-41.4;-4;-2.5;4;-2.1;1;-0.2;-1;-0.2
129;G;H;0.40476190476190477;-60.7;-42.3;-4;-2.3;4;-2.6;-5;-0.2;-1;-0.2
130;L;H;0.04878048780487805;-66.9;-38.6;-4;-2.8;4;-2.9;2;-0.2;5;-0.3
131;K;H;0.21951219512195122;-58.9;-42.7;-4;-2.4;4;-2.2;-5;-0.2;-1;-0.2
132;Q;H;0.5353535353535354;-67.7;-47.0;-4;-2.1;4;-2.2;2;-0.2;-2;-0.2
133;S;H;0.4076923076923077;-62.7;-45.6;-4;-2.6;4;-2.4;1;-0.2;-2;-0.2
134;F;H;0.005076142131979695;-64.6;-41.2;-4;-2.9;4;-3.4;1;-0.2;5;-0.2
135;G;H;0.10714285714285714;-53.7;-45.7;-4;-2.2;4;-2.2;-5;-0.3;-1;-0.2
136;Q;H;0.6919191919191919;-64.1;-47.4;-4;-2.2;4;-1.7;2;-0.2;-2;-0.2
137;L;H;0.23170731707317074;-58.2;-45.5;-4;-2.4;4;-0.6;2;-0.2;-2;-0.2
138;A;H;0.07547169811320754;-64.0;-41.7;-4;-3.4;3;-1.3;1;-0.2;4;-0.5
139;S;H;0.4230769230769231;-63.5;-30.5;-4;-2.2;3;-1.2;1;-0.3;-1;-0.2
140;H;H;0.5869565217391305;-69.6;-17.3;-4;-1.7;-1;-0.3;1;-0.2;-2;-0.2
141;M;T;0.0797872340425532;-86.5;-15.9;-3;-1.3;-1;-0.2;-4;-0.6;-40;-0.2
142;I;-;0.07100591715976332;-62.7;129.3;-3;-1.2;-40;-0.2;-4;-0.5;3;-0.1
143;N;-;0.22929936305732485;-134.7;4.0;-42;-2.2;2;-0.5;1;-0.2;-41;-0.2
144;Q;-;0.5151515151515151;-128.1;112.0;-43;-1.8;-41;-0.3;-44;-0.0;-1;-0.2
145;H;-;1.0;-105.4;360.0;-2;-0.5;-43;-0.0;-43;-0.1;-44;-0.0
