1;M;-;1.0;360.0;69.1;0;0.0;2;-0.2;0;0.0;0;0.0
2;D;-;0.7361963190184049;18.7;60.4;1;-0.1;3;-0.6;2;-0.0;0;0.0
3;D;G;0.8159509202453987;-51.8;26.7;-2;-0.2;3;-0.6;1;-0.2;-1;-0.1
4;S;G;0.5769230769230769;-81.6;16.7;1;-0.2;-1;-0.2;3;-0.0;4;-0.1
5;E;G;0.9484536082474226;-104.2;11.0;-3;-0.6;2;-0.8;1;-0.1;-1;-0.2
6;T;S;0.7816901408450704;-116.4;56.5;-3;-0.6;-1;-0.1;3;-0.0;3;-0.1
7;G;-;0.6309523809523809;-3.2;108.1;-2;-0.8;2;-0.2;1;-0.1;-2;-0.1
8;F;-;0.26903553299492383;-29.6;123.7;-4;-0.1;2;-0.3;33;-0.1;-1;-0.1
9;N;-;0.3375796178343949;-134.3;115.2;-2;-0.2;4;-1.4;1;-0.1;3;-0.7
10;L;H;0.0;-65.9;-26.2;165;-2.4;4;-2.8;-2;-0.3;5;-0.3
11;K;H;0.47804878048780486;-60.6;-44.4;164;-0.4;4;-2.7;2;-0.2;5;-0.3
12;V;H;0.7183098591549296;-60.6;-39.1;-3;-0.7;4;-1.2;1;-0.2;-1;-0.2
13;V;H;0.11267605633802817;-68.5;-49.1;-4;-1.4;4;-0.4;2;-0.2;3;-0.3
14;L;H;0.0;-70.2;-35.8;-4;-2.8;3;-1.3;1;-0.2;4;-0.2
15;V;H;0.3591549295774648;-70.2;-26.4;-4;-2.7;3;-1.9;1;-0.3;4;-0.3
16;S;G;0.17692307692307693;-64.2;-15.1;-4;-1.2;3;-1.4;-3;-0.3;-1;-0.3
17;F;G;0.0;-69.6;-14.6;-3;-1.3;3;-1.4;-4;-0.4;4;-0.3
18;K;G;0.5219512195121951;-63.0;-33.7;-3;-1.9;3;-1.2;1;-0.3;-1;-0.3
19;Q;G;0.6818181818181818;-77.4;-6.1;-3;-1.4;-1;-0.3;-4;-0.3;-2;-0.2
20;C;G;0.0;-78.4;-14.8;-3;-1.4;8;-3.3;-4;-0.2;2;-0.5
21;L;B;0.15853658536585366;-115.0;130.5;-3;-1.2;6;-0.2;-4;-0.3;2;-0.1
22;D;-;0.3006134969325153;-93.7;-174.6;4;-1.8;3;-1.8;-2;-0.5;-2;-0.0
23;E;T;1.0;-63.3;-21.3;1;-0.3;-1;-0.0;2;-0.1;-2;-0.0
24;K;T;0.8390243902439024;-98.7;7.5;2;-0.1;-1;-0.3;0;0.0;3;-0.1
25;E;-;0.5154639175257731;65.4;35.0;-3;-1.8;2;-0.4;1;-0.3;-2;-0.1
26;E;-;0.3247422680412371;-90.3;142.5;53;-0.0;-4;-1.8;54;-0.0;2;-0.9
27;V;B;0.007042253521126761;-86.3;109.5;-2;-0.4;52;-2.9;-6;-0.2;2;-0.3
28;L;B;0.2926829268292683;-77.8;132.1;-8;-3.3;4;-1.5;-2;-0.9;50;-0.3
29;L;H;0.006097560975609756;-80.9;-27.3;48;-2.2;4;-3.0;-2;-0.3;5;-0.2
30;D;H;0.5214723926380368;-67.5;-52.5;47;-0.5;4;-2.6;2;-0.2;5;-0.2
31;P;H;0.15441176470588236;-64.8;-34.0;0;0.0;4;-2.4;0;0.0;-1;-0.2
32;Y;H;0.018018018018018018;-58.5;-49.6;-4;-1.5;4;-2.0;2;-0.2;-2;-0.2
33;I;H;0.05325443786982249;-62.3;-44.2;-4;-3.0;4;-2.1;1;-0.2;-1;-0.2
34;A;H;0.5566037735849056;-62.2;-41.6;-4;-2.6;4;-1.8;-5;-0.2;-1;-0.2
35;S;H;0.015384615384615385;-64.5;-42.7;-4;-2.4;4;-2.1;1;-0.2;-1;-0.2
36;W;H;0.01762114537444934;-61.2;-40.8;-4;-2.0;4;-2.8;2;-0.2;-1;-0.2
37;K;H;0.4097560975609756;-60.0;-40.4;-4;-2.1;4;-2.1;1;-0.2;-1;-0.2
38;G;H;0.10714285714285714;-61.3;-41.8;-4;-1.8;4;-2.0;2;-0.2;-2;-0.2
39;L;H;0.0;-63.4;-39.4;-4;-2.1;4;-2.7;1;-0.2;-2;-0.2
40;V;H;0.08450704225352113;-63.2;-41.9;-4;-2.8;4;-2.7;2;-0.2;-1;-0.2
41;R;H;0.6411290322580645;-60.2;-40.0;-4;-2.1;4;-1.2;2;-0.2;-1;-0.2
42;F;H;0.005076142131979695;-63.4;-49.2;-4;-2.0;3;-0.6;2;-0.2;4;-0.5
43;L;H;0.054878048780487805;-62.4;-37.9;-4;-2.7;3;-1.4;1;-0.3;7;-0.2
44;N;H;0.445859872611465;-70.2;-22.7;-4;-2.7;3;-1.2;1;-0.3;-1;-0.3
45;S;T;0.5230769230769231;-74.4;-11.5;-4;-1.2;-1;-0.3;-3;-0.6;-2;-0.2
46;L;T;0.16463414634146342;-91.1;-0.4;-3;-1.4;-1;-0.2;-4;-0.5;2;-0.2
47;G;-;0.4166666666666667;122.0;174.8;-3;-1.2;4;-0.7;-4;-0.1;3;-0.7
48;T;H;0.7535211267605634;-64.2;-33.2;1;-0.2;4;-1.2;2;-0.2;3;-0.4
49;I;H;0.3431952662721893;-60.7;-39.2;1;-0.2;4;-1.3;2;-0.2;3;-0.5
50;F;H;0.02030456852791878;-76.1;-16.9;-3;-0.7;4;-2.7;-7;-0.2;-1;-0.2
51;S;H;0.2923076923076923;-69.1;-31.8;-4;-0.7;4;-1.0;-3;-0.4;-1;-0.2
52;F;H;0.7055837563451777;-71.8;-40.0;-4;-1.2;4;-0.6;-3;-0.5;3;-0.5
53;I;H;0.3431952662721893;-68.1;-31.6;-4;-1.3;4;-0.7;1;-0.2;3;-0.7
54;S;H;0.015384615384615385;-79.3;-17.6;-4;-2.7;4;-2.8;1;-0.2;-1;-0.2
55;K;H;0.6048780487804878;-60.7;-39.8;-4;-1.0;4;-2.4;-3;-0.5;-1;-0.2
56;D;H;0.588957055214724;-64.2;-42.4;-3;-0.7;4;-1.5;-4;-0.6;-1;-0.2
57;V;H;0.09154929577464789;-65.6;-41.9;-4;-0.7;4;-2.3;1;-0.2;-2;-0.2
58;V;H;0.29577464788732394;-63.2;-46.0;-4;-2.8;4;-2.0;1;-0.2;-1;-0.2
59;S;H;0.49230769230769234;-56.4;-40.9;-4;-2.4;4;-1.4;1;-0.2;-1;-0.2
60;K;H;0.07317073170731707;-71.0;-39.6;-4;-1.5;4;-2.1;1;-0.2;-2;-0.2
61;L;H;0.036585365853658534;-61.3;-33.9;-4;-2.3;4;-2.5;1;-0.2;-1;-0.2
62;R;H;0.6370967741935484;-66.1;-38.5;-4;-2.0;4;-2.3;2;-0.2;-2;-0.2
63;I;H;0.08875739644970414;-61.7;-46.2;-4;-1.4;4;-2.3;2;-0.2;-1;-0.2
64;M;H;0.010638297872340425;-65.8;-37.6;-4;-2.1;4;-2.3;1;-0.2;-2;-0.2
65;E;H;0.35051546391752575;-65.4;-39.1;-4;-2.5;4;-1.5;2;-0.2;-1;-0.2
66;R;H;0.5967741935483871;-62.6;-45.6;-4;-2.3;4;-0.6;2;-0.2;-2;-0.2
67;L;H;0.22560975609756098;-62.2;-38.3;-4;-2.3;3;-0.8;1;-0.2;-2;-0.2
68;R;H;0.1774193548387097;-74.5;-19.4;-4;-2.3;-1;-0.2;1;-0.2;-2;-0.2
69;G;H;0.8214285714285714;-102.5;2.5;-4;-1.5;-1;-0.2;-5;-0.2;-2;-0.2
70;G;S;0.2619047619047619;-96.7;-176.0;-3;-0.8;3;-1.5;-4;-0.6;4;-0.1
71;P;T;1.0;-66.2;-24.5;0;0.0;3;-0.3;0;0.0;-4;-0.1
72;Q;T;0.4696969696969697;-103.1;26.2;1;-0.2;3;-1.6;-5;-0.2;4;-0.3
73;S;G;0.2153846153846154;-57.5;-27.3;-3;-1.5;3;-1.5;1;-0.3;-1;-0.2
74;E;G;0.5927835051546392;-65.0;-29.1;-3;-0.3;3;-1.0;1;-0.3;-1;-0.3
75;H;G;0.45652173913043476;-80.4;-8.4;-3;-1.6;10;-0.3;1;-0.2;-1;-0.3
76;Y;G;0.04054054054054054;-116.7;26.1;-3;-1.5;-1;-0.2;-4;-0.3;-2;-0.2
77;R;S;0.5403225806451613;-74.1;-39.1;-3;-1.0;-48;-2.2;1;-0.2;-47;-0.5
78;S;B;0.03076923076923077;-133.2;159.8;-50;-0.3;4;-2.4;-4;-0.2;-50;-0.2
79;L;H;0.006097560975609756;-58.8;-39.1;-52;-2.9;4;-2.5;-2;-0.3;5;-0.2
80;Q;H;0.1919191919191919;-63.7;-50.8;2;-0.2;4;-2.5;1;-0.2;-1;-0.2
81;A;H;0.3113207547169811;-60.4;-42.1;2;-0.2;4;-2.5;1;-0.2;-1;-0.2
82;M;H;0.0;-60.5;-46.1;-4;-2.4;4;-3.0;2;-0.2;5;-0.3
83;V;H;0.007042253521126761;-61.4;-45.9;-4;-2.5;4;-2.2;1;-0.2;5;-0.3
84;A;H;0.5566037735849056;-60.7;-45.9;-4;-2.5;4;-2.1;1;-0.2;-1;-0.2
85;H;H;0.05434782608695652;-64.9;-52.8;-4;-2.5;4;-1.6;-10;-0.3;-2;-0.2
86;E;H;0.005154639175257732;-69.1;-32.3;-4;-3.0;5;-3.0;1;-0.2;6;-0.6
87;L;H;0.3597560975609756;-71.4;-42.2;-4;-2.2;3;-1.1;-5;-0.3;-1;-0.2
88;S;H;0.6692307692307692;-70.6;-22.8;-4;-2.1;-1;-0.2;-5;-0.3;-2;-0.2
89;N;T;0.5477707006369427;-111.6;8.2;-4;-1.6;-1;-0.3;-5;-0.2;-2;-0.2
90;R;T;0.8588709677419355;57.2;42.8;-3;-1.1;-3;-0.2;-4;-0.2;-4;-0.1
91;L;-;0.2621951219512195;-96.2;3.2;-5;-3.0;2;-0.4;-6;-0.2;-4;-0.2
92;V;S;0.07746478873239436;-130.2;119.8;-6;-0.6;2;-0.6;-5;-0.1;8;-0.1
93;D;-;0.20245398773006135;-93.5;123.1;6;-0.7;6;-0.1;-2;-0.4;10;-0.1
94;L;S;0.5365853658536586;-82.7;-9.1;-2;-0.6;-1;-0.1;1;-0.2;3;-0.1
95;E;S;0.865979381443299;-120.4;-31.3;1;-0.3;2;-0.5;118;-0.1;-1;-0.2
96;R;-;0.5483870967741935;-127.9;119.3;1;-0.1;3;-1.3;3;-0.1;-1;-0.3
97;R;T;0.5887096774193549;-63.1;-32.1;-2;-0.5;-1;-0.1;1;-0.3;-4;-0.1
98;S;T;0.5923076923076923;-66.2;-19.9;2;-0.1;2;-0.7;-3;-0.1;-1;-0.3
99;H;S;0.42934782608695654;-95.4;97.2;-3;-1.3;-6;-0.7;1;-0.3;4;-0.2
100;H;S;0.46195652173913043;81.8;57.6;-2;-0.7;3;-2.0;-8;-0.1;-1;-0.3
101;P;T;0.5073529411764706;-60.0;-15.6;0;0.0;-1;-0.1;0;0.0;-2;-0.1
102;E;T;0.5360824742268041;-116.8;25.1;4;-0.1;-2;-0.1;-39;-0.0;-10;-0.0
103;S;-;0.05384615384615385;-59.0;144.9;-3;-2.0;4;-2.2;-4;-0.2;5;-0.1
104;G;H;0.0;-58.8;-41.5;2;-0.2;4;-2.9;1;-0.2;5;-0.3
105;C;H;0.0;-61.5;-44.2;1;-0.2;4;-1.9;2;-0.2;-1;-0.2
106;R;H;0.004032258064516129;-66.0;-44.1;2;-0.2;4;-1.7;-6;-0.2;-1;-0.2
107;T;H;0.0;-62.4;-46.7;-4;-2.2;4;-1.8;1;-0.2;-2;-0.2
108;V;H;0.014084507042253521;-69.9;-33.4;-4;-2.9;4;-3.5;1;-0.2;-1;-0.2
109;L;H;0.018292682926829267;-57.6;-43.5;-4;-1.9;4;-2.2;-5;-0.3;-1;-0.2
110;R;H;0.20161290322580644;-67.7;-40.7;-4;-1.7;4;-2.1;2;-0.2;-1;-0.2
111;L;H;0.006097560975609756;-62.8;-40.3;-4;-1.8;4;-2.7;2;-0.2;-2;-0.2
112;H;H;0.021739130434782608;-58.6;-45.6;-4;-3.5;4;-1.8;2;-0.2;-2;-0.2
113;R;H;0.14516129032258066;-65.0;-42.9;-4;-2.2;4;-2.1;1;-0.2;-1;-0.2
114;A;H;0.16037735849056603;-62.4;-44.0;-4;-2.1;4;-2.6;2;-0.2;-2;-0.2
115;L;H;0.006097560975609756;-59.7;-39.4;-4;-2.7;4;-2.7;1;-0.2;-2;-0.2
116;H;H;0.21195652173913043;-64.0;-44.8;-4;-1.8;4;-2.2;2;-0.2;-1;-0.2
117;W;H;0.07048458149779736;-56.2;-51.3;-4;-2.1;4;-2.6;2;-0.2;-2;-0.2
118;L;H;0.012195121951219513;-60.1;-41.8;-4;-2.6;4;-3.0;1;-0.2;5;-0.2
119;Q;H;0.06565656565656566;-58.0;-46.5;-4;-2.7;4;-2.4;2;-0.2;-1;-0.2
120;L;H;0.3231707317073171;-65.0;-40.9;-4;-2.2;4;-2.3;2;-0.2;-2;-0.2
121;F;H;0.01015228426395939;-62.3;-47.9;-4;-2.6;4;-2.2;2;-0.2;-2;-0.2
122;L;H;0.006097560975609756;-63.4;-37.3;-4;-3.0;4;-2.0;1;-0.2;-2;-0.2
123;E;H;0.30927835051546393;-63.8;-39.2;-4;-2.4;4;-1.9;-5;-0.2;-1;-0.2
124;G;H;0.19047619047619047;-60.1;-43.7;-4;-2.3;4;-1.2;2;-0.2;-2;-0.2
125;L;H;0.0;-60.9;-38.1;-4;-2.2;3;-0.2;1;-0.2;-1;-0.2
126;R;H;0.3064516129032258;-69.7;-35.3;-4;-2.0;-2;-0.2;1;-0.2;-1;-0.2
127;T;H;0.5985915492957746;-109.3;0.5;-4;-1.9;-1;-0.2;-5;-0.1;-2;-0.2
128;S;S;0.13076923076923078;-87.1;155.9;-4;-1.2;2;-0.0;-3;-0.2;-3;-0.0
129;P;-;0.6323529411764706;-65.9;162.6;0;0.0;3;-2.0;0;0.0;-1;-0.1
130;E;T;0.8195876288659794;-59.9;-31.0;1;-0.3;39;-0.3;38;-0.1;38;-0.2
131;D;T;0.852760736196319;-96.2;12.1;37;-0.1;-1;-0.3;2;-0.1;2;-0.0
132;A;-;0.22641509433962265;-62.6;143.7;-3;-2.0;2;-0.6;1;-0.1;36;-0.6
133;R;-;0.7217741935483871;-85.4;122.1;1;-0.1;4;-2.0;34;-0.1;3;-0.4
134;T;H;0.035211267605633804;-63.6;-32.4;-2;-0.6;4;-2.8;1;-0.3;5;-0.2
135;S;H;0.2692307692307692;-61.8;-43.9;2;-0.2;4;-2.5;1;-0.2;-1;-0.3
136;A;H;0.3018867924528302;-65.5;-43.0;-3;-0.4;4;-2.5;2;-0.2;-2;-0.2
137;L;H;0.17682926829268292;-61.8;-45.0;-4;-2.0;4;-2.2;2;-0.2;-2;-0.2
138;C;H;0.0;-63.7;-42.6;-4;-2.8;4;-2.4;2;-0.2;-2;-0.2
139;A;H;0.19811320754716982;-62.8;-44.2;-4;-2.5;4;-2.4;-5;-0.2;-2;-0.2
140;D;H;0.6625766871165644;-63.1;-47.8;-4;-2.5;4;-1.7;1;-0.2;-2;-0.2
141;S;H;0.06153846153846154;-65.6;-39.4;-4;-2.2;4;-0.5;2;-0.2;5;-0.3
142;Y;H;0.018018018018018018;-60.4;-46.6;-4;-2.4;5;-2.7;1;-0.2;3;-1.2
143;N;H;0.6242038216560509;-67.5;-28.5;-4;-2.4;-1;-0.2;1;-0.3;-2;-0.2
144;A;H;0.6886792452830188;-81.9;-9.7;-4;-1.7;-1;-0.3;-5;-0.2;-2;-0.2
145;S;T;0.07692307692307693;-137.9;-73.1;-3;-1.2;3;-0.9;-4;-0.5;-3;-0.2
146;L;G;0.13414634146341464;-81.2;-31.3;-5;-0.3;3;-2.9;1;-0.3;4;-0.4
147;A;G;0.0660377358490566;-56.3;-27.0;-5;-2.7;3;-1.4;1;-0.3;-1;-0.3
148;A;G;0.8018867924528302;-71.4;-10.0;-3;-0.9;-1;-0.3;-6;-0.3;-2;-0.2
149;Y;G;0.4774774774774775;-118.7;0.3;-3;-2.9;-1;-0.3;-4;-0.2;-2;-0.2
150;H;S;0.33695652173913043;-111.8;137.6;-3;-1.4;5;-0.0;-4;-0.4;0;0.0
151;P;-;0.5514705882352942;-61.1;157.7;0;0.0;4;-2.3;0;0.0;3;-0.6
152;W;H;0.7048458149779736;-51.0;-40.1;1;-0.3;4;-2.0;2;-0.2;5;-0.2
153;V;H;0.676056338028169;-68.0;-37.9;1;-0.2;4;-1.9;2;-0.2;-1;-0.3
154;V;H;0.38028169014084506;-68.9;-41.6;-3;-0.6;4;-2.5;2;-0.2;5;-0.2
155;R;H;0.3951612903225806;-58.7;-40.0;-4;-2.3;4;-2.0;1;-0.2;-2;-0.2
156;R;H;0.6451612903225806;-67.6;-44.8;-4;-2.0;4;-1.8;2;-0.2;-1;-0.2
157;A;H;0.5754716981132075;-61.9;-40.8;-4;-1.9;4;-1.9;1;-0.2;-2;-0.2
158;V;H;0.22535211267605634;-67.0;-41.3;-4;-2.5;4;-1.8;1;-0.2;-2;-0.2
159;T;H;0.4647887323943662;-62.5;-38.3;-4;-2.0;4;-0.7;1;-0.2;-1;-0.2
160;V;H;0.6690140845070423;-66.0;-37.3;-4;-1.8;3;-1.1;1;-0.2;4;-0.2
161;A;H;0.25471698113207547;-66.1;-31.7;-4;-1.9;3;-2.0;1;-0.3;-2;-0.2
162;F;H;0.030456852791878174;-65.1;-24.0;-4;-1.8;3;-2.0;1;-0.3;-1;-0.3
163;C;T;0.7481481481481481;-70.1;-8.8;-3;-1.1;-1;-0.3;-4;-0.7;-2;-0.2
164;T;T;0.5211267605633803;-104.3;7.1;-3;-2.0;-1;-0.3;-4;-0.2;-2;-0.2
165;L;P;0.1524390243902439;-74.7;143.1;-3;-2.0;-30;-0.2;1;-0.1;-31;-0.1
166;P;P;0.25;-65.6;171.4;0;0.0;-32;-0.2;0;0.0;-1;-0.1
167;T;P;0.5985915492957746;-65.9;163.5;1;-0.1;4;-2.0;-33;-0.1;5;-0.1
168;R;H;0.07661290322580645;-57.7;-43.3;-36;-0.6;4;-2.5;1;-0.2;5;-0.2
169;E;H;0.5773195876288659;-59.3;-43.8;-39;-0.3;4;-2.4;1;-0.2;-1;-0.2
170;V;H;0.4647887323943662;-62.9;-39.1;1;-0.2;4;-1.9;2;-0.2;-1;-0.2
171;F;H;0.0;-62.5;-47.6;-4;-2.0;4;-0.6;2;-0.2;-2;-0.2
172;L;H;0.0;-65.9;-33.8;-4;-2.5;3;-0.8;1;-0.2;5;-0.4
173;E;H;0.5154639175257731;-71.3;-34.1;-4;-2.4;3;-1.7;1;-0.2;5;-0.3
174;A;H;0.24528301886792453;-67.2;-15.3;-4;-1.9;-1;-0.2;1;-0.3;-2;-0.2
175;M;T;0.0;-73.4;-14.7;-3;-0.8;-165;-2.4;-4;-0.6;-164;-0.4
176;N;-;0.535031847133758;56.1;46.3;-3;-1.7;-2;-0.1;-167;-0.2;-165;-0.1
177;V;S;0.15492957746478872;-123.8;12.0;1;-0.5;-1;-0.1;-5;-0.4;-4;-0.1
178;G;S;0.4166666666666667;111.4;-162.8;-5;-0.3;-1;-0.5;-6;-0.1;-2;-0.2
179;P;S;0.45588235294117646;-62.2;161.1;0;0.0;4;-1.9;0;0.0;3;-1.0
180;P;H;0.17647058823529413;-49.4;-35.8;0;0.0;4;-2.3;0;0.0;5;-0.2
181;E;H;0.5618556701030928;-65.6;-39.2;1;-0.2;4;-2.0;2;-0.2;5;-0.1
182;Q;H;0.51010101010101;-70.4;-38.5;-3;-1.0;4;-2.6;2;-0.2;-1;-0.2
183;A;H;0.0;-60.3;-41.5;-4;-1.9;4;-2.4;2;-0.2;-2;-0.2
184;V;H;0.2535211267605634;-62.7;-46.8;-4;-2.3;4;-2.0;2;-0.2;-2;-0.2
185;Q;H;0.6565656565656566;-60.4;-44.7;-4;-2.0;4;-1.4;1;-0.2;-1;-0.2
186;M;H;0.047872340425531915;-59.5;-44.4;-4;-2.6;4;-2.3;1;-0.2;5;-0.2
187;L;H;0.0;-59.6;-42.4;-4;-2.4;4;-2.6;1;-0.2;-1;-0.2
188;G;H;0.36904761904761907;-57.8;-30.8;-4;-2.0;-1;-0.2;1;-0.2;-2;-0.2
189;E;H;0.6134020618556701;-84.4;-37.3;-4;-1.4;4;-0.2;-3;-0.2;-2;-0.2
190;A;H;0.018867924528301886;-94.9;-30.0;-4;-2.3;3;-1.7;1;-0.2;4;-0.9
191;L;H;0.03048780487804878;-64.4;-31.9;-4;-2.6;4;-2.4;1;-0.3;3;-0.3
192;P;H;0.5441176470588235;-60.6;-27.7;0;0.0;4;-1.9;0;0.0;-1;-0.3
193;F;H;0.24873096446700507;-66.3;-44.2;-3;-1.7;4;-1.8;-4;-0.2;-2;-0.2
194;I;H;0.0;-63.2;-40.8;-4;-0.9;4;-2.8;-3;-0.3;-1;-0.2
195;Q;H;0.30303030303030304;-60.3;-40.4;-4;-2.4;4;-2.6;1;-0.2;-2;-0.2
196;R;H;0.5524193548387096;-63.6;-48.1;-4;-1.9;4;-2.3;2;-0.2;-1;-0.2
197;V;H;0.007042253521126761;-58.5;-43.0;-4;-1.8;4;-2.4;1;-0.2;5;-0.2
198;Y;H;0.14414414414414414;-58.4;-47.9;-4;-2.8;4;-3.4;1;-0.2;-2;-0.2
199;N;H;0.5159235668789809;-63.6;-42.6;-4;-2.6;4;-2.6;1;-0.2;-2;-0.2
200;V;H;0.16901408450704225;-65.9;-44.9;-4;-2.3;4;-2.1;2;-0.2;-1;-0.2
201;S;H;0.015384615384615385;-64.4;-44.0;-4;-2.4;4;-2.6;-5;-0.2;5;-0.2
202;Q;H;0.2676767676767677;-58.9;-47.2;-4;-3.4;4;-2.4;-5;-0.2;-2;-0.2
203;K;H;0.6682926829268293;-60.4;-44.5;-4;-2.6;4;-2.3;-5;-0.2;-1;-0.2
204;L;H;0.09146341463414634;-61.0;-48.0;-4;-2.1;4;-1.1;2;-0.2;-2;-0.2
205;Y;H;0.0;-66.1;-38.4;-4;-2.6;5;-2.9;1;-0.2;6;-0.5
206;A;H;0.4811320754716981;-64.4;-41.7;-4;-2.4;3;-1.7;-5;-0.2;-1;-0.2
207;E;H;0.6185567010309279;-63.7;-23.7;-4;-2.3;-1;-0.2;1;-0.3;-2;-0.2
208;H;T;0.3858695652173913;-114.7;10.5;-4;-1.1;-1;-0.3;-3;-0.3;-2;-0.2
209;S;T;0.7307692307692307;60.3;43.2;-3;-1.7;-3;-0.2;1;-0.1;3;-0.1
210;L;-;0.0;-107.0;-1.0;-5;-2.9;3;-1.4;1;-0.1;-4;-0.2
211;L;T;0.22560975609756098;-73.4;-13.2;-6;-0.5;-1;-0.1;1;-0.3;-5;-0.1
212;D;T;0.8404907975460123;-120.6;23.3;-3;-0.1;-1;-0.3;2;-0.0;-2;-0.1
213;L;-;0.054878048780487805;-51.7;123.4;-3;-1.4;-119;-0.1;-108;-0.1;-118;-0.1
214;P;-;0.4411764705882353;-60.9;360.0;0;0.0;-121;-0.1;0;0.0;-1;-0.1
