1;M;-;1.0;360.0;77.0;0;0.0;2;-1.2;0;0.0;4;-0.0
2;T;-;1.0;-63.5;57.3;2;-0.0;0;0.0;0;0.0;0;0.0
3;G;S;0.5952380952380952;-167.5;167.5;-2;-1.2;3;-0.1;2;-0.0;0;0.0
4;P;-;0.5735294117647058;-55.0;154.0;0;0.0;2;-0.5;0;0.0;-2;-0.0
5;K;-;1.0;-58.3;118.2;1;-0.0;2;-0.3;-4;-0.0;-2;-0.0
6;Q;-;0.5808080808080808;-115.4;151.3;-2;-0.5;20;-0.0;-3;-0.1;-3;-0.0
7;Q;P;0.9090909090909091;-76.1;140.4;-2;-0.3;2;-0.0;1;-0.1;0;0.0
8;P;P;0.7720588235294118;-64.7;157.1;0;0.0;-1;-0.1;0;0.0;0;0.0
9;L;P;0.6646341463414634;-59.9;134.9;1;-0.1;5;-0.1;2;-0.1;0;0.0
10;P;P;0.47058823529411764;-53.8;140.0;0;0.0;3;-2.2;0;0.0;4;-0.8
11;P;G;0.8014705882352942;-53.9;-33.0;0;0.0;3;-0.8;0;0.0;-2;-0.1
12;D;G;0.7607361963190185;-78.7;-7.7;1;-0.2;-3;-0.0;3;-0.0;0;0.0
13;V;G;0.2746478873239437;-106.0;-5.5;-3;-2.2;3;-2.1;2;-0.1;-1;-0.2
14;E;T;0.6597938144329897;-65.0;118.6;-4;-0.8;3;-0.1;-3;-0.8;0;0.0
15;G;T;0.9761904761904762;91.1;-2.7;1;-0.2;2;-0.7;-2;-0.2;-1;-0.3
16;R;-;0.5604838709677419;-92.2;117.1;-3;-2.1;3;-0.6;1;-0.2;-1;-0.2
17;E;T;1.0;-82.7;-13.0;-2;-0.7;-1;-0.2;1;-0.2;-2;-0.0
18;D;T;0.6380368098159509;-95.1;-6.5;-3;-0.1;2;-0.3;2;-0.1;-1;-0.2
19;A;-;0.46226415094339623;-75.3;136.5;-3;-0.6;2;-0.5;-6;-0.2;-4;-0.0
20;I;-;0.6923076923076923;-121.7;118.0;-2;-0.3;2;-0.5;17;-0.0;-2;-0.1
21;E;-;0.5360824742268041;-64.6;123.3;-2;-0.5;3;-0.1;1;-0.2;-2;-0.0
22;V;-;0.20422535211267606;-111.4;-12.6;-2;-0.5;15;-2.0;1;-0.3;2;-0.3
23;L;E;0.35365853658536583;-152.5;131.4;13;-0.2;2;-0.4;2;-0.0;-1;-0.3
24;R;E;0.34274193548387094;-129.4;130.6;11;-2.4;11;-2.9;-2;-0.3;2;-0.4
25;A;E;0.5754716981132075;-128.0;130.5;-2;-0.4;2;-0.4;9;-0.2;9;-0.2
26;F;E;0.2436548223350254;-122.1;139.3;7;-2.7;7;-2.9;-2;-0.4;2;-0.7
27;V;E;0.852112676056338;-95.0;116.9;-2;-0.4;2;-0.3;5;-0.2;5;-0.2
28;L;E;0.5121951219512195;-145.0;131.6;3;-1.7;3;-2.0;-2;-0.7;-2;-0.1
29;D;T;0.9938650306748467;57.5;38.8;-2;-0.3;3;-0.1;1;-0.3;-1;-0.1
30;G;T;1.0;80.0;2.9;1;-0.3;-1;-0.3;0;0.0;2;-0.2
31;G;E;0.34523809523809523;-125.1;-177.7;-3;-2.0;-3;-1.7;2;-0.0;2;-0.5
32;L;E;0.7195121951219512;-113.7;121.1;-2;-0.2;2;-0.6;-5;-0.2;-5;-0.2
33;S;E;0.46153846153846156;-99.7;122.5;-7;-2.9;-7;-2.7;-2;-0.5;2;-0.5
34;I;E;0.5443786982248521;-122.0;127.8;-2;-0.6;2;-0.5;-9;-0.2;60;-0.3
35;A;E;0.27358490566037735;-106.1;132.0;-11;-2.9;-11;-2.4;-2;-0.5;2;-0.3
36;F;E;0.39593908629441626;-131.3;141.2;-2;-0.5;60;-0.5;58;-0.3;2;-0.4
37;M;-;0.39893617021276595;-118.4;127.3;-15;-2.0;2;-0.8;-2;-0.3;3;-0.2
38;R;-;0.8185483870967742;-57.1;107.8;-2;-0.4;3;-0.1;1;-0.2;-2;-0.0
39;A;-;0.37735849056603776;-115.7;-19.7;-2;-0.8;2;-0.4;1;-0.1;-1;-0.2
40;F;-;0.29441624365482233;-113.2;144.2;-3;-0.2;-1;-0.1;1;-0.1;6;-0.0
41;E;S;0.8969072164948454;-72.4;-32.1;-2;-0.4;-1;-0.1;1;-0.1;3;-0.0
42;D;S;0.6073619631901841;-111.3;132.6;1;-0.1;3;-1.5;0;0.0;4;-0.4
43;P;T;0.75;-64.4;-26.6;0;0.0;3;-1.3;0;0.0;4;-0.9
44;E;H;0.8505154639175257;-61.0;-23.7;1;-0.3;4;-1.5;2;-0.2;3;-0.1
45;M;H;0.40425531914893614;-67.7;-28.8;-3;-1.5;4;-2.5;1;-0.3;-1;-0.3
46;W;H;0.21145374449339208;-68.6;-38.0;-3;-1.3;4;-2.6;-4;-0.4;-1;-0.3
47;G;H;0.4166666666666667;-56.0;-42.3;-4;-0.9;4;-1.9;2;-0.2;-2;-0.2
48;L;H;0.6097560975609756;-63.9;-45.0;-4;-1.5;4;-2.3;1;-0.2;-2;-0.2
49;L;H;0.23780487804878048;-58.3;-46.3;-4;-2.5;4;-2.3;2;-0.2;-2;-0.2
50;L;H;0.524390243902439;-63.5;-36.0;-4;-2.6;4;-2.4;1;-0.2;-1;-0.2
51;V;H;0.4507042253521127;-69.2;-42.1;-4;-1.9;4;-2.5;2;-0.2;-1;-0.2
52;D;H;0.5276073619631901;-60.7;-41.9;-4;-2.3;4;-2.3;2;-0.2;-2;-0.2
53;I;H;0.44970414201183434;-62.2;-44.6;-4;-2.3;4;-2.6;1;-0.2;-2;-0.2
54;A;H;0.16037735849056603;-60.5;-39.6;-4;-2.4;4;-2.5;1;-0.2;-2;-0.2
55;R;H;0.4637096774193548;-68.2;-41.5;-4;-2.5;4;-2.5;2;-0.2;-1;-0.2
56;H;H;0.6195652173913043;-62.6;-42.9;-4;-2.3;4;-2.1;2;-0.2;-2;-0.2
57;A;H;0.330188679245283;-61.7;-43.5;-4;-2.6;4;-2.1;1;-0.2;-2;-0.2
58;A;H;0.0;-61.7;-43.2;-4;-2.5;4;-2.1;1;-0.2;-2;-0.2
59;R;H;0.2782258064516129;-62.0;-39.2;-4;-2.5;4;-1.5;1;-0.2;-1;-0.2
60;S;H;0.35384615384615387;-62.4;-42.3;-4;-2.1;4;-1.7;1;-0.2;-2;-0.2
61;Y;H;0.581081081081081;-66.8;-39.4;-4;-2.1;4;-2.2;1;-0.2;6;-0.4
62;A;H;0.330188679245283;-61.3;-30.4;-4;-2.1;-1;-0.2;1;-0.2;-2;-0.2
63;R;H;0.8266129032258065;-82.0;-28.7;-4;-1.5;-2;-0.2;-3;-0.2;-1;-0.2
64;E;H;0.8350515463917526;-115.1;-9.0;-4;-1.7;2;-0.2;-5;-0.1;-2;-0.2
65;S;S;0.34615384615384615;-133.7;-170.0;-4;-2.2;0;0.0;2;-0.3;0;0.0
66;E;S;1.0;-89.5;-2.2;-2;-0.2;2;-0.2;2;-0.1;-4;-0.1
67;Y;-;0.46846846846846846;-78.8;142.4;-6;-0.4;-2;-0.3;4;-0.0;2;-0.2
68;T;-;0.5;-77.3;153.1;-2;-0.2;4;-2.9;1;-0.1;5;-0.2
69;E;H;0.36597938144329895;-47.9;-44.1;-2;-0.2;4;-2.9;1;-0.2;5;-0.2
70;D;H;0.754601226993865;-64.1;-42.6;2;-0.2;4;-2.6;1;-0.2;-1;-0.2
71;E;H;0.4639175257731959;-62.3;-46.6;2;-0.2;4;-2.1;1;-0.2;-1;-0.2
72;A;H;0.05660377358490566;-63.4;-46.2;-4;-2.9;4;-2.3;1;-0.2;-2;-0.2
73;L;H;0.2073170731707317;-60.8;-44.2;-4;-2.9;4;-2.6;-5;-0.2;5;-0.2
74;E;H;0.5979381443298969;-56.5;-44.6;-4;-2.6;4;-2.4;1;-0.2;-1;-0.2
75;R;H;0.5967741935483871;-65.9;-44.1;-4;-2.1;4;-2.2;2;-0.2;-1;-0.2
76;I;H;0.3254437869822485;-58.2;-47.1;-4;-2.3;4;-2.6;2;-0.2;-2;-0.2
77;V;H;0.4014084507042254;-67.8;-39.7;-4;-2.6;4;-2.9;1;-0.2;5;-0.2
78;E;H;0.5103092783505154;-58.9;-46.5;-4;-2.4;4;-2.4;-5;-0.2;-1;-0.2
79;M;H;0.6223404255319149;-67.6;-40.4;-4;-2.2;4;-2.8;2;-0.2;-2;-0.2
80;F;H;0.5177664974619289;-55.4;-50.7;-4;-2.6;4;-2.1;-5;-0.2;-2;-0.2
81;E;H;0.6134020618556701;-61.6;-43.8;-4;-2.9;4;-2.2;1;-0.2;-2;-0.2
82;A;H;0.4056603773584906;-58.1;-45.8;-4;-2.4;4;-2.9;-5;-0.2;-1;-0.2
83;E;H;0.26804123711340205;-65.7;-34.6;-4;-2.8;-2;-0.2;1;-0.2;-1;-0.2
84;L;H;0.7134146341463414;-66.8;-38.1;-4;-2.1;-1;-0.2;-5;-0.2;-2;-0.2
85;S;H;0.6461538461538462;-76.8;-38.2;-4;-2.2;-2;-0.2;1;-0.3;-1;-0.2
86;R;S;0.8225806451612904;-135.0;84.9;-4;-2.9;-1;-0.3;-5;-0.2;-2;-0.2
87;P;-;0.5661764705882353;-65.5;125.6;0;0.0;3;-0.2;0;0.0;-3;-0.1
88;T;S;0.852112676056338;-95.4;-21.3;1;-0.3;2;-0.3;-5;-0.1;3;-0.1
89;D;-;0.6687116564417178;-145.9;96.1;-6;-0.1;-1;-0.3;1;-0.1;3;-0.1
90;T;-;0.8873239436619719;-79.4;7.3;-2;-0.3;-1;-0.1;-3;-0.2;3;-0.0
91;G;-;0.5476190476190477;46.7;159.7;-3;-0.1;2;-0.4;1;-0.0;-1;-0.1
92;A;-;0.8962264150943396;-104.9;102.9;-3;-0.1;2;-0.8;2;-0.0;-1;-0.0
93;T;-;0.8943661971830986;-61.8;97.4;-2;-0.4;2;-0.7;-58;-0.0;-58;-0.1
94;T;-;0.8450704225352113;-79.5;96.2;-2;-0.8;2;-0.4;-60;-0.3;-58;-0.3
95;E;-;0.8711340206185567;-45.2;98.8;-2;-0.7;2;-0.4;-60;-0.1;-58;-0.1
96;R;-;0.6693548387096774;-38.3;97.0;-60;-0.5;2;-0.9;-2;-0.4;-61;-0.0
97;T;-;0.9647887323943662;-62.1;82.7;-2;-0.4;-3;-0.0;0;0.0;0;0.0
98;Q;-;1.0;-14.5;360.0;-2;-0.9;-3;-0.0;0;0.0;0;0.0
