1;M;-;1.0;360.0;91.8;0;0.0;2;-0.1;0;0.0;0;0.0
2;S;-;0.9538461538461539;-142.2;94.4;0;0.0;2;-0.0;0;0.0;0;0.0
3;S;-;0.8461538461538461;36.3;123.3;-2;-0.1;0;0.0;1;-0.1;0;0.0
4;L;-;1.0;73.3;113.7;-2;-0.0;2;-0.1;1;-0.0;-1;-0.1
5;G;-;1.0;-149.3;97.7;2;-0.0;2;-0.1;0;0.0;-1;-0.0
6;G;-;1.0;29.6;107.5;-2;-0.1;2;-0.0;2;-0.0;0;0.0
7;G;-;0.9404761904761905;-166.0;92.4;-2;-0.1;2;-0.5;0;0.0;-2;-0.0
8;S;-;0.9153846153846154;-47.0;102.5;2;-0.1;2;-0.2;-2;-0.0;-2;-0.0
9;Q;-;0.9595959595959596;-129.8;89.6;-2;-0.5;2;-0.5;2;-0.0;0;0.0
10;D;-;1.0;-54.7;103.4;-2;-0.2;2;-0.1;0;0.0;-2;-0.1
11;A;-;0.9433962264150944;-148.9;98.5;-2;-0.5;-2;-0.0;2;-0.0;0;0.0
12;G;-;0.9880952380952381;75.7;106.6;-2;-0.1;0;0.0;0;0.0;0;0.0
13;G;-;0.8214285714285714;137.4;109.7;0;0.0;-2;-0.0;0;0.0;0;0.0
14;S;-;0.8615384615384616;127.7;103.1;1;-0.1;2;-0.2;0;0.0;0;0.0
15;S;-;0.9230769230769231;-0.9;103.8;2;-0.0;2;-0.2;0;0.0;-1;-0.1
16;S;-;0.8153846153846154;-134.3;91.2;-2;-0.2;2;-0.4;2;-0.0;0;0.0
17;S;-;0.8384615384615385;-9.6;96.4;-2;-0.2;2;-0.3;2;-0.0;-2;-0.0
18;S;-;0.8461538461538461;-117.3;85.5;-2;-0.4;2;-0.6;2;-0.0;-2;-0.0
19;T;-;0.9154929577464789;-44.9;94.2;-2;-0.3;2;-0.2;0;0.0;-2;-0.0
20;N;-;1.0;-131.1;90.5;-2;-0.6;-2;-0.0;1;-0.1;0;0.0
21;G;-;0.8690476190476191;119.9;88.3;1;-0.3;2;-0.5;-2;-0.2;-1;-0.1
22;S;-;1.0;-37.0;99.5;0;0.0;-1;-0.3;0;0.0;0;0.0
23;G;-;1.0;161.1;101.6;-2;-0.5;0;0.0;1;-0.1;0;0.0
24;G;-;0.8452380952380952;170.3;97.7;0;0.0;2;-0.2;0;0.0;-1;-0.1
25;S;-;0.9923076923076923;16.8;105.8;0;0.0;2;-0.0;0;0.0;0;0.0
26;G;-;0.7976190476190477;-178.0;101.6;-2;-0.2;0;0.0;0;0.0;0;0.0
27;S;-;0.8461538461538461;91.1;110.1;-2;-0.0;0;0.0;2;-0.0;0;0.0
28;S;-;0.8384615384615385;83.5;103.1;0;0.0;0;0.0;0;0.0;0;0.0
29;G;-;0.8452380952380952;28.6;148.7;0;0.0;2;-0.1;0;0.0;-2;-0.0
30;P;-;0.875;-152.4;142.0;0;0.0;0;0.0;0;0.0;0;0.0
31;K;-;0.9560975609756097;102.2;111.3;-2;-0.1;0;0.0;0;0.0;0;0.0
32;A;-;0.9433962264150944;53.4;105.6;0;0.0;2;-0.1;0;0.0;0;0.0
33;G;-;0.9761904761904762;-148.0;88.2;2;-0.0;2;-0.4;0;0.0;0;0.0
34;A;-;1.0;-27.4;108.0;-2;-0.1;2;-0.1;2;-0.1;0;0.0
35;A;-;0.9245283018867925;-154.7;95.9;-2;-0.4;2;-0.4;2;-0.0;-2;-0.0
36;D;-;0.9141104294478528;-23.5;108.8;-2;-0.1;2;-0.2;0;0.0;-2;-0.1
37;K;-;0.9658536585365853;-148.3;103.7;-2;-0.4;-2;-0.0;0;0.0;0;0.0
38;S;-;0.8076923076923077;64.5;114.8;-2;-0.2;0;0.0;1;-0.1;0;0.0
39;A;-;0.8490566037735849;51.4;114.0;0;0.0;-1;-0.1;0;0.0;2;-0.0
40;V;-;0.9859154929577465;-173.6;106.0;0;0.0;2;-0.1;0;0.0;0;0.0
41;V;-;0.9647887323943662;15.7;118.9;-2;-0.0;0;0.0;0;0.0;0;0.0
42;A;-;0.8301886792452831;148.0;112.6;-2;-0.1;0;0.0;0;0.0;0;0.0
43;A;-;0.9245283018867925;91.4;113.8;2;-0.0;0;0.0;0;0.0;0;0.0
44;A;-;0.9433962264150944;100.2;107.4;0;0.0;0;0.0;0;0.0;0;0.0
45;A;-;0.9056603773584906;14.0;154.9;0;0.0;2;-0.0;0;0.0;-2;-0.0
46;P;-;0.8823529411764706;-153.5;146.2;0;0.0;0;0.0;0;0.0;0;0.0
47;A;-;0.8207547169811321;127.0;101.1;-2;-0.0;0;0.0;0;0.0;0;0.0
48;S;-;0.7846153846153846;63.4;98.6;2;-0.0;0;0.0;0;0.0;0;0.0
49;V;-;0.9929577464788732;-175.8;72.3;2;-0.0;2;-0.7;0;0.0;0;0.0
50;A;-;0.9339622641509434;-31.3;75.2;2;-0.0;2;-0.8;0;0.0;-2;-0.0
51;D;-;0.8834355828220859;-58.4;75.9;-2;-0.7;2;-1.1;2;-0.1;-2;-0.0
52;D;-;0.9263803680981595;-37.4;52.7;-2;-0.8;-2;-0.0;2;-0.0;0;0.0
53;T;-;0.7464788732394366;-100.3;87.9;-2;-1.1;-2;-0.1;3;-0.0;0;0.0
54;P;-;0.7426470588235294;-53.3;126.4;0;0.0;3;-0.1;0;0.0;-2;-0.0
55;P;-;0.8088235294117647;-47.6;130.6;0;0.0;3;-0.1;0;0.0;2;-0.0
56;P;-;0.9485294117647058;-51.6;94.1;0;0.0;2;-0.3;0;0.0;-3;-0.0
57;E;-;0.7783505154639175;-13.5;76.2;-3;-0.1;2;-0.8;-2;-0.0;8;-0.0
58;R;-;0.9516129032258065;-60.9;81.9;-2;-0.3;2;-0.6;8;-0.1;8;-0.3
59;R;-;0.7741935483870968;-60.2;100.6;-2;-0.8;2;-0.2;6;-0.1;6;-0.1
60;N;-;0.45222929936305734;-62.9;135.4;-2;-0.6;3;-2.8;4;-0.4;4;-0.2
61;K;T;1.0;-31.6;1.3;1;-0.3;-1;-0.1;-2;-0.2;-2;-0.0
62;S;T;0.7076923076923077;-126.3;26.2;2;-0.2;-1;-0.3;1;-0.0;3;-0.1
63;G;-;0.6190476190476191;48.6;22.1;-3;-2.8;2;-0.5;1;-0.2;-2;-0.1
64;I;-;0.727810650887574;-112.5;109.7;-4;-0.2;-4;-0.4;1;-0.0;-1;-0.2
65;I;-;0.6449704142011834;-31.9;85.1;-2;-0.5;2;-1.6;-3;-0.1;-6;-0.1
66;S;-;0.6230769230769231;-52.4;43.2;-8;-0.3;-8;-0.1;-2;-0.1;-1;-0.0
67;E;-;0.6958762886597938;-90.8;103.7;-2;-1.6;-2;-0.1;0;0.0;4;-0.1
68;P;-;0.6838235294117647;-31.2;80.4;0;0.0;2;-6.2;0;0.0;3;-0.9
69;L;T;0.8597560975609756;0.9;27.4;1;-0.2;-3;-0.0;2;-0.1;0;0.0
70;N;T;0.6560509554140127;-125.9;37.4;-2;-6.2;-1;-0.2;3;-0.0;4;-0.0
71;K;S;0.7170731707317073;-142.4;-4.5;-3;-0.9;3;-0.5;2;-0.1;4;-0.4
72;S;G;0.6384615384615384;-93.1;-13.3;-4;-0.3;3;-0.7;1;-0.3;4;-0.4
73;L;G;0.774390243902439;-80.7;0.7;1;-0.2;3;-0.3;2;-0.2;-1;-0.3
74;R;G;0.9112903225806451;-99.2;-2.3;-3;-0.5;-1;-0.2;1;-0.2;-2;-0.2
75;R;S;0.8346774193548387;-120.0;22.6;-3;-0.7;2;-0.8;-4;-0.4;-2;-0.2
76;S;S;0.676923076923077;-101.4;81.3;-4;-0.4;3;-0.2;-3;-0.3;-3;-0.0
77;R;-;0.907258064516129;89.4;101.0;-2;-0.8;2;-0.4;1;-0.2;-1;-0.2
78;P;-;0.8382352941176471;-47.3;83.0;0;0.0;2;-1.3;0;0.0;-1;-0.2
79;L;-;1.0;-50.8;60.1;-2;-0.4;3;-0.4;-3;-0.2;2;-0.1
80;S;S;0.7076923076923077;-17.7;61.6;-2;-1.3;-1;-0.1;1;-0.2;-3;-0.0
81;H;-;0.8913043478260869;-168.5;52.4;-2;-0.1;2;-0.9;2;-0.0;-1;-0.2
82;Y;-;0.9369369369369369;-110.9;76.3;-3;-0.4;2;-0.6;2;-0.0;-1;-0.0
83;S;-;0.7538461538461538;-24.1;79.6;-2;-0.9;2;-0.8;2;-0.1;-2;-0.0
84;S;-;0.8384615384615385;-33.0;79.3;-2;-0.6;2;-0.1;2;-0.1;-2;-0.0
85;F;-;0.9593908629441624;-108.5;67.0;-2;-0.8;2;-0.6;0;0.0;-2;-0.1
86;G;-;0.8571428571428571;-67.8;87.2;-2;-0.1;-2;-0.1;2;-0.0;2;-0.0
87;S;-;0.8461538461538461;-150.7;101.2;-2;-0.6;0;0.0;0;0.0;0;0.0
88;S;-;0.8692307692307693;101.5;104.7;-2;-0.0;-2;-0.0;0;0.0;0;0.0
89;G;-;1.0;75.2;92.6;0;0.0;2;-0.1;0;0.0;0;0.0
90;G;-;0.8928571428571429;-158.0;85.4;0;0.0;2;-0.3;0;0.0;0;0.0
91;S;-;1.0;4.8;105.3;-2;-0.1;0;0.0;0;0.0;0;0.0
92;G;-;0.8809523809523809;161.3;101.6;-2;-0.3;0;0.0;0;0.0;0;0.0
93;G;-;0.9880952380952381;82.7;110.5;0;0.0;0;0.0;0;0.0;0;0.0
94;G;-;0.8452380952380952;100.0;114.7;0;0.0;0;0.0;0;0.0;0;0.0
95;S;-;0.8923076923076924;126.4;111.3;0;0.0;0;0.0;0;0.0;0;0.0
96;M;-;0.9946808510638298;30.7;114.1;0;0.0;0;0.0;0;0.0;0;0.0
97;M;-;1.0;151.2;109.7;2;-0.0;0;0.0;0;0.0;0;0.0
98;G;-;0.9761904761904762;107.2;103.8;0;0.0;0;0.0;0;0.0;0;0.0
99;G;-;0.8928571428571429;151.5;91.7;0;0.0;2;-0.2;0;0.0;-2;-0.0
100;E;-;1.0;11.8;99.0;2;-0.0;2;-0.0;0;0.0;0;0.0
101;S;-;0.7692307692307693;-167.8;84.6;-2;-0.2;2;-1.5;0;0.0;3;-0.0
102;A;-;0.9339622641509434;21.8;51.4;1;-0.2;4;-0.1;2;-0.1;-2;-0.0
103;D;-;0.7607361963190185;-129.2;33.1;-2;-1.5;4;-0.4;2;-0.1;-1;-0.2
104;K;S;0.9121951219512195;-110.3;13.5;2;-0.1;4;-1.1;1;-0.1;5;-0.1
105;A;H;0.7452830188679245;-103.2;-8.5;1;-0.2;4;-1.4;2;-0.2;5;-0.1
106;T;H;0.7394366197183099;-99.9;-10.6;2;-0.2;4;-1.7;1;-0.2;-1;-0.2
107;A;H;0.660377358490566;-94.7;-16.6;-4;-0.4;4;-1.5;2;-0.2;-1;-0.2
108;A;H;0.6037735849056604;-89.5;-19.8;-4;-1.1;4;-2.0;2;-0.2;-1;-0.2
109;A;H;0.5;-87.3;-20.3;-4;-1.4;4;-1.9;2;-0.2;-2;-0.2
110;A;H;0.5566037735849056;-83.3;-20.8;-4;-1.7;4;-0.8;2;-0.2;-2;-0.2
111;A;H;0.5566037735849056;-88.2;-22.9;-4;-1.5;4;-0.7;2;-0.2;-2;-0.2
112;A;H;0.5943396226415094;-83.6;-19.1;-4;-2.0;4;-0.4;1;-0.2;3;-0.4
113;S;H;0.676923076923077;-85.8;-11.9;-4;-1.9;3;-0.7;1;-0.2;4;-0.5
114;L;H;0.8780487804878049;-86.8;-7.2;-4;-0.8;3;-0.5;1;-0.2;-1;-0.2
115;L;T;0.9390243902439024;-94.8;-2.8;-4;-0.7;-1;-0.2;-3;-0.4;-2;-0.2
116;A;T;0.6981132075471698;-107.0;24.9;-3;-0.7;2;-0.6;-4;-0.4;-1;-0.2
117;N;-;0.9426751592356688;-153.7;67.0;-3;-0.5;2;-0.2;-4;-0.5;-1;-0.1
118;G;-;0.8333333333333334;7.5;83.9;-2;-0.6;-3;-0.0;-3;-0.1;-2;-0.0
119;H;-;0.9347826086956522;156.4;70.5;-2;-0.2;-1;-0.0;0;0.0;-2;-0.0
120;D;-;0.8098159509202454;175.2;55.5;3;-0.0;4;-0.0;4;-0.0;-3;-0.0
121;L;S;0.9695121951219512;-77.2;15.1;2;-0.1;4;-0.1;3;-0.0;-3;-0.0
122;A;S;0.8113207547169812;-92.4;7.7;2;-0.1;3;-0.7;1;-0.1;4;-0.1
123;A;G;0.7547169811320755;-116.0;16.3;1;-0.2;3;-0.6;2;-0.1;-2;-0.1
124;A;G;0.8018867924528302;-113.4;14.1;1;-0.2;-1;-0.2;-4;-0.0;-2;-0.1
125;M;G;0.9521276595744681;-95.2;33.0;-3;-0.7;2;-0.7;-4;-0.1;-1;-0.2
126;A;-;0.6886792452830188;-143.3;75.5;-3;-0.6;-1;-0.0;-4;-0.1;-4;-0.0
127;V;-;0.852112676056338;172.5;95.7;-2;-0.7;-1;-0.1;0;0.0;0;0.0
128;D;-;0.8098159509202454;137.9;94.4;1;-0.0;2;-0.4;0;0.0;-2;-0.0
129;K;-;1.0;0.7;69.6;2;-0.0;2;-0.1;0;0.0;-1;-0.0
130;S;-;0.676923076923077;-147.9;94.3;-2;-0.4;0;0.0;2;-0.0;0;0.0
131;N;-;0.9808917197452229;-7.6;90.3;-2;-0.1;2;-0.3;2;-0.0;-2;-0.0
132;P;-;0.7426470588235294;-126.0;93.8;0;0.0;2;-0.6;0;0.0;-2;-0.0
133;T;-;0.9154929577464789;-2.9;66.8;-2;-0.3;-2;-0.0;2;-0.1;0;0.0
134;S;-;0.6846153846153846;-156.8;83.9;-2;-0.6;3;-0.7;0;0.0;2;-0.6
135;K;T;0.9121951219512195;-3.0;52.2;1;-0.2;-2;-0.1;2;-0.1;0;0.0
136;H;T;0.9782608695652174;-175.0;40.2;-2;-0.6;-1;-0.2;0;0.0;4;-0.2
137;K;S;0.8682926829268293;-157.5;5.0;-3;-0.7;3;-0.8;1;-0.1;4;-0.6
138;S;H;0.6923076923076923;-92.1;2.9;-4;-0.4;4;-1.4;1;-0.2;5;-0.1
139;G;H;0.6071428571428571;-88.5;-14.9;1;-0.2;4;-2.3;2;-0.2;-1;-0.2
140;A;H;0.5566037735849056;-84.0;-31.5;-3;-0.8;4;-2.2;1;-0.2;-1;-0.2
141;V;H;0.6830985915492958;-80.2;-32.6;-4;-0.6;4;-2.3;2;-0.2;-1;-0.2
142;A;H;0.5094339622641509;-71.2;-32.1;-4;-1.4;4;-2.4;2;-0.2;-2;-0.2
143;S;H;0.5307692307692308;-73.3;-34.0;-4;-2.3;4;-2.4;2;-0.2;-2;-0.2
144;L;H;0.6829268292682927;-75.5;-32.4;-4;-2.2;4;-2.5;2;-0.2;-2;-0.2
145;L;H;0.7865853658536586;-70.4;-34.0;-4;-2.3;4;-2.1;2;-0.2;-2;-0.2
146;S;H;0.5153846153846153;-72.2;-32.8;-4;-2.4;4;-2.0;2;-0.2;-2;-0.2
147;K;H;0.7219512195121951;-73.6;-31.6;-4;-2.4;4;-2.2;2;-0.2;-2;-0.2
148;A;H;0.46226415094339623;-72.1;-34.3;-4;-2.5;4;-2.5;2;-0.2;-2;-0.2
149;E;H;0.634020618556701;-70.9;-36.4;-4;-2.1;4;-2.2;2;-0.2;-2;-0.2
150;R;H;0.8024193548387096;-71.1;-32.5;-4;-2.0;4;-2.5;2;-0.2;-2;-0.2
151;A;H;0.5566037735849056;-69.5;-33.6;-4;-2.2;4;-2.4;2;-0.2;-2;-0.2
152;T;H;0.5492957746478874;-70.6;-35.1;-4;-2.5;4;-3.1;2;-0.2;-2;-0.2
153;E;H;0.5567010309278351;-73.0;-33.9;-4;-2.2;4;-3.0;2;-0.2;-2;-0.2
154;L;H;0.7621951219512195;-70.1;-32.8;-4;-2.5;4;-3.1;2;-0.2;-2;-0.2
155;A;H;0.5283018867924528;-70.3;-38.1;-4;-2.4;4;-2.6;2;-0.2;-2;-0.2
156;A;H;0.5;-68.1;-38.4;-4;-3.1;4;-1.9;2;-0.2;-2;-0.2
157;E;H;0.6134020618556701;-71.1;-38.1;-4;-3.0;4;-2.4;2;-0.2;-2;-0.2
158;G;H;0.38095238095238093;-62.5;-34.5;-4;-3.1;4;-2.5;2;-0.2;-2;-0.2
159;Q;H;0.7070707070707071;-68.6;-40.0;-4;-2.6;4;-2.8;2;-0.2;-2;-0.2
160;L;H;0.6524390243902439;-63.5;-45.7;-4;-1.9;4;-2.8;2;-0.2;-2;-0.2
161;T;H;0.5704225352112676;-61.0;-46.2;-4;-2.4;4;-2.4;2;-0.2;-2;-0.2
162;L;H;0.7073170731707317;-60.5;-45.7;-4;-2.5;4;-2.9;2;-0.2;-2;-0.2
163;Q;H;0.6767676767676768;-59.3;-39.9;-4;-2.8;4;-2.5;2;-0.2;-2;-0.2
164;Q;H;0.6464646464646465;-63.0;-40.3;-4;-2.8;4;-2.2;2;-0.2;-2;-0.2
165;F;H;0.6802030456852792;-66.4;-44.1;-4;-2.4;4;-2.7;2;-0.2;-2;-0.2
166;A;H;0.37735849056603776;-57.5;-41.4;-4;-2.9;4;-1.7;1;-0.2;-2;-0.2
167;Q;H;0.7323232323232324;-67.6;-37.7;-4;-2.5;4;-1.6;1;-0.2;-2;-0.2
168;S;H;0.46153846153846156;-70.8;-36.2;-4;-2.2;4;-2.2;1;-0.2;-2;-0.2
169;T;H;0.3591549295774648;-69.7;-33.1;-4;-2.7;4;-2.3;2;-0.2;-1;-0.2
170;E;H;0.5103092783505154;-66.5;-38.5;-4;-1.7;4;-1.7;2;-0.2;-1;-0.2
171;M;H;0.723404255319149;-66.5;-39.4;-4;-1.6;4;-1.9;2;-0.2;-2;-0.2
172;L;H;0.6646341463414634;-64.9;-39.7;-4;-2.2;4;-3.0;1;-0.2;5;-0.2
173;K;H;0.6585365853658537;-61.9;-40.1;-4;-2.3;4;-2.8;2;-0.2;-1;-0.2
174;R;H;0.6169354838709677;-66.9;-39.1;-4;-1.7;4;-2.1;2;-0.2;-1;-0.2
175;V;H;0.5422535211267606;-67.8;-42.2;-4;-1.9;4;-2.4;2;-0.2;-2;-0.2
176;V;H;0.5422535211267606;-66.3;-43.6;-4;-3.0;4;-1.5;2;-0.2;-2;-0.2
177;Q;H;0.696969696969697;-65.3;-32.1;-4;-2.8;-2;-0.2;-5;-0.2;-1;-0.2
178;E;H;0.7577319587628866;-81.4;-25.5;-4;-2.1;-2;-0.2;1;-0.2;-1;-0.2
179;H;H;0.7989130434782609;-103.4;-3.2;-4;-2.4;-2;-0.2;-5;-0.1;-1;-0.2
180;L;-;0.7073170731707317;-87.7;53.3;-4;-1.5;2;-0.9;-5;-0.1;-1;-0.0
181;P;-;0.6764705882352942;-46.4;89.3;0;0.0;2;-0.3;0;0.0;-3;-0.1
182;L;-;0.8719512195121951;9.1;57.7;-2;-0.9;2;-1.5;2;-0.1;-2;-0.0
183;M;-;0.9627659574468085;-48.5;45.5;-2;-0.3;2;-0.3;0;0.0;3;-0.1
184;S;-;0.6846153846153846;-100.6;77.9;-2;-1.5;-2;-0.1;1;-0.2;0;0.0
185;E;-;0.9381443298969072;178.2;87.0;-2;-0.3;-1;-0.2;0;0.0;2;-0.1
186;A;-;1.0;22.4;87.8;-3;-0.1;-2;-0.0;2;-0.0;0;0.0
187;G;-;0.8095238095238095;172.0;93.1;-2;-0.1;0;0.0;0;0.0;0;0.0
188;A;-;1.0;53.8;90.3;2;-0.0;-2;-0.0;0;0.0;0;0.0
189;G;-;0.7976190476190477;173.3;85.7;2;-0.0;0;0.0;0;0.0;0;0.0
190;L;-;1.0;6.9;128.6;2;-0.0;2;-0.2;0;0.0;-2;-0.0
191;P;-;0.8455882352941176;-143.7;104.9;0;0.0;2;-0.4;0;0.0;-2;-0.0
192;D;-;0.6932515337423313;14.5;79.2;-2;-0.2;2;-0.2;2;-0.0;-2;-0.0
193;M;-;0.9414893617021277;-121.1;67.9;-2;-0.4;2;-0.4;3;-0.0;3;-0.0
194;E;-;0.6804123711340206;-14.2;99.6;-2;-0.2;-2;-0.0;1;-0.0;0;0.0
195;A;-;0.7735849056603774;144.5;88.8;-2;-0.4;-1;-0.0;1;-0.1;0;0.0
196;V;-;1.0;-151.7;71.3;-3;-0.0;2;-0.8;2;-0.0;-1;-0.1
197;A;-;1.0;-28.0;79.9;2;-0.0;2;-0.4;0;0.0;0;0.0
198;G;-;0.8095238095238095;-107.6;79.4;-2;-0.8;2;-0.2;0;0.0;-3;-0.0
199;A;-;0.8018867924528302;13.4;103.2;-2;-0.4;-2;-0.0;1;-0.2;0;0.0
200;E;-;0.9329896907216495;79.0;98.5;-2;-0.2;-1;-0.2;0;0.0;0;0.0
201;A;-;0.9339622641509434;-149.7;74.5;0;0.0;2;-0.3;0;0.0;0;0.0
202;L;-;0.9085365853658537;6.1;94.3;2;-0.0;0;0.0;0;0.0;0;0.0
203;N;-;1.0;-176.3;82.9;-2;-0.3;0;0.0;2;-0.0;0;0.0
204;G;-;0.6190476190476191;120.2;70.7;2;-0.1;3;-0.1;0;0.0;-2;-0.0
205;Q;-;0.9595959595959596;-163.5;44.7;1;-0.0;2;-0.8;0;0.0;-2;-0.0
206;S;-;0.7307692307692307;-51.3;62.9;2;-0.1;-2;-0.1;0;0.0;-1;-0.0
207;D;-;0.8957055214723927;-126.0;75.6;-2;-0.8;0;0.0;-3;-0.1;0;0.0
208;F;-;0.8578680203045685;44.4;101.0;1;-0.0;2;-0.7;-2;-0.0;-2;-0.1
209;P;-;0.9338235294117647;-91.9;71.5;0;0.0;2;-1.0;0;0.0;-2;-0.0
210;Y;-;0.918918918918919;-14.3;60.5;-2;-0.7;0;0.0;2;-0.0;0;0.0
211;L;-;0.9634146341463414;-154.6;67.7;-2;-1.0;0;0.0;0;0.0;0;0.0
212;G;-;0.8690476190476191;101.7;73.2;0;0.0;-2;-0.0;0;0.0;0;0.0
213;A;-;0.7924528301886793;140.1;80.7;0;0.0;0;0.0;0;0.0;0;0.0
214;F;-;0.949238578680203;103.5;128.0;2;-0.0;3;-0.1;1;-0.0;0;0.0
215;P;-;0.47794117647058826;-67.1;107.2;0;0.0;2;-1.6;0;0.0;5;-0.0
216;I;-;0.8757396449704142;25.4;34.5;3;-0.0;-2;-0.0;15;-0.0;0;0.0
217;N;-;0.6496815286624203;-90.4;105.7;-2;-1.6;3;-2.2;-3;-0.1;2;-0.9
218;P;T;0.7867647058823529;-52.1;71.4;0;0.0;3;-0.1;0;0.0;12;-0.0
219;G;T;0.5357142857142857;165.1;11.7;-2;-0.9;2;-0.6;1;-0.3;-3;-0.0
220;L;-;0.45121951219512196;-92.2;108.1;-3;-2.2;11;-1.5;-5;-0.0;2;-0.6
221;F;E;0.6548223350253807;-67.1;101.3;-2;-0.6;2;-0.7;9;-0.2;9;-0.3
222;I;E;0.44970414201183434;-82.7;114.8;7;-3.2;7;-2.6;-2;-0.6;2;-0.8
223;M;E;0.8297872340425532;-74.6;91.5;-2;-0.7;5;-0.3;5;-0.3;7;-0.0
224;T;E;0.4154929577464789;-92.5;143.7;3;-3.2;3;-5.0;-2;-0.8;-2;-0.0
225;P;T;1.0;-39.6;-15.3;0;0.0;3;-0.1;0;0.0;-1;-0.0
226;A;T;0.8207547169811321;-95.9;0.2;1;-0.3;2;-0.2;3;-0.0;-3;-0.0
227;G;E;0.32142857142857145;127.4;176.5;-3;-5.0;-3;-3.2;2;-0.1;2;-0.6
228;V;E;0.6338028169014085;-90.8;106.7;-5;-0.3;2;-0.4;-2;-0.2;-5;-0.3
229;F;E;0.4873096446700508;-121.0;134.8;-7;-2.6;-7;-3.2;-2;-0.6;2;-0.3
230;L;E;0.4695121951219512;-57.0;115.9;-2;-0.4;3;-1.6;-9;-0.3;4;-1.5
231;A;H;0.1509433962264151;-34.3;-24.9;-11;-1.5;4;-1.6;-2;-0.3;5;-0.2
232;E;H;0.7061855670103093;-78.8;-25.4;1;-0.2;4;-0.9;2;-0.2;-1;-0.2
233;S;H;0.5538461538461539;-89.0;-21.9;-3;-1.6;4;-0.8;2;-0.2;-1;-0.2
234;A;H;0.46226415094339623;-82.4;-24.3;-4;-1.5;4;-0.9;1;-0.2;3;-0.2
235;L;H;0.75;-83.2;-28.0;-4;-1.6;4;-1.0;2;-0.2;-1;-0.2
236;H;H;0.7336956521739131;-67.5;-19.1;-4;-0.9;-1;-0.2;1;-0.2;-2;-0.2
237;M;H;0.8829787234042553;-93.7;-16.0;-4;-0.8;-1;-0.2;-3;-0.2;-2;-0.2
238;A;H;0.8018867924528302;-111.5;35.9;-4;-0.9;-2;-0.2;1;-0.2;-1;-0.2
239;G;-;0.6309523809523809;142.0;76.7;-4;-1.0;-1;-0.2;-3;-0.2;-2;-0.1
240;L;-;1.0;39.2;80.9;-3;-0.1;-4;-0.0;-2;-0.1;-3;-0.0
241;A;-;0.8207547169811321;168.5;77.7;2;-0.0;0;0.0;-2;-0.0;0;0.0
242;E;-;0.8865979381443299;77.5;71.7;1;-0.0;-2;-0.0;2;-0.0;0;0.0
243;Y;-;0.9099099099099099;-121.8;80.1;3;-0.0;2;-0.9;0;0.0;3;-0.4
244;P;-;0.7647058823529411;-71.3;71.5;0;0.0;-2;-0.0;0;0.0;0;0.0
245;M;-;0.7127659574468085;-163.6;33.2;-2;-0.9;3;-0.7;0;0.0;4;-0.4
246;Q;T;0.5858585858585859;-107.3;4.0;-3;-0.4;4;-0.3;1;-0.2;-3;-0.0
247;G;T;0.6547619047619048;-73.9;-13.1;3;-0.1;4;-0.9;2;-0.1;-1;-0.2
248;E;H;0.7474226804123711;-96.0;-20.3;-3;-0.7;4;-0.6;1;-0.2;-2;-0.2
249;L;H;0.725609756097561;-97.9;-29.1;-4;-0.4;4;-1.9;2;-0.2;5;-0.3
250;A;H;0.3867924528301887;-70.3;-12.5;-4;-0.3;4;-1.9;1;-0.2;-1;-0.2
251;S;H;0.5307692307692308;-82.4;-27.8;-4;-0.9;-2;-0.2;1;-0.2;-1;-0.2
252;A;H;0.5849056603773585;-82.5;-34.6;-4;-0.6;3;-0.7;1;-0.1;-1;-0.2
253;I;H;0.8757396449704142;-88.3;-19.1;-4;-1.9;3;-0.2;1;-0.2;-2;-0.2
254;S;T;0.46923076923076923;-99.3;10.7;-4;-1.9;3;-0.9;-5;-0.3;4;-0.8
255;S;T;0.6923076923076923;-41.0;1.5;-3;-0.7;-1;-0.2;1;-0.2;-2;-0.1
256;G;T;0.5833333333333334;-106.3;5.3;-3;-0.2;-1;-0.2;1;-0.1;-2;-0.1
257;K;T;0.9414634146341463;173.0;16.0;-3;-0.9;2;-0.5;2;-0.1;-2;-0.1
258;K;P;0.7560975609756098;-76.8;130.5;-4;-0.8;2;-0.2;-7;-0.2;-4;-0.0
259;K;P;0.9219512195121952;-68.0;118.6;-2;-0.5;2;-0.1;1;-0.1;-2;-0.1
260;R;P;0.5161290322580645;-59.0;139.0;-2;-0.2;2;-0.2;39;-0.1;-1;-0.1
261;K;P;0.8682926829268293;-87.8;152.7;-2;-0.1;2;-0.1;1;-0.1;-1;-0.1
262;R;P;0.40725806451612906;-70.7;147.0;-2;-0.2;-1;-0.1;1;-0.1;33;-0.0
263;C;-;0.34074074074074073;-70.0;-36.1;-2;-0.1;-1;-0.1;1;-0.1;-2;-0.0
264;G;S;0.5714285714285714;84.9;-4.3;1;-0.1;-1;-0.1;2;-0.0;-2;-0.0
265;M;-;0.6861702127659575;-126.0;-7.1;5;-0.0;-1;-0.1;4;-0.0;2;-0.1
266;C;S;0.0962962962962963;-82.0;158.6;1;-0.1;4;-1.8;5;-0.0;3;-0.2
267;A;H;0.5283018867924528;-49.1;-46.1;1;-0.2;4;-0.6;2;-0.2;3;-0.2
268;P;H;0.08088235294117647;-67.8;-30.2;0;0.0;3;-0.4;0;0.0;-1;-0.2
269;C;H;0.1037037037037037;-75.9;-24.5;-3;-0.2;-2;-0.2;1;-0.2;27;-0.1
270;R;H;0.6693548387096774;-82.5;-12.7;-4;-1.8;2;-0.3;-3;-0.2;-1;-0.2
271;R;-;0.4475806451612903;-75.2;126.0;-4;-0.6;3;-0.0;-3;-0.4;-5;-0.0
272;R;-;0.8508064516129032;-97.5;-21.4;-2;-0.3;2;-0.4;2;-0.1;-1;-0.2
273;I;S;0.7751479289940828;-116.0;141.8;1;-0.0;2;-0.1;2;-0.0;-1;-0.0
274;N;-;0.25477707006369427;-69.7;147.1;-2;-0.4;-2;-0.1;1;-0.1;16;-0.0
275;C;-;0.3111111111111111;-68.9;-25.3;-2;-0.1;-1;-0.1;1;-0.1;-2;-0.0
276;E;S;0.6907216494845361;63.3;4.0;1;-0.1;-1;-0.1;0;0.0;-2;-0.0
277;Q;-;0.8282828282828283;-117.8;-11.3;5;-0.0;-1;-0.1;4;-0.0;2;-0.0
278;C;S;0.08888888888888889;-85.8;165.0;1;-0.1;4;-2.4;4;-0.0;5;-0.2
279;S;H;0.6461538461538462;-57.4;-37.0;1;-0.2;4;-2.3;2;-0.2;8;-0.1
280;S;H;0.06153846153846154;-68.9;-31.8;1;-0.2;7;-0.2;2;-0.2;-1;-0.2
281;C;H;0.16296296296296298;-83.2;-32.7;1;-0.1;3;-0.5;2;-0.1;-2;-0.2
282;R;H;0.8669354838709677;-75.4;-36.7;-4;-2.4;2;-0.5;1;-0.3;-2;-0.2
283;N;T;0.5286624203821656;-118.3;79.3;-4;-2.3;4;-2.5;-5;-0.2;3;-0.3
284;R;T;0.4798387096774194;-70.5;-22.6;-3;-0.5;-1;-0.2;-2;-0.5;-2;-0.1
285;K;T;1.0;-84.9;-35.2;1;-0.2;-1;-0.2;-3;-0.1;-2;-0.1
286;T;T;0.9225352112676056;-112.2;-1.9;-3;-0.3;-2;-0.2;2;-0.1;-1;-0.2
287;G;S;0.34523809523809523;-105.0;-172.0;-4;-2.5;-7;-0.1;1;-0.2;-3;-0.1
288;H;-;0.6195652173913043;-64.9;151.4;2;-0.1;-1;-0.2;1;-0.1;4;-0.1
289;Q;S;0.7676767676767676;-74.7;-19.2;-3;-0.1;2;-0.4;2;-0.1;-1;-0.1
290;I;S;0.15384615384615385;-120.4;136.5;1;-0.0;-2;-0.1;2;-0.0;5;-0.1
291;C;-;0.007407407407407408;-53.6;142.8;-2;-0.4;3;-1.5;1;-0.1;4;-0.4
292;K;G;0.7170731707317073;-54.7;-32.6;1;-0.3;3;-0.8;2;-0.2;-1;-0.1
293;F;G;0.5380710659898477;-91.5;-4.1;1;-0.2;-1;-0.3;-25;-0.0;-22;-0.2
294;R;G;0.2701612903225806;-110.5;5.6;-3;-1.5;2;-0.4;2;-0.1;-1;-0.2
295;K;-;0.44390243902439025;-71.8;125.2;-3;-0.8;-26;-0.1;-4;-0.4;2;-0.1
296;C;-;0.007407407407407408;-66.5;129.4;-2;-0.4;4;-1.0;1;-0.1;-1;-0.1
297;E;H;0.5618556701030928;-64.4;-35.3;1;-0.2;4;-0.8;2;-0.2;-1;-0.1
298;E;H;0.4845360824742268;-69.9;-31.2;1;-0.2;3;-0.2;2;-0.2;-1;-0.2
299;L;H;0.2865853658536585;-77.0;-22.4;1;-0.2;-1;-0.2;-3;-0.1;-2;-0.2
300;K;H;0.8195121951219512;-75.6;-22.6;-4;-1.0;-1;-0.2;-3;-0.1;-2;-0.2
301;K;S;0.6390243902439025;-79.8;125.7;-4;-0.8;-3;-0.0;-3;-0.2;0;0.0
302;K;-;0.824390243902439;-48.7;117.1;1;-0.2;3;-2.4;-2;-0.2;4;-0.4
303;P;T;0.6691176470588235;-42.0;-14.9;0;0.0;3;-0.9;0;0.0;4;-0.7
304;S;H;0.46153846153846156;-81.3;-13.2;1;-0.3;4;-2.1;2;-0.2;-2;-0.0
305;A;H;0.6981132075471698;-70.6;-21.0;-3;-2.4;4;-0.4;1;-0.2;-1;-0.3
306;A;H;0.8679245283018868;-83.0;-20.2;-3;-0.9;3;-0.4;-4;-0.4;-1;-0.2
307;L;H;0.5426829268292683;-93.7;-13.1;-4;-0.7;3;-2.2;1;-0.2;-2;-0.2
308;E;T;0.7319587628865979;-74.5;-3.3;-4;-2.1;-1;-0.2;1;-0.3;4;-0.2
309;K;T;0.9463414634146341;-88.7;7.7;-3;-0.4;2;-1.0;-4;-0.4;-1;-0.3
310;V;S;0.704225352112676;-111.1;58.6;-3;-2.2;-1;-0.0;-4;-0.1;-3;-0.0
311;M;-;0.9095744680851063;45.7;68.8;-2;-1.0;-2;-0.1;1;-0.0;-1;-0.0
312;L;-;0.8170731707317073;-68.3;101.1;-4;-0.2;2;-0.2;4;-0.0;3;-0.1
313;P;-;0.8014705882352942;-40.1;94.5;0;0.0;3;-0.4;0;0.0;0;0.0
314;T;S;1.0;10.6;68.1;-2;-0.2;-3;-0.0;1;-0.2;0;0.0
315;G;-;0.8571428571428571;165.6;40.6;1;-0.2;2;-0.8;-3;-0.1;-1;-0.2
316;A;-;0.839622641509434;-120.2;69.7;-3;-0.4;-1;-0.2;3;-0.0;2;-0.2
317;A;-;0.839622641509434;0.3;83.9;-2;-0.8;2;-0.4;1;-0.1;0;0.0
318;F;-;0.9035532994923858;-4.5;75.4;-2;-0.2;3;-0.3;1;-0.1;-1;-0.1
319;R;-;0.9274193548387096;-75.7;31.1;-2;-0.4;3;-0.5;1;-0.1;-1;-0.1
320;W;-;0.8458149779735683;-109.7;21.4;1;-0.2;-1;-0.1;0;0.0;-2;-0.0
321;F;-;0.8934010152284264;-120.1;50.2;-3;-0.3;-1;-0.2;0;0.0;-2;-0.1
322;Q;-;1.0;-113.6;360.0;-3;-0.5;-3;-0.0;0;0.0;0;0.0
