1;P;-;0.9779411764705882;360.0;151.5;0;0.0;2;-0.3;0;0.0;135;-0.0
2;I;-;0.09467455621301775;-66.7;128.3;113;-0.1;2;-0.3;133;-0.0;131;-0.1
3;I;-;0.40236686390532544;-111.3;155.4;129;-0.3;137;-0.4;-2;-0.3;136;-0.2
4;D;-;0.17791411042944785;-130.4;7.4;-2;-0.3;2;-0.3;135;-0.1;139;-0.1
5;Q;S;0.6616161616161617;-136.1;156.2;2;-0.1;135;-0.1;138;-0.0;-1;-0.1
6;G;S;0.5833333333333334;101.4;-170.0;-2;-0.3;2;-0.0;134;-0.1;-3;-0.0
7;P;S;0.8602941176470589;-69.2;150.9;0;0.0;-2;-0.1;0;0.0;133;-0.1
8;L;P;0.3597560975609756;-63.2;125.3;1;-0.1;129;-0.1;132;-0.0;125;-0.0
9;P;P;0.25;-59.3;161.2;0;0.0;2;-0.5;0;0.0;-1;-0.1
10;T;P;0.7746478873239436;-103.8;126.5;127;-0.0;2;-0.8;0;0.0;124;-0.1
11;L;-;0.1402439024390244;-85.0;109.8;-2;-0.5;2;-0.0;75;-0.1;119;-0.0
12;T;-;0.4788732394366197;-73.4;168.6;-2;-0.8;4;-2.3;1;-0.1;5;-0.2
13;D;H;0.7300613496932515;-58.3;-39.4;1;-0.2;4;-2.3;2;-0.2;5;-0.2
14;G;H;0.5714285714285714;-61.6;-39.7;2;-0.2;4;-2.2;1;-0.2;-1;-0.2
15;D;H;0.1165644171779141;-62.1;-48.8;2;-0.2;4;-2.6;1;-0.2;-2;-0.2
16;K;H;0.1951219512195122;-62.5;-42.6;-4;-2.3;4;-2.7;1;-0.2;-1;-0.2
17;K;H;0.7658536585365854;-61.0;-44.4;-4;-2.3;4;-1.4;1;-0.2;-1;-0.2
18;A;H;0.29245283018867924;-61.5;-45.3;-4;-2.2;4;-1.5;2;-0.2;5;-0.2
19;I;H;0.0;-61.9;-44.8;-4;-2.6;4;-2.8;1;-0.2;3;-0.3
20;N;H;0.5095541401273885;-69.1;-22.4;-4;-2.7;-1;-0.2;1;-0.2;-2;-0.2
21;K;H;0.7658536585365854;-75.3;-37.9;-4;-1.4;4;-0.3;-5;-0.2;-1;-0.2
22;I;H;0.40236686390532544;-99.8;-36.7;-4;-1.5;4;-1.5;-3;-0.3;3;-0.7
23;W;H;0.02643171806167401;-60.8;-41.8;-4;-2.8;4;-3.3;1;-0.3;5;-0.2
24;P;H;0.49264705882352944;-57.6;-37.8;0;0.0;4;-1.5;0;0.0;-1;-0.3
25;K;H;0.7170731707317073;-63.4;-40.9;-3;-0.7;4;-0.5;-4;-0.3;-2;-0.2
26;I;H;0.047337278106508875;-67.3;-44.2;-4;-1.5;3;-1.6;1;-0.2;7;-0.2
27;Y;H;0.3333333333333333;-66.0;-28.4;-4;-3.3;3;-1.8;1;-0.3;-1;-0.2
28;K;T;0.8292682926829268;-55.6;-27.4;-4;-1.5;-1;-0.3;1;-0.3;3;-0.2
29;E;T;0.5412371134020618;-115.1;36.8;-3;-1.6;4;-2.2;-4;-0.5;3;-0.4
30;Y;H;0.32432432432432434;-63.8;-33.5;-3;-1.8;4;-3.2;1;-0.2;5;-0.3
31;E;H;0.6597938144329897;-63.4;-42.2;-4;-0.2;4;-2.0;1;-0.2;-1;-0.2
32;Q;H;0.5707070707070707;-69.6;-48.1;-3;-0.4;4;-2.5;2;-0.2;-2;-0.2
33;Y;H;0.3153153153153153;-62.9;-46.0;-4;-2.2;4;-2.7;-7;-0.2;5;-0.2
34;S;H;0.023076923076923078;-59.7;-44.6;-4;-3.2;4;-2.0;-5;-0.2;5;-0.2
35;L;H;0.17682926829268292;-64.5;-47.9;-4;-2.0;4;-2.7;-5;-0.3;5;-0.3
36;N;H;0.4012738853503185;-58.7;-42.5;-4;-2.5;4;-2.7;1;-0.2;5;-0.2
37;I;H;0.03550295857988166;-61.6;-49.5;-4;-2.7;4;-2.2;-5;-0.2;-1;-0.2
38;L;H;0.012195121951219513;-67.7;-42.1;-4;-2.0;4;-2.4;-5;-0.2;5;-0.2
39;L;H;0.22560975609756098;-64.2;-44.9;-4;-2.7;4;-2.1;1;-0.2;-1;-0.2
40;R;H;0.4475806451612903;-60.7;-40.7;-4;-2.7;4;-2.3;-5;-0.3;-1;-0.2
41;F;H;0.015228426395939087;-59.6;-47.7;-4;-2.2;4;-2.3;-5;-0.2;-2;-0.2
42;L;H;0.042682926829268296;-72.5;-30.4;-4;-2.4;-1;-0.2;1;-0.2;-2;-0.2
43;K;H;0.8829268292682927;-68.5;-40.4;-4;-2.1;-1;-0.2;-5;-0.2;-2;-0.2
44;C;H;0.5777777777777777;-78.0;-27.2;-4;-2.3;-2;-0.2;1;-0.3;-1;-0.2
45;F;-;0.2131979695431472;-135.8;74.1;-4;-2.3;3;-2.4;-5;-0.2;4;-0.3
46;P;G;0.5294117647058824;-57.8;-25.3;0;0.0;3;-1.8;0;0.0;4;-0.2
47;Q;G;0.6767676767676768;-66.3;-21.4;1;-0.3;3;-1.2;2;-0.2;4;-0.1
48;A;G;0.0;-70.9;-13.3;-3;-2.4;3;-2.3;1;-0.2;-1;-0.3
49;Q;G;0.16161616161616163;-53.3;-31.6;-3;-1.8;3;-2.2;-4;-0.3;-1;-0.2
50;A;G;0.8867924528301887;-61.5;-19.6;-3;-1.2;-1;-0.3;1;-0.3;-2;-0.2
51;S;G;0.19230769230769232;-89.2;-6.1;-3;-2.3;-1;-0.3;1;-0.2;-2;-0.2
52;F;-;0.1218274111675127;-126.2;76.9;-3;-2.2;3;-1.3;-4;-0.3;-1;-0.2
53;P;T;0.8823529411764706;-75.7;-8.6;0;0.0;-1;-0.1;0;0.0;-3;-0.1
54;K;T;0.7365853658536585;-86.1;-9.1;13;-0.1;2;-0.3;14;-0.0;13;-0.1
55;F;S;0.06598984771573604;-148.8;166.0;-3;-1.3;2;-0.4;-6;-0.2;-3;-0.1
56;S;-;0.3384615384615385;-123.6;134.6;-2;-0.3;3;-1.2;1;-0.1;12;-0.1
57;T;T;0.3591549295774648;-74.7;-5.8;-2;-0.4;5;-0.2;1;-0.2;-1;-0.1
58;K;T;0.9463414634146341;-80.1;-8.2;3;-0.1;-1;-0.2;4;-0.0;2;-0.2
59;K;S;0.5609756097560976;-73.6;134.9;-3;-1.2;3;-0.7;1;-0.1;6;-0.1
60;S;T;0.8307692307692308;-66.6;-25.0;1;-0.3;2;-0.3;-2;-0.2;3;-0.2
61;N;T;0.5095541401273885;-123.7;59.7;1;-0.2;3;-1.8;2;-0.1;4;-0.4
62;L;G;0.10975609756097561;-60.1;-33.9;-3;-0.7;3;-1.5;1;-0.3;6;-0.2
63;E;G;0.4381443298969072;-66.4;-18.8;1;-0.3;-1;-0.3;-3;-0.2;-2;-0.1
64;Q;G;0.6414141414141414;-98.1;-2.5;-3;-1.8;-1;-0.3;4;-0.0;-2;-0.2
65;D;-;0.06748466257668712;-75.2;119.3;-3;-1.5;4;-2.3;-4;-0.4;3;-0.5
66;P;H;0.6911764705882353;-59.8;-31.4;0;0.0;4;-2.4;0;0.0;-1;-0.2
67;E;H;0.4020618556701031;-70.2;-35.8;2;-0.2;4;-2.3;1;-0.2;5;-0.2
68;V;H;0.0;-67.5;-46.6;-3;-0.5;4;-2.7;-6;-0.2;5;-0.2
69;K;H;0.4878048780487805;-60.0;-42.5;-4;-2.3;4;-1.9;1;-0.2;-2;-0.2
70;H;H;0.5815217391304348;-62.9;-51.5;-4;-2.4;4;-2.0;-5;-0.2;-1;-0.2
71;Q;H;0.25757575757575757;-61.2;-39.8;-4;-2.3;4;-2.3;1;-0.2;5;-0.2
72;A;H;0.02830188679245283;-57.2;-40.0;-4;-2.7;4;-2.1;1;-0.2;-1;-0.2
73;V;H;0.21830985915492956;-74.8;-36.1;-4;-1.9;4;-2.9;1;-0.2;-1;-0.2
74;V;H;0.45774647887323944;-60.4;-47.6;-4;-2.0;4;-1.7;2;-0.2;-1;-0.2
75;I;H;0.24260355029585798;-64.0;-46.1;-4;-2.3;4;-1.6;2;-0.2;-2;-0.2
76;F;H;0.01015228426395939;-61.6;-40.9;-4;-2.1;4;-2.2;1;-0.2;-2;-0.2
77;N;H;0.35668789808917195;-71.4;-32.2;-4;-2.9;4;-2.6;1;-0.2;-1;-0.2
78;K;H;0.2682926829268293;-60.0;-40.7;-4;-1.7;4;-1.9;-5;-0.2;-1;-0.2
79;V;H;0.07042253521126761;-64.3;-43.5;-4;-1.6;4;-2.8;1;-0.2;-2;-0.2
80;N;H;0.1464968152866242;-56.3;-43.5;-4;-2.2;4;-2.2;1;-0.2;-1;-0.2
81;E;H;0.422680412371134;-60.7;-42.3;-4;-2.6;4;-0.7;2;-0.2;-1;-0.2
82;I;H;0.029585798816568046;-64.3;-44.0;-4;-1.9;3;-1.0;1;-0.2;-2;-0.2
83;I;H;0.01775147928994083;-64.3;-35.5;-4;-2.8;3;-1.3;1;-0.3;-2;-0.2
84;N;H;0.7133757961783439;-73.0;-12.6;-4;-2.2;-1;-0.3;1;-0.3;-2;-0.2
85;S;T;0.15384615384615385;-116.0;21.0;-3;-1.0;3;-2.2;-4;-0.7;7;-0.3
86;M;T;0.06382978723404255;-64.8;-14.9;-3;-1.3;3;-0.2;1;-0.3;-1;-0.1
87;D;T;0.852760736196319;-94.1;-4.9;1;-0.2;2;-0.5;-3;-0.2;-1;-0.3
88;N;-;0.43312101910828027;-118.3;82.3;-3;-2.2;4;-1.8;1;-0.2;3;-0.4
89;Q;H;0.6464646464646465;-63.6;-40.2;-2;-0.5;4;-2.8;1;-0.3;5;-0.2
90;E;H;0.8247422680412371;-59.1;-43.9;1;-0.2;4;-2.5;2;-0.2;-1;-0.3
91;E;H;0.4072164948453608;-64.2;-44.2;-3;-0.4;4;-2.7;2;-0.2;-1;-0.2
92;I;H;0.09467455621301775;-61.2;-43.1;-4;-1.8;4;-2.6;-7;-0.3;5;-0.3
93;I;H;0.23076923076923078;-64.9;-47.0;-4;-2.8;4;-2.3;1;-0.2;5;-0.2
94;K;H;0.697560975609756;-60.6;-50.6;-4;-2.5;4;-2.3;-5;-0.2;-1;-0.2
95;S;H;0.14615384615384616;-57.3;-45.7;-4;-2.7;4;-2.1;1;-0.2;-2;-0.2
96;L;H;0.006097560975609756;-76.6;-31.5;-4;-2.6;4;-2.6;2;-0.2;-1;-0.2
97;K;H;0.4926829268292683;-66.9;-40.0;-4;-2.3;4;-2.3;-5;-0.3;-1;-0.2
98;D;H;0.5276073619631901;-61.5;-42.7;-4;-2.3;4;-2.2;-5;-0.2;-2;-0.2
99;L;H;0.18902439024390244;-65.5;-39.8;-4;-2.1;4;-2.8;1;-0.2;5;-0.2
100;S;H;0.0;-56.7;-47.0;-4;-2.6;4;-2.1;2;-0.2;-1;-0.2
101;Q;H;0.46464646464646464;-60.1;-44.0;-4;-2.3;4;-2.8;1;-0.2;5;-0.5
102;K;I;0.5756097560975609;-64.2;-46.4;-4;-2.2;5;-2.5;1;-0.2;4;-1.9
103;H;I;0.21195652173913043;-63.1;-33.5;-4;-2.8;6;-3.1;3;-0.2;-1;-0.2
104;K;I;0.4292682926829268;-78.9;-46.1;-4;-2.1;-2;-0.2;4;-0.2;-1;-0.2
105;T;I;0.5704225352112676;-97.5;-34.3;-4;-2.8;-3;-0.2;-5;-0.2;-2;-0.2
106;V;I;0.676056338028169;-96.4;-49.4;-4;-1.9;-3;-0.2;-5;-0.5;-4;-0.1
107;F;S;0.5786802030456852;-88.8;-18.4;-5;-2.5;-4;-0.2;2;-0.1;-3;-0.2
108;K;-;0.8439024390243902;54.1;46.7;-6;-0.5;2;-0.3;1;-0.2;-4;-0.2
109;V;-;0.09859154929577464;-87.8;136.3;-6;-3.1;2;-0.3;-58;-0.1;-1;-0.2
110;D;-;0.558282208588957;-69.0;138.6;-2;-0.3;3;-1.6;1;-0.1;4;-0.3
111;S;T;0.08461538461538462;-71.2;-14.8;-2;-0.3;3;-1.1;1;-0.3;4;-0.7
112;I;H;0.44970414201183434;-67.0;-28.8;1;-0.3;4;-1.5;2;-0.2;3;-0.3
113;W;H;0.16740088105726872;-70.5;-22.1;-3;-1.6;4;-3.1;1;-0.2;5;-0.3
114;F;H;0.08121827411167512;-64.2;-45.9;-3;-1.1;4;-2.1;-4;-0.3;-1;-0.2
115;K;H;0.375609756097561;-69.5;-37.7;-4;-0.7;4;-2.4;-3;-0.3;-1;-0.2
116;E;H;0.31443298969072164;-66.1;-46.8;-4;-1.5;4;-2.1;2;-0.2;-2;-0.2
117;L;H;0.17073170731707318;-63.6;-39.0;-4;-3.1;4;-2.9;1;-0.2;-1;-0.2
118;S;H;0.05384615384615385;-62.7;-42.9;-4;-2.1;4;-2.7;-5;-0.3;5;-0.2
119;S;H;0.4846153846153846;-60.8;-43.8;-4;-2.4;4;-2.2;2;-0.2;-1;-0.2
120;I;H;0.08284023668639054;-65.7;-39.4;-4;-2.1;4;-2.5;2;-0.2;-2;-0.2
121;F;H;0.015228426395939087;-58.8;-52.1;-4;-2.9;4;-1.8;2;-0.2;-2;-0.2
122;V;H;0.04225352112676056;-66.3;-40.4;-4;-2.7;5;-2.9;1;-0.2;4;-0.3
123;S;H;0.46923076923076923;-66.4;-40.6;-4;-2.2;3;-1.0;-5;-0.2;-1;-0.2
124;T;H;0.1619718309859155;-65.3;-33.2;-4;-2.5;-1;-0.2;1;-0.3;-2;-0.2
125;I;T;0.05325443786982249;-95.0;4.0;-4;-1.8;-1;-0.3;-5;-0.2;-2;-0.2
126;D;T;0.9141104294478528;56.2;44.4;-3;-1.0;-3;-0.2;-4;-0.3;2;-0.2
127;G;-;0.20238095238095238;-79.0;147.1;-5;-2.9;-1;-0.2;-6;-0.2;-108;-0.0
128;G;-;0.35714285714285715;-91.3;-158.3;-2;-0.2;4;-1.7;3;-0.0;3;-0.5
129;A;H;0.5094339622641509;-59.8;-35.2;1;-0.2;4;-2.5;2;-0.2;5;-0.2
130;E;H;0.15979381443298968;-62.2;-39.4;1;-0.2;4;-2.2;2;-0.2;-1;-0.2
131;F;H;0.005076142131979695;-73.2;-35.7;-3;-0.5;4;-2.9;2;-0.2;5;-0.2
132;E;H;0.34536082474226804;-61.4;-41.0;-4;-1.7;4;-1.9;2;-0.2;-129;-0.3
133;K;H;0.3902439024390244;-63.8;-48.9;-4;-2.5;4;-2.2;2;-0.2;-2;-0.2
134;L;H;0.012195121951219513;-57.7;-45.1;-4;-2.2;4;-2.2;1;-0.2;-2;-0.2
135;F;H;0.02030456852791878;-75.8;-25.6;-4;-2.9;4;-2.5;1;-0.2;-1;-0.2
136;S;H;0.03076923076923077;-62.6;-42.0;-4;-1.9;4;-2.5;-5;-0.2;-1;-0.2
137;I;H;0.11242603550295859;-59.9;-47.7;-4;-2.2;4;-2.3;2;-0.2;-2;-0.2
138;I;H;0.05325443786982249;-58.8;-47.4;-4;-2.2;4;-2.6;1;-0.2;5;-0.2
139;C;H;0.0;-64.6;-44.0;-4;-2.5;4;-1.2;-136;-0.2;-1;-0.2
140;I;H;0.13609467455621302;-62.3;-42.7;-4;-2.5;3;-0.4;-137;-0.4;4;-0.2
141;L;H;0.06097560975609756;-75.1;-35.7;-4;-2.3;3;-1.3;1;-0.2;4;-0.3
142;L;H;0.0975609756097561;-67.9;-18.5;-4;-2.6;3;-0.4;1;-0.3;-1;-0.2
143;R;T;0.22580645161290322;-95.1;-3.8;-4;-1.2;3;-2.2;-3;-0.4;-1;-0.3
144;S;T;0.46153846153846156;-63.1;-22.3;-3;-1.3;-1;-0.2;1;-0.3;-2;-0.1
145;A;T;0.09433962264150944;-91.0;-9.5;-3;-0.4;-1;-0.3;-4;-0.3;-2;-0.1
146;Y;-;0.42342342342342343;-89.5;360.0;-3;-2.2;-2;-0.2;-4;-0.0;-1;-0.1
