1;M;-;0.7606382978723404;360.0;94.4;0;0.0;2;-0.6;0;0.0;0;0.0
2;F;-;1.0;-65.1;104.4;65;-0.0;2;-0.4;0;0.0;0;0.0
3;M;-;0.43617021276595747;-59.0;122.2;-2;-0.6;2;-0.1;1;-0.0;61;-0.1
4;K;-;0.5902439024390244;-60.4;142.6;-2;-0.4;4;-1.3;1;-0.1;3;-0.7
5;K;H;0.8878048780487805;-50.2;-35.9;1;-0.2;4;-1.5;2;-0.2;3;-0.4
6;S;H;0.34615384615384615;-65.7;-27.2;1;-0.2;4;-1.9;2;-0.2;-1;-0.2
7;S;H;0.0;-74.9;-33.8;-3;-0.7;4;-2.2;2;-0.2;-1;-0.2
8;I;H;0.46153846153846156;-64.1;-38.8;-4;-1.3;4;-2.1;-3;-0.4;-1;-0.2
9;I;H;0.6035502958579881;-65.8;-43.0;-4;-1.5;4;-2.8;1;-0.2;-2;-0.2
10;V;H;0.1267605633802817;-61.4;-38.4;-4;-1.9;4;-2.7;1;-0.2;5;-0.2
11;F;H;0.2436548223350254;-59.6;-54.3;-4;-2.2;4;-2.7;2;-0.2;-2;-0.2
12;F;H;0.6903553299492385;-69.6;-33.2;-4;-2.1;4;-2.4;1;-0.2;-2;-0.2
13;L;H;0.6402439024390244;-65.6;-48.0;-4;-2.8;4;-2.4;2;-0.2;-1;-0.2
14;T;H;0.07042253521126761;-61.9;-45.8;-4;-2.7;4;-1.9;-5;-0.2;-2;-0.2
15;Y;H;0.3783783783783784;-57.1;-46.3;-4;-2.7;4;-0.7;-5;-0.2;-2;-0.2
16;G;H;0.4523809523809524;-63.1;-40.0;-4;-2.4;3;-0.8;1;-0.2;4;-0.5
17;L;H;0.4878048780487805;-63.1;-36.6;-4;-2.4;3;-1.2;1;-0.3;4;-0.4
18;F;H;0.005076142131979695;-74.6;-15.5;-4;-1.9;3;-0.3;1;-0.3;-1;-0.3
19;Y;H;0.6216216216216216;-87.0;-8.6;-3;-0.8;3;-0.9;-4;-0.7;4;-0.8
20;V;H;0.34507042253521125;-62.0;-43.2;-3;-1.2;4;-2.3;-4;-0.5;3;-1.1
21;S;H;0.06153846153846154;-65.2;-27.6;-4;-0.4;4;-2.6;-3;-0.3;-1;-0.3
22;S;H;0.3769230769230769;-67.2;-27.3;-3;-0.9;-1;-0.3;-4;-0.2;-2;-0.2
23;V;H;0.6971830985915493;-88.9;-39.4;-3;-1.1;-2;-0.2;-4;-0.8;-1;-0.2
24;L;H;0.6646341463414634;-76.2;-35.4;-4;-2.3;-2;-0.2;1;-0.3;-3;-0.2
25;F;S;0.2639593908629442;-129.7;72.2;-4;-2.6;-1;-0.3;-5;-0.2;70;-0.1
26;P;-;0.6470588235294118;-63.5;150.8;0;0.0;2;-0.2;0;0.0;-3;-0.1
27;I;-;0.5680473372781065;-67.1;121.8;-5;-0.2;2;-1.1;1;-0.1;3;-0.1
28;D;-;0.3558282208588957;-81.0;96.1;-2;-0.2;4;-3.0;1;-0.2;5;-0.2
29;R;H;0.7661290322580645;-67.0;-32.3;-2;-1.1;4;-2.7;1;-0.2;5;-0.2
30;T;H;0.8309859154929577;-64.8;-47.1;2;-0.2;4;-0.9;1;-0.2;-1;-0.2
31;W;H;0.22026431718061673;-67.7;-47.8;2;-0.2;4;-0.6;1;-0.2;3;-0.4
32;Y;H;0.15765765765765766;-63.1;-38.1;-4;-3.0;3;-1.0;1;-0.2;-2;-0.2
33;D;H;0.6809815950920245;-72.2;-21.0;-4;-2.7;-1;-0.2;1;-0.3;-2;-0.2
34;A;H;0.7641509433962265;-80.9;-14.4;-4;-0.9;-1;-0.3;-3;-0.4;-2;-0.2
35;L;S;0.1402439024390244;-75.5;138.4;-3;-1.0;2;-0.5;-4;-0.6;118;-0.1
36;E;-;0.6649484536082474;-70.2;124.1;113;-0.2;116;-0.2;-2;-0.1;-1;-0.1
37;K;-;0.32195121951219513;-124.5;140.8;-2;-0.5;108;-0.0;-4;-0.1;112;-0.0
38;P;-;0.13970588235294118;-54.6;151.3;0;0.0;3;-1.7;0;0.0;111;-0.0
39;S;T;0.9692307692307692;-64.1;-19.4;1;-0.3;-2;-0.0;0;0.0;0;0.0
40;W;T;0.4581497797356828;-95.7;9.5;2;-0.1;-1;-0.3;0;0.0;0;0.0
41;T;P;0.16901408450704225;-69.1;118.7;-3;-1.7;3;-0.1;1;-0.1;-4;-0.1
42;P;P;0.19117647058823528;-61.0;151.0;0;0.0;-1;-0.1;0;0.0;-2;-0.1
43;P;P;0.6323529411764706;-60.1;151.9;0;0.0;4;-2.3;0;0.0;3;-0.3
44;G;H;0.6071428571428571;-53.3;-38.8;1;-0.2;4;-2.4;2;-0.2;5;-0.2
45;M;H;0.8085106382978723;-62.5;-45.4;2;-0.2;4;-2.2;1;-0.2;-1;-0.2
46;T;H;0.3591549295774648;-61.8;-42.5;-3;-0.3;4;-2.4;2;-0.2;-2;-0.2
47;I;H;0.1893491124260355;-60.7;-42.9;-4;-2.3;4;-2.1;1;-0.2;-2;-0.2
48;G;H;0.47619047619047616;-62.3;-40.0;-4;-2.4;4;-2.0;1;-0.2;-2;-0.2
49;M;H;0.5904255319148937;-66.6;-42.6;-4;-2.2;4;-2.1;2;-0.2;-1;-0.2
50;I;H;0.27218934911242604;-59.5;-44.3;-4;-2.4;4;-2.6;1;-0.2;-1;-0.2
51;W;H;0.20704845814977973;-67.5;-35.6;-4;-2.1;4;-2.9;1;-0.2;-1;-0.2
52;A;H;0.3490566037735849;-60.0;-45.0;-4;-2.0;4;-1.5;2;-0.2;-1;-0.2
53;V;H;0.6549295774647887;-66.5;-42.0;-4;-2.1;4;-2.1;2;-0.2;-2;-0.2
54;L;H;0.04878048780487805;-63.4;-40.4;-4;-2.6;4;-3.1;1;-0.2;5;-0.2
55;F;H;0.09137055837563451;-60.5;-38.7;-4;-2.9;4;-2.6;1;-0.2;-1;-0.2
56;G;H;0.20238095238095238;-62.6;-41.7;-4;-1.5;4;-2.3;2;-0.2;-2;-0.2
57;L;H;0.25609756097560976;-68.3;-45.2;-4;-2.1;4;-2.6;2;-0.2;-2;-0.2
58;I;H;0.011834319526627219;-58.4;-48.2;-4;-3.1;4;-2.5;2;-0.2;5;-0.2
59;A;H;0.0;-60.1;-42.9;-4;-2.6;4;-2.4;-5;-0.2;-2;-0.2
60;L;H;0.3719512195121951;-65.2;-43.8;-4;-2.3;4;-2.3;2;-0.2;-1;-0.2
61;S;H;0.0;-56.8;-47.2;-4;-2.6;4;-2.1;2;-0.2;-2;-0.2
62;V;H;0.007042253521126761;-66.9;-39.5;-4;-2.5;4;-2.6;1;-0.2;-2;-0.2
63;A;H;0.0;-64.6;-38.4;-4;-2.4;4;-2.5;-5;-0.2;-1;-0.2
64;I;H;0.1242603550295858;-65.2;-46.4;-4;-2.3;4;-1.7;2;-0.2;5;-0.2
65;I;H;0.0;-63.6;-42.8;-4;-2.1;4;-2.5;1;-0.2;5;-0.4
66;Y;H;0.21171171171171171;-63.8;-42.5;-4;-2.6;4;-2.7;1;-0.2;-2;-0.2
67;N;H;0.06369426751592357;-59.1;-37.1;-4;-2.5;-1;-0.2;-5;-0.2;-2;-0.2
68;N;H;0.46496815286624205;-90.6;-30.6;-4;-1.7;-2;-0.2;-5;-0.1;-1;-0.2
69;Y;H;0.4189189189189189;-130.6;-6.1;-4;-2.5;3;-1.6;1;-0.3;-3;-0.2
70;G;T;0.25;62.2;-141.6;-4;-2.7;-1;-0.3;-5;-0.4;-2;-0.1
71;F;T;0.6345177664974619;-97.8;14.6;1;-0.2;-1;-0.2;-2;-0.1;6;-0.1
72;K;-;0.8682926829268293;-64.9;-47.6;-3;-1.6;2;-1.9;1;-0.2;3;-0.2
73;P;-;0.16911764705882354;-68.1;87.2;0;0.0;4;-1.7;0;0.0;5;-0.2
74;K;H;0.8341463414634146;-64.1;-38.0;-2;-1.9;4;-2.5;1;-0.2;5;-0.2
75;T;H;0.5422535211267606;-64.1;-42.7;1;-0.2;4;-2.5;2;-0.2;-1;-0.2
76;F;H;0.015228426395939087;-58.7;-48.4;2;-0.2;4;-2.8;1;-0.2;-2;-0.2
77;W;H;0.16740088105726872;-67.8;-37.7;-4;-1.7;4;-2.5;1;-0.2;-2;-0.2
78;F;H;0.6395939086294417;-61.7;-48.6;-4;-2.5;4;-2.3;2;-0.2;-1;-0.2
79;L;H;0.09146341463414634;-61.8;-40.1;-4;-2.5;4;-3.0;1;-0.2;-2;-0.2
80;F;H;0.1218274111675127;-63.4;-45.1;-4;-2.8;4;-2.8;-5;-0.2;-1;-0.2
81;L;H;0.5792682926829268;-61.0;-44.2;-4;-2.5;4;-2.4;2;-0.2;-2;-0.2
82;L;H;0.3170731707317073;-59.3;-47.8;-4;-2.3;4;-2.6;2;-0.2;5;-0.2
83;N;H;0.0;-58.9;-43.5;-4;-3.0;4;-2.6;1;-0.2;-2;-0.2
84;Y;H;0.20270270270270271;-59.4;-47.1;-4;-2.8;4;-2.5;2;-0.2;5;-0.2
85;I;H;0.4970414201183432;-61.5;-46.4;-4;-2.4;4;-2.6;2;-0.2;-1;-0.2
86;F;H;0.233502538071066;-62.2;-41.6;-4;-2.6;4;-1.3;1;-0.2;-1;-0.2
87;N;H;0.07006369426751592;-62.0;-42.0;-4;-2.6;4;-0.7;-5;-0.2;3;-0.4
88;Q;H;0.09595959595959595;-69.1;-37.6;-4;-2.5;4;-1.0;1;-0.2;3;-0.6
89;A;H;0.20754716981132076;-66.1;-26.8;-4;-2.6;4;-2.7;1;-0.2;5;-0.3
90;F;H;0.2182741116751269;-55.6;-49.0;-4;-1.3;4;-2.7;-3;-0.4;5;-0.3
91;S;H;0.13076923076923078;-62.6;-35.7;-4;-0.7;4;-2.4;-3;-0.6;5;-1.0
92;Y;I;0.4009009009009009;-62.9;-48.6;-4;-1.0;5;-2.5;3;-0.2;4;-0.9
93;F;I;0.233502538071066;-69.7;-36.9;-4;-2.7;6;-2.6;3;-0.2;10;-0.2
94;Q;I;0.04040404040404041;-81.3;-45.9;-4;-2.7;-2;-0.2;-5;-0.3;-3;-0.2
95;F;I;0.14213197969543148;-104.5;-29.7;-4;-2.4;-3;-0.2;-5;-0.3;-2;-0.1
96;S;I;0.5230769230769231;-86.6;-49.5;-5;-1.0;-3;-0.2;-4;-0.9;-4;-0.1
97;Q;S;0.4292929292929293;-90.3;-16.5;-5;-2.5;-3;-0.2;-6;-0.1;-4;-0.2
98;K;-;0.45365853658536587;51.5;30.5;-6;-0.4;2;-0.7;1;-0.2;-4;-0.2
99;N;-;0.3821656050955414;-95.4;103.4;-6;-2.6;4;-1.8;1;-0.1;-1;-0.2
100;L;H;0.11585365853658537;-73.7;-32.2;-2;-0.7;4;-2.0;1;-0.2;50;-0.2
101;F;H;0.4619289340101523;-65.7;-50.7;2;-0.2;4;-2.4;1;-0.2;-1;-0.2
102;L;H;0.36585365853658536;-64.6;-34.1;1;-0.2;4;-2.6;2;-0.2;-2;-0.2
103;A;H;0.0;-62.2;-39.6;-4;-1.8;4;-2.3;-10;-0.2;-1;-0.2
104;T;H;0.06338028169014084;-66.1;-48.5;-4;-2.0;4;-2.2;2;-0.2;-2;-0.2
105;V;H;0.4225352112676056;-58.4;-44.6;-4;-2.4;4;-2.3;1;-0.2;-2;-0.2
106;D;H;0.03680981595092025;-62.3;-43.0;-4;-2.6;4;-2.2;1;-0.2;-1;-0.2
107;C;H;0.05185185185185185;-60.7;-40.9;-4;-2.3;4;-2.2;1;-0.2;-1;-0.2
108;L;H;0.524390243902439;-60.8;-42.4;-4;-2.2;4;-2.6;2;-0.2;-1;-0.2
109;L;H;0.3780487804878049;-62.3;-37.5;-4;-2.3;4;-2.7;1;-0.2;-2;-0.2
110;V;H;0.028169014084507043;-61.2;-44.8;-4;-2.2;4;-2.4;2;-0.2;-1;-0.2
111;A;H;0.05660377358490566;-62.2;-43.8;-4;-2.2;4;-2.2;28;-0.3;-2;-0.2
112;I;H;0.48520710059171596;-65.0;-47.1;-4;-2.6;4;-2.3;1;-0.2;-2;-0.2
113;T;H;0.06338028169014084;-67.2;-34.5;-4;-2.7;4;-2.1;1;-0.2;-1;-0.2
114;T;H;0.0;-65.2;-40.4;-4;-2.4;4;-2.2;-5;-0.2;-1;-0.2
115;L;H;0.43902439024390244;-60.3;-43.5;-4;-2.2;4;-2.4;2;-0.2;-2;-0.2
116;L;H;0.32926829268292684;-63.1;-37.2;-4;-2.3;4;-2.4;1;-0.2;5;-0.2
117;L;H;0.012195121951219513;-63.4;-40.4;-4;-2.1;4;-2.8;1;-0.2;-1;-0.2
118;I;H;0.15384615384615385;-64.8;-46.4;-4;-2.2;4;-1.7;2;-0.2;-2;-0.2
119;M;H;0.48404255319148937;-62.2;-40.8;-4;-2.4;4;-0.5;1;-0.2;-2;-0.2
120;F;H;0.43147208121827413;-78.6;-36.7;-4;-2.4;3;-0.9;1;-0.2;4;-0.5
121;S;H;0.0;-72.5;-23.3;-4;-2.8;4;-3.6;-5;-0.2;3;-0.6
122;S;H;0.4076923076923077;-64.3;-26.9;-4;-1.7;-1;-0.2;1;-0.2;-2;-0.2
123;N;H;0.8598726114649682;-82.5;-17.4;-3;-0.9;-1;-0.2;-4;-0.5;-2;-0.2
124;L;H;0.2682926829268293;-98.7;-50.7;-3;-0.6;2;-0.3;-4;-0.5;-2;-0.2
125;S;-;0.13846153846153847;-152.7;123.9;-4;-3.6;4;-2.0;1;-0.1;-1;-0.3
126;K;H;0.7658536585365854;-66.4;-37.2;-2;-0.3;4;-2.4;1;-0.2;5;-0.2
127;V;H;0.6267605633802817;-61.9;-47.0;2;-0.2;4;-1.9;1;-0.2;-1;-0.2
128;S;H;0.0;-59.2;-40.5;1;-0.2;4;-0.8;-7;-0.2;-1;-0.2
129;A;H;0.05660377358490566;-65.2;-41.6;-4;-2.0;3;-0.9;-8;-0.4;4;-0.6
130;W;H;0.8105726872246696;-65.0;-34.5;-4;-2.4;3;-1.1;1;-0.3;-1;-0.2
131;L;H;0.18292682926829268;-69.1;-23.1;-4;-1.9;4;-0.4;1;-0.3;-1;-0.3
132;L;H;0.018292682926829267;-90.8;-10.3;-3;-0.9;4;-2.0;-4;-0.8;-1;-0.3
133;I;H;0.3727810650887574;-64.0;-47.7;-3;-1.1;4;-2.7;-4;-0.6;5;-0.2
134;P;H;0.38235294117647056;-57.4;-35.2;0;0.0;4;-2.2;0;0.0;-1;-0.2
135;Y;H;0.0045045045045045045;-62.6;-42.5;-4;-0.4;4;-2.4;2;-0.2;-2;-0.2
136;F;H;0.29441624365482233;-65.5;-46.7;-4;-2.0;4;-2.4;2;-0.2;5;-0.2
137;L;H;0.6646341463414634;-59.4;-43.5;-4;-2.7;4;-2.3;1;-0.2;-1;-0.2
138;W;H;0.15859030837004406;-68.6;-43.6;-4;-2.2;4;-3.4;-5;-0.2;-1;-0.2
139;S;H;0.007692307692307693;-63.5;-33.5;-4;-2.4;4;-1.9;1;-0.2;-28;-0.3
140;A;H;0.39622641509433965;-65.8;-48.4;-4;-2.4;4;-2.3;2;-0.2;-1;-0.2
141;F;H;0.3401015228426396;-57.5;-45.6;-4;-2.3;4;-2.9;1;-0.2;-2;-0.2
142;A;H;0.10377358490566038;-61.7;-38.3;-4;-3.4;4;-3.1;1;-0.2;-1;-0.2
143;T;H;0.14084507042253522;-61.0;-47.2;-4;-1.9;4;-2.4;-5;-0.2;-1;-0.2
144;Y;H;0.6396396396396397;-63.4;-44.1;-4;-2.3;4;-2.2;2;-0.2;-2;-0.2
145;L;H;0.07926829268292683;-60.0;-48.0;-4;-2.9;4;-2.5;2;-0.2;-2;-0.2
146;S;H;0.07692307692307693;-61.2;-40.2;-4;-3.1;4;-2.3;1;-0.2;-2;-0.2
147;W;H;0.5594713656387665;-63.7;-43.5;-4;-2.4;4;-2.5;2;-0.2;-1;-0.2
148;T;H;0.1619718309859155;-63.7;-43.8;-4;-2.2;4;-1.9;2;-0.2;-2;-0.2
149;I;H;0.023668639053254437;-63.2;-41.7;-4;-2.5;4;-0.8;1;-0.2;-1;-0.2
150;Y;H;0.4189189189189189;-61.5;-44.0;-4;-2.3;3;-0.7;-5;-0.2;-2;-0.2
151;S;H;0.5384615384615384;-70.5;-29.8;-4;-2.5;-2;-0.2;1;-0.3;-1;-0.2
152;I;H;0.40828402366863903;-96.4;-5.0;-4;-1.9;-1;-0.3;-5;-0.2;-2;-0.2
153;N;-;0.5859872611464968;-113.8;360.0;-4;-0.8;-2;-0.2;-3;-0.7;-3;-0.2
