1;M;-;1.0;360.0;84.8;0;0.0;0;0.0;0;0.0;0;0.0
2;E;-;0.9175257731958762;-152.6;72.8;2;-0.0;2;-0.9;0;0.0;0;0.0
3;T;-;1.0;-58.2;76.6;2;-0.0;2;-0.7;3;-0.0;0;0.0
4;V;-;0.528169014084507;-90.4;76.9;-2;-0.9;2;-0.1;3;-0.0;-2;-0.0
5;S;-;0.8076923076923077;20.1;52.5;-2;-0.7;2;-1.1;3;-0.0;-2;-0.0
6;V;-;0.6901408450704225;-29.6;51.0;-2;-0.1;2;-1.9;0;0.0;3;-0.3
7;E;S;0.845360824742268;-21.4;60.7;-2;-1.1;3;-0.4;1;-0.2;-2;-0.0
8;E;S;0.9072164948453608;106.4;68.5;-2;-1.9;2;-0.8;1;-0.2;-1;-0.2
9;G;-;0.8571428571428571;86.0;3.5;-3;-0.3;2;-0.7;1;-0.1;-1;-0.2
10;L;-;0.2926829268292683;-80.2;108.6;-2;-0.8;2;-0.8;-3;-0.4;-1;-0.1
11;D;-;0.7116564417177914;-90.9;92.7;-2;-0.7;2;-0.2;3;-0.0;67;-0.1
12;F;P;0.03553299492385787;-70.9;149.0;-2;-0.8;63;-0.1;1;-0.1;7;-0.1
13;A;P;0.07547169811320754;-60.6;133.5;61;-0.4;-1;-0.1;62;-0.3;2;-0.1
14;P;P;0.8382352941176471;-67.1;156.9;0;0.0;2;-0.3;0;0.0;4;-0.1
15;G;S;0.6309523809523809;160.3;-158.9;2;-0.2;4;-0.1;-2;-0.1;68;-0.0
16;M;S;0.3670212765957447;-71.9;-25.7;-2;-0.3;2;-0.6;66;-0.2;-1;-0.1
17;V;S;0.0;-85.5;120.8;118;-0.1;-2;-0.2;84;-0.0;65;-0.1
18;S;-;0.13846153846153847;-63.7;158.1;-2;-0.6;4;-2.3;1;-0.1;5;-0.2
19;Q;H;0.3888888888888889;-58.0;-44.2;1;-0.2;4;-2.4;2;-0.2;5;-0.2
20;K;H;0.3073170731707317;-63.8;-43.8;2;-0.2;4;-2.3;1;-0.2;-1;-0.2
21;C;H;0.007407407407407408;-61.3;-42.3;2;-0.2;4;-2.6;1;-0.2;5;-0.2
22;L;H;0.0;-62.2;-43.0;-4;-2.3;4;-2.7;1;-0.2;-2;-0.2
23;L;H;0.23780487804878048;-61.1;-45.8;-4;-2.4;4;-2.6;2;-0.2;-1;-0.2
24;C;H;0.0;-63.4;-46.3;-4;-2.3;4;-2.3;2;-0.2;-2;-0.2
25;M;H;0.0;-60.1;-41.7;-4;-2.6;4;-2.4;1;-0.2;-1;-0.2
26;C;H;0.0;-61.7;-47.1;-4;-2.7;4;-2.6;-5;-0.2;7;-0.7
27;K;H;0.25365853658536586;-59.3;-43.5;-4;-2.6;4;-1.7;5;-0.2;5;-0.8
28;L;H;0.2926829268292683;-67.0;-39.8;-4;-2.3;-1;-0.2;-5;-0.2;-2;-0.2
29;E;H;0.19072164948453607;-73.5;-36.3;-4;-2.4;-2;-0.2;1;-0.2;-1;-0.2
30;S;H;0.06923076923076923;-124.3;7.9;-4;-2.6;-1;-0.2;19;-0.3;-2;-0.2
31;G;T;0.7619047619047619;66.6;55.7;-4;-1.7;-3;-0.2;-5;-0.3;-4;-0.2
32;G;S;0.4880952380952381;119.3;9.3;-5;-0.8;-5;-0.2;-9;-0.1;-1;-0.1
33;C;S;0.05185185185185185;64.3;59.3;-7;-0.7;-6;-0.2;1;-0.2;16;-0.1
34;K;-;0.6439024390243903;-124.8;147.8;-8;-0.3;2;-1.3;15;-0.2;-1;-0.2
35;P;-;0.4632352941176471;-73.4;99.7;0;0.0;14;-0.1;0;0.0;37;-0.1
36;I;-;0.27218934911242604;-100.2;14.4;-2;-1.3;2;-0.1;12;-0.5;36;-0.1
37;G;-;0.25;71.4;-154.0;31;-0.1;11;-1.5;34;-0.1;2;-0.4
38;C;E;0.35555555555555557;-103.7;137.6;9;-0.2;2;-0.4;-2;-0.1;9;-0.2
39;R;E;0.5967741935483871;-128.3;137.8;7;-2.6;7;-2.2;-2;-0.4;2;-0.2
40;M;E;0.7553191489361702;-58.3;126.5;-2;-0.4;2;-0.3;5;-0.2;5;-0.2
41;D;E;0.4233128834355828;-138.4;105.5;3;-3.4;3;-1.0;-2;-0.2;-1;-0.0
42;V;T;0.9154929577464789;37.6;68.2;-2;-0.3;3;-0.1;1;-0.2;-2;-0.0
43;G;T;0.9166666666666666;93.8;-9.8;1;-0.1;2;-0.3;0;0.0;-1;-0.2
44;S;E;0.3384615384615385;-152.3;171.8;-3;-1.0;-3;-3.4;-5;-0.1;2;-0.2
45;L;E;0.3719512195121951;-82.9;144.3;-2;-0.3;9;-0.4;-5;-0.2;2;-0.4
46;S;E;0.007692307692307693;-121.1;134.3;-7;-2.2;-7;-2.6;-2;-0.2;2;-0.3
47;C;E;0.0;-126.2;148.0;5;-2.2;5;-2.0;-2;-0.4;3;-0.4
48;G;T;0.0;81.3;-150.9;-11;-1.5;3;-0.6;-2;-0.3;-12;-0.5
49;Y;T;0.13513513513513514;-63.5;-35.3;22;-2.0;-19;-0.3;1;-0.2;-1;-0.2
50;F;T;0.0;-117.2;8.5;21;-0.4;-1;-0.2;-3;-0.4;-2;-0.2
51;Q;T;0.09595959595959595;48.2;55.6;-3;-0.6;-3;-0.3;20;-0.2;2;-0.2
52;I;B;0.01775147928994083;-79.4;130.6;-5;-2.0;-5;-2.2;-6;-0.2;2;-0.2
53;K;-;0.3170731707317073;-85.8;162.5;-2;-0.2;4;-2.3;-7;-0.2;5;-0.2
54;Q;H;0.5252525252525253;-61.9;-45.1;-9;-0.4;4;-2.5;1;-0.2;5;-0.2
55;P;H;0.5955882352941176;-61.2;-40.1;0;0.0;4;-2.4;0;0.0;-1;-0.2
56;Y;H;0.07657657657657657;-54.1;-47.0;2;-0.2;4;-1.3;1;-0.2;-2;-0.2
57;W;H;0.11894273127753303;-60.7;-42.7;-4;-2.3;5;-2.2;1;-0.2;3;-0.3
58;I;H;0.3609467455621302;-60.8;-41.3;-4;-2.5;3;-1.9;1;-0.2;-1;-0.2
59;D;H;0.25153374233128833;-73.6;-22.2;-4;-2.4;-1;-0.2;1;-0.3;-2;-0.2
60;C;T;0.05925925925925926;-94.6;10.3;-4;-1.3;-1;-0.3;-3;-0.3;-2;-0.2
61;G;T;0.7023809523809523;101.6;12.0;-3;-1.9;-3;-0.2;1;-0.2;-2;-0.2
62;K;-;0.5463414634146342;57.3;49.7;-5;-2.2;-1;-0.2;-6;-0.2;-4;-0.1
63;P;-;0.16911764705882354;-66.0;158.7;0;0.0;7;-0.2;0;0.0;-1;-0.1
64;G;S;0.6666666666666666;78.8;-167.2;1;-0.2;3;-0.1;6;-0.1;5;-0.0
65;K;S;0.9463414634146341;-77.9;-47.9;1;-0.3;2;-0.3;2;-0.0;-1;-0.2
66;D;S;0.3496932515337423;-154.5;164.9;-3;-0.1;4;-2.5;1;-0.1;-1;-0.3
67;W;H;0.1013215859030837;-55.3;-46.6;-2;-0.3;4;-2.4;1;-0.2;5;-0.1
68;K;H;0.5121951219512195;-72.8;-41.0;1;-0.2;4;-1.3;2;-0.2;-1;-0.2
69;S;H;0.47692307692307695;-65.4;-44.4;2;-0.2;4;-0.3;1;-0.2;3;-0.3
70;C;H;0.022222222222222223;-62.6;-42.3;-4;-2.5;3;-1.4;1;-0.2;7;-0.7
71;S;H;0.0;-62.6;-28.7;-4;-2.4;-22;-2.0;1;-0.3;-21;-0.4
72;N;T;0.3821656050955414;-91.3;-0.1;-4;-1.3;2;-0.6;-3;-0.3;-1;-0.3
73;D;S;0.48466257668711654;-104.8;119.1;-3;-1.4;4;-3.4;-4;-0.3;5;-0.4
74;I;H;0.16568047337278108;-65.5;-42.3;-2;-0.6;4;-1.9;1;-0.2;-61;-0.4
75;N;H;0.5222929936305732;-64.8;-44.6;2;-0.2;4;-1.9;3;-0.1;-62;-0.3
76;C;H;0.1259259259259259;-65.9;-50.4;2;-0.2;4;-2.3;1;-0.2;-2;-0.2
77;S;H;0.0;-63.4;-39.4;-4;-3.4;4;-2.0;-7;-0.7;-1;-0.2
78;S;H;0.0;-69.6;-36.8;-4;-1.9;4;-2.2;-5;-0.4;-1;-0.2
79;K;H;0.5219512195121951;-58.4;-41.8;-4;-1.9;4;-2.4;2;-0.2;-2;-0.2
80;C;H;0.0;-61.7;-42.3;-4;-2.3;4;-2.6;2;-0.2;-2;-0.2
81;V;H;0.0;-60.3;-43.9;-4;-2.0;4;-2.6;2;-0.2;5;-0.2
82;Q;H;0.06060606060606061;-57.6;-46.6;-4;-2.2;4;-2.6;1;-0.2;-2;-0.2
83;Q;H;0.3787878787878788;-69.5;-36.7;-4;-2.4;4;-1.9;2;-0.2;-1;-0.2
84;Y;H;0.02252252252252252;-63.0;-44.4;-4;-2.6;4;-2.4;2;-0.2;5;-0.4
85;M;H;0.0;-68.0;-41.5;-4;-2.6;4;-1.9;1;-0.2;5;-0.7
86;K;H;0.697560975609756;-55.2;-34.9;-4;-2.6;4;-0.3;-5;-0.2;-1;-0.2
87;R;H;0.5161290322580645;-79.0;-41.9;-4;-1.9;4;-0.5;-5;-0.2;-2;-0.2
88;Y;H;0.08558558558558559;-113.2;-33.5;-4;-2.4;4;-2.6;-5;-0.2;6;-0.2
89;A;T;0.0;-58.5;-45.9;-4;-1.9;5;-3.0;-5;-0.4;-3;-0.1
90;T;T;0.6197183098591549;-73.1;-41.0;-5;-0.7;3;-1.4;-4;-0.3;-1;-0.2
91;H;T;0.6956521739130435;-58.1;-36.6;-4;-0.5;-2;-0.2;1;-0.3;-1;-0.2
92;Y;T;0.3333333333333333;-104.8;10.8;-4;-2.6;-1;-0.3;2;-0.0;-2;-0.2
93;R;T;0.8830645161290323;59.5;42.8;-3;-1.4;-3;-0.2;1;-0.2;-4;-0.1
94;C;-;0.05925925925925926;-73.1;150.8;-5;-3.0;2;-0.2;-6;-0.2;-1;-0.2
95;P;-;0.4117647058823529;-57.0;132.5;0;0.0;2;-1.5;0;0.0;6;-0.1
96;L;S;0.573170731707317;-88.5;57.1;-2;-0.2;2;-0.2;4;-0.1;-6;-0.0
97;N;S;0.18471337579617833;-138.5;179.2;-2;-1.5;4;-2.5;38;-0.1;5;-0.2
98;C;H;0.022222222222222223;-61.7;-37.8;36;-1.0;4;-3.0;-2;-0.2;5;-0.3
99;E;H;0.30927835051546393;-60.0;-49.0;34;-0.3;4;-2.4;2;-0.2;-1;-0.2
100;G;H;0.0;-60.1;-46.0;1;-0.2;4;-2.5;2;-0.2;-2;-0.2
101;F;H;0.025380710659898477;-64.5;-45.6;-4;-2.5;4;-2.7;2;-0.2;-2;-0.2
102;A;H;0.0;-60.2;-43.4;-4;-3.0;4;-2.1;-5;-0.2;-1;-0.2
103;R;H;0.11290322580645161;-70.6;-40.1;-4;-2.4;4;-2.4;-5;-0.3;-1;-0.2
104;E;H;0.0;-61.8;-41.7;-4;-2.5;4;-2.2;-5;-0.2;-2;-0.2
105;H;H;0.07608695652173914;-58.4;-42.1;-4;-2.7;-2;-0.2;1;-0.2;-1;-0.2
106;N;H;0.445859872611465;-75.1;-35.1;-4;-2.1;-2;-0.2;1;-0.2;-1;-0.2
107;G;H;0.5;-107.6;-11.6;-4;-2.4;-1;-0.2;1;-0.3;-2;-0.2
108;G;-;0.14285714285714285;83.2;-166.1;-4;-2.2;3;-2.2;-5;-0.2;-1;-0.3
109;P;T;0.40441176470588236;-52.5;124.6;0;0.0;-20;-0.1;0;0.0;-21;-0.0
110;N;T;0.45222929936305734;77.4;11.1;-22;-0.2;3;-1.2;1;-0.1;4;-0.2
111;G;G;0.047619047619047616;-62.1;-24.2;-3;-2.2;3;-1.6;1;-0.2;6;-0.3
112;C;G;0.014814814814814815;-66.4;-12.1;1;-0.3;-1;-0.2;-4;-0.3;-8;-0.1
113;H;G;0.5815217391304348;-106.3;-4.2;-3;-1.2;2;-0.5;-10;-0.1;-1;-0.3
114;S;-;0.3153846153846154;-89.1;132.8;-3;-1.6;3;-1.6;-4;-0.2;4;-0.2
115;S;G;0.7076923076923077;-67.1;-18.5;-2;-0.5;3;-1.2;1;-0.3;4;-0.5
116;R;G;0.8991935483870968;-69.1;-18.0;1;-0.2;4;-0.3;2;-0.2;-1;-0.3
117;T;G;0.014084507042253521;-98.2;-1.1;-3;-1.6;4;-1.7;-6;-0.3;-1;-0.2
118;L;H;0.42073170731707316;-66.0;-39.2;-3;-1.2;4;-2.4;-4;-0.2;-1;-0.2
119;K;H;0.6878048780487804;-62.6;-40.0;-4;-0.5;4;-2.5;1;-0.2;-1;-0.2
120;Y;H;0.09009009009009009;-56.1;-47.0;-4;-0.3;4;-2.1;1;-0.2;-1;-0.2
121;W;H;0.13656387665198239;-62.9;-41.0;-4;-1.7;4;-1.8;1;-0.2;-2;-0.2
122;E;H;0.5670103092783505;-61.9;-41.4;-4;-2.4;4;-0.8;1;-0.2;-1;-0.2
123;L;H;0.4329268292682927;-67.3;-38.7;-4;-2.5;3;-0.8;1;-0.2;4;-0.5
124;L;H;0.0;-59.5;-39.1;-4;-2.1;3;-1.5;1;-0.2;-1;-0.2
125;Q;H;0.21212121212121213;-67.5;-19.6;-4;-1.8;-1;-0.2;1;-0.3;5;-0.2
126;K;T;0.7804878048780488;-86.6;-10.8;-3;-0.8;-1;-0.3;-4;-0.8;-2;-0.2
127;I;S;0.17751479289940827;-75.9;125.1;-3;-1.5;3;-2.7;-4;-0.5;4;-0.3
128;P;T;0.8602941176470589;-45.1;120.5;0;0.0;-1;-0.1;0;0.0;-2;-0.1
129;G;T;0.5833333333333334;94.5;1.1;-4;-0.1;-105;-0.1;-3;-0.0;-3;-0.1
130;C;-;0.0;-115.7;1.6;-3;-2.7;3;-1.2;-5;-0.2;2;-0.3
131;K;T;0.8829268292682927;-68.3;126.2;-4;-0.3;3;-0.1;1;-0.2;-6;-0.1
132;G;T;0.47619047619047616;72.5;19.5;-2;-0.3;2;-0.6;1;-0.2;3;-0.3
133;V;-;0.1056338028169014;-65.2;97.0;-3;-1.2;-34;-0.3;1;-0.2;-1;-0.2
134;K;-;0.6487804878048781;-108.3;-39.7;-2;-0.6;-36;-1.0;1;-0.4;2;-0.4
135;F;-;0.8071065989847716;-151.5;94.5;-3;-0.3;-1;-0.4;-38;-0.2;-38;-0.1
136;S;-;0.8;-86.9;360.0;-2;-0.4;-118;-0.0;-3;-0.1;-3;-0.0
