1;M;-;1.0;360.0;71.5;0;0.0;0;0.0;0;0.0;0;0.0
2;D;-;0.950920245398773;-35.0;93.7;3;-0.0;2;-0.8;0;0.0;0;0.0
3;P;-;0.7794117647058824;-80.5;86.7;0;0.0;2;-0.9;0;0.0;0;0.0
4;E;-;0.9226804123711341;7.4;47.3;-2;-0.8;2;-1.2;0;0.0;3;-0.0
5;I;-;0.6331360946745562;-34.5;79.6;-2;-0.9;-3;-0.0;3;-0.0;5;-0.0
6;S;-;0.36153846153846153;-20.0;87.6;-2;-1.2;3;-1.7;1;-0.1;4;-1.2
7;E;H;0.788659793814433;-4.4;-24.5;1;-0.2;4;-1.7;2;-0.2;-1;-0.1
8;Q;H;0.7424242424242424;-79.9;-27.6;1;-0.2;4;-1.7;2;-0.2;-1;-0.2
9;D;H;0.5337423312883436;-80.0;-32.4;-3;-1.7;4;-1.7;2;-0.2;-1;-0.2
10;E;H;0.6391752577319587;-71.9;-34.3;-4;-1.2;4;-1.7;1;-0.2;-1;-0.2
11;E;H;0.634020618556701;-69.8;-38.5;-4;-1.7;4;-0.7;1;-0.2;-1;-0.2
12;K;H;0.7951219512195122;-67.0;-30.4;-4;-1.7;3;-0.5;1;-0.2;-1;-0.2
13;K;H;0.697560975609756;-74.7;-34.8;-4;-1.7;3;-1.8;1;-0.2;-1;-0.2
14;K;H;0.44878048780487806;-65.7;-7.5;-4;-1.7;119;-0.4;1;-0.3;-1;-0.2
15;Y;T;0.27927927927927926;-123.5;19.5;-4;-0.7;-1;-0.3;-3;-0.5;2;-0.3
16;T;S;0.4788732394366197;-80.3;144.3;-3;-1.8;117;-0.4;1;-0.1;2;-0.2
17;S;-;0.4461538461538462;-65.3;134.9;-2;-0.3;2;-0.4;115;-0.1;115;-0.2
18;V;E;0.2887323943661972;-112.6;130.0;113;-2.3;113;-2.4;-2;-0.2;2;-0.5
19;C;E;0.5037037037037037;-69.5;124.6;-2;-0.4;111;-0.2;111;-0.2;3;-0.1
20;V;E;0.18309859154929578;-117.0;-0.5;109;-3.0;2;-0.3;-2;-0.5;110;-0.2
21;G;E;0.27380952380952384;147.9;-176.7;108;-0.9;108;-3.2;11;-0.0;-1;-0.4
22;R;E;0.532258064516129;-90.2;144.1;-2;-0.3;4;-1.5;106;-0.2;3;-0.4
23;E;H;0.17525773195876287;-60.6;-36.9;104;-2.7;4;-2.0;-2;-0.3;5;-0.2
24;E;H;0.422680412371134;-66.2;-36.9;103;-0.5;4;-1.3;1;-0.2;-1;-0.2
25;D;H;0.48466257668711654;-65.9;-44.5;-3;-0.4;4;-2.5;1;-0.2;-1;-0.2
26;I;H;0.0;-74.2;-35.3;-4;-1.5;4;-3.0;1;-0.2;19;-0.2
27;R;H;0.5120967741935484;-59.7;-31.2;-4;-2.0;-1;-0.2;-5;-0.2;-2;-0.2
28;K;H;0.8;-80.6;-44.1;-4;-1.3;-2;-0.2;-5;-0.2;-1;-0.2
29;S;H;0.5076923076923077;-88.4;-17.3;-4;-2.5;-2;-0.2;-5;-0.1;-3;-0.2
30;E;S;0.6134020618556701;76.5;-17.4;-4;-3.0;15;-3.1;-5;-0.2;2;-0.3
31;R;E;0.2620967741935484;-160.6;160.2;13;-0.3;2;-0.3;-6;-0.2;13;-0.2
32;M;E;0.1702127659574468;-153.2;161.4;11;-2.2;11;-3.5;-2;-0.3;2;-0.3
33;T;E;0.5492957746478874;-115.2;153.6;-2;-0.3;2;-0.3;9;-0.2;9;-0.2
34;A;E;0.1792452830188679;-155.6;156.5;7;-2.3;7;-3.2;-2;-0.3;2;-0.5
35;V;E;0.6338028169014085;-105.4;120.3;-2;-0.3;2;-0.5;5;-0.2;5;-0.2
36;V;E;0.0;-118.8;110.0;3;-3.1;3;-0.9;-2;-0.5;-2;-0.0
37;H;T;0.29347826086956524;47.7;48.4;-2;-0.5;-1;-0.2;1;-0.2;3;-0.1
38;D;T;0.7914110429447853;75.7;7.7;1;-0.2;2;-0.5;-3;-0.0;-1;-0.2
39;R;E;0.0846774193548387;-108.1;122.7;-3;-0.9;-3;-3.1;108;-0.0;2;-0.4
40;E;E;0.37628865979381443;-80.9;131.2;-2;-0.5;15;-1.7;106;-0.2;16;-0.4
41;V;E;0.0;-132.9;156.2;-7;-3.2;-7;-2.3;-2;-0.4;2;-0.4
42;V;E;0.0;-115.1;134.1;11;-2.6;11;-2.2;-2;-0.3;2;-0.4
43;I;E;0.0;-110.3;132.7;-11;-3.5;-11;-2.2;-2;-0.4;2;-0.4
44;F;E;0.0;-116.8;138.3;7;-3.4;7;-2.4;-2;-0.4;2;-0.6
45;Y;E;0.24324324324324326;-106.1;106.5;-15;-3.1;2;-0.4;-2;-0.4;5;-0.2
46;H;E;0.21195652173913043;-140.0;122.2;3;-2.6;3;-1.5;-2;-0.6;-2;-0.1
47;K;T;0.6829268292682927;56.3;40.7;-2;-0.4;-1;-0.1;1;-0.3;3;-0.1
48;G;T;0.5952380952380952;83.0;4.0;1;-0.2;2;-0.3;-21;-0.1;-1;-0.3
49;E;E;0.6185567010309279;-121.5;152.3;-3;-1.5;-3;-2.6;2;-0.0;2;-0.4
50;Y;E;0.20270270270270271;-103.3;133.8;-2;-0.3;2;-0.4;-5;-0.2;72;-0.2
51;H;E;0.125;-131.8;138.9;-7;-2.4;-7;-3.4;-2;-0.4;2;-0.4
52;A;E;0.0;-131.2;135.3;68;-0.7;68;-3.0;-2;-0.4;2;-0.3
53;M;E;0.0;-148.3;170.4;-11;-2.2;-11;-2.6;-2;-0.4;66;-0.2
54;D;E;0.006134969325153374;-54.7;144.8;64;-1.8;-13;-0.3;-2;-0.3;4;-0.1
55;I;S;0.07100591715976332;-79.4;-25.7;-15;-1.7;9;-2.3;-21;-0.1;10;-0.5
56;R;B;0.3548387096774194;-97.5;131.9;-16;-0.4;89;-0.1;7;-0.2;6;-0.1
57;C;-;0.0;-63.2;142.0;5;-3.0;4;-2.2;-2;-0.4;5;-0.2
58;Y;T;0.08558558558558559;-63.1;-25.2;1;-0.2;-1;-0.1;2;-0.2;86;-0.1
59;H;T;0.33152173913043476;-75.6;-59.0;1;-0.1;-1;-0.2;3;-0.1;-3;-0.0
60;S;T;0.4;-147.9;27.5;85;-0.0;-2;-0.2;2;-0.0;-1;-0.1
61;G;-;0.09523809523809523;80.0;17.7;-4;-2.2;-3;-0.1;1;-0.2;-6;-0.0
62;G;-;0.0;-56.3;152.6;-5;-0.2;-5;-3.0;-6;-0.1;2;-1.2
63;P;B;0.08088235294117647;-80.6;96.3;0;0.0;3;-2.2;0;0.0;4;-0.2
64;L;G;0.0;-69.6;-22.4;-9;-2.3;3;-1.6;-2;-1.2;-8;-0.1
65;H;G;0.32608695652173914;-69.4;-8.8;-10;-0.5;-1;-0.3;1;-0.3;-9;-0.1
66;L;G;0.7012195121951219;-103.3;-1.9;-3;-2.2;-1;-0.3;2;-0.1;-2;-0.2
67;G;S;0.05952380952380952;-79.9;168.8;-3;-1.6;2;-0.4;-4;-0.2;13;-0.2
68;E;E;0.711340206185567;-104.0;141.0;11;-0.9;11;-3.1;-2;-0.0;2;-0.5
69;I;E;0.21301775147928995;-90.6;123.8;-2;-0.4;2;-0.3;9;-0.2;9;-0.2
70;E;E;0.4742268041237113;-132.5;161.0;7;-2.8;7;-3.4;-2;-0.5;2;-0.5
71;D;E;0.5398773006134969;-97.0;125.0;-2;-0.3;2;-0.4;5;-0.2;5;-0.2
72;F;E;0.15228426395939088;-127.2;113.0;3;-2.6;3;-1.3;-2;-0.5;-2;-0.0
73;N;T;0.732484076433121;55.6;38.5;-2;-0.4;-1;-0.1;1;-0.3;3;-0.1
74;G;T;0.75;84.3;3.2;1;-0.2;2;-0.5;0;0.0;-1;-0.3
75;Q;E;0.3282828282828283;-113.4;128.9;-3;-1.3;-3;-2.6;14;-0.0;2;-0.5
76;S;E;0.19230769230769232;-71.7;120.5;-2;-0.5;13;-2.6;-5;-0.2;14;-0.4
77;C;E;0.0;-127.3;138.8;-7;-3.4;-7;-2.8;-2;-0.5;2;-0.5
78;I;E;0.0;-83.5;130.6;9;-2.8;9;-2.3;-2;-0.4;2;-0.6
79;V;E;0.06338028169014084;-97.3;117.3;-11;-3.1;-11;-0.9;-2;-0.5;7;-0.2
80;C;P;0.0;-60.9;136.6;5;-2.8;4;-1.7;-2;-0.6;-16;-0.1
81;P;T;0.2867647058823529;-73.8;-22.1;0;0.0;-1;-0.1;0;0.0;-17;-0.0
82;W;T;0.5770925110132159;-81.9;-50.7;1;-0.1;-2;-0.0;3;-0.1;-3;-0.0
83;H;T;0.5054347826086957;-128.1;0.3;2;-0.1;-1;-0.1;0;0.0;-3;-0.1
84;K;-;0.5365853658536586;74.9;19.6;-4;-1.7;2;-0.1;1;-0.2;-17;-0.0
85;Y;-;0.2927927927927928;-63.5;140.4;-6;-0.1;-5;-2.8;1;-0.1;2;-0.5
86;K;E;0.24878048780487805;-99.1;124.7;9;-0.8;9;-2.6;-7;-0.2;2;-0.5
87;I;E;0.0;-122.7;125.0;-9;-2.3;-9;-2.8;-2;-0.5;7;-0.2
88;T;E;0.014084507042253521;-69.0;134.8;5;-2.9;4;-1.8;-2;-0.5;-11;-0.3
89;L;T;0.006097560975609756;-66.6;-35.2;-13;-2.6;-37;-0.2;-2;-0.2;-1;-0.1
90;A;T;0.6037735849056604;-81.4;-35.1;-14;-0.4;-1;-0.2;1;-0.1;-38;-0.1
91;T;T;0.4295774647887324;-124.1;-19.6;2;-0.1;28;-0.2;27;-0.0;-2;-0.2
92;G;-;0.0;83.5;12.2;-4;-1.8;25;-2.9;1;-0.3;24;-2.1
93;E;E;0.28350515463917525;-72.0;141.3;22;-0.3;-5;-2.9;23;-0.2;2;-0.5
94;G;E;0.0;-86.9;126.2;20;-2.0;19;-3.7;-7;-0.2;20;-0.4
95;L;E;0.042682926829268296;-104.8;145.7;-9;-2.6;-9;-0.8;-2;-0.5;2;-0.3
96;Y;E;0.4189189189189189;-148.2;156.4;15;-2.1;15;-3.4;-2;-0.3;2;-0.6
97;Q;E;0.4696969696969697;-92.9;119.6;-2;-0.3;2;-0.5;13;-0.2;13;-0.2
98;S;E;0.4;-78.5;123.9;11;-3.7;11;-1.6;-2;-0.6;2;-0.5
99;I;-;0.6390532544378699;-118.8;119.4;-2;-0.5;3;-0.1;9;-0.2;8;-0.1
100;N;-;0.5031847133757962;-77.8;107.1;-2;-0.5;3;-1.4;3;-0.4;6;-0.3
101;P;T;0.8161764705882353;-59.1;-27.3;0;0.0;-1;-0.2;0;0.0;0;0.0
102;K;T;0.9658536585365853;-79.8;-10.3;1;-0.3;3;-0.1;-3;-0.1;-2;-0.0
103;D;-;0.4110429447852761;-142.0;72.1;-3;-1.4;3;-1.9;1;-0.1;-3;-0.4
104;P;T;0.7573529411764706;-61.4;-19.4;0;0.0;-1;-0.1;0;0.0;-2;-0.1
105;S;T;0.8153846153846154;-78.6;-12.9;-3;-0.1;2;-0.1;2;-0.1;-3;-0.0
106;A;S;0.37735849056603776;-70.1;129.4;-3;-1.9;-6;-0.1;-6;-0.3;3;-0.1
107;K;P;0.9073170731707317;-54.8;123.6;-2;-0.1;-1;-0.1;1;-0.1;-2;-0.1
108;P;P;0.4632352941176471;-54.7;137.4;0;0.0;2;-0.4;0;0.0;-9;-0.2
109;K;E;0.751219512195122;-107.4;136.0;-11;-1.6;-11;-3.7;-3;-0.1;2;-0.4
110;W;E;0.30837004405286345;-75.0;126.6;-2;-0.4;2;-0.3;-13;-0.2;-13;-0.2
111;C;E;0.2962962962962963;-126.4;161.9;-15;-3.4;-15;-2.1;-2;-0.4;2;-0.4
112;S;E;0.3923076923076923;-104.6;136.0;-2;-0.3;-17;-0.2;-17;-0.2;3;-0.1
113;K;E;0.32195121951219513;-83.4;7.0;-19;-3.7;-18;-0.1;-2;-0.4;2;-0.1
114;G;E;0.3333333333333333;87.0;179.3;-20;-0.4;-20;-2.0;2;-0.0;2;-0.8
115;V;E;0.3873239436619718;-70.9;109.1;-22;-0.2;26;-0.3;1;-0.2;-22;-0.3
116;K;-;0.24878048780487805;-106.4;-32.5;-24;-2.1;26;-2.0;-2;-0.8;2;-0.5
117;Q;S;0.0;-106.7;127.5;-25;-2.9;2;-0.3;24;-0.2;-1;-0.2
118;R;-;0.04032258064516129;-71.5;130.5;-2;-0.5;-64;-1.8;-3;-0.1;2;-0.4
119;I;E;0.1834319526627219;-103.7;142.4;-2;-0.3;-66;-0.3;-28;-0.2;2;-0.3
120;H;E;0.03804347826086957;-118.2;166.2;-68;-3.0;-68;-0.7;-2;-0.4;2;-0.4
121;T;E;0.5140845070422535;-94.9;134.1;11;-2.5;11;-2.7;-2;-0.3;2;-0.4
122;V;E;0.20422535211267606;-115.0;132.3;-2;-0.4;2;-0.4;-72;-0.2;9;-0.2
123;K;E;0.6439024390243903;-130.2;142.9;7;-2.9;7;-3.6;-2;-0.4;2;-0.5
124;V;E;0.39436619718309857;-110.2;125.9;-2;-0.4;2;-0.4;5;-0.2;5;-0.2
125;D;E;0.5398773006134969;-139.5;120.4;3;-2.6;3;-1.5;-2;-0.5;-102;-0.1
126;N;T;0.9235668789808917;54.7;37.9;-2;-0.4;3;-0.1;1;-0.3;-1;-0.1
127;G;T;0.36904761904761907;87.0;4.6;1;-0.3;-104;-2.7;-105;-0.1;-103;-0.5
128;N;E;0.3057324840764331;-114.2;150.1;-3;-1.5;-3;-2.6;-106;-0.3;2;-0.5
129;I;E;0.0;-101.5;130.1;-108;-3.2;-109;-3.0;-2;-0.4;-108;-0.9
130;Y;E;0.27927927927927926;-121.1;140.4;-7;-3.6;-7;-2.9;-2;-0.5;2;-0.4
131;V;E;0.0;-120.2;134.2;-113;-2.4;-113;-2.3;-2;-0.4;2;-0.5
132;T;E;0.15492957746478872;-117.7;121.1;-11;-2.7;-11;-2.5;-2;-0.4;-115;-0.1
133;L;-;0.036585365853658534;-61.7;137.5;-2;-0.5;-13;-0.1;-119;-0.4;-14;-0.0
134;S;-;0.13076923076923078;-58.5;145.3;-15;-0.1;-1;-0.1;1;-0.1;-14;-0.1
135;K;-;0.6829268292682927;-109.2;11.2;-3;-0.1;-1;-0.1;-120;-0.1;-15;-0.1
136;E;-;0.4793814432989691;-63.2;133.2;1;-0.1;-2;-0.0;2;-0.0;-18;-0.0
137;P;S;0.9705882352941176;-72.4;-16.3;0;0.0;2;-0.2;0;0.0;-1;-0.1
138;F;S;0.38578680203045684;-85.0;140.1;1;-0.1;2;-0.3;0;0.0;-2;-0.0
139;K;P;0.9317073170731708;-74.1;130.2;-2;-0.2;2;-0.4;-21;-0.0;-1;-0.1
140;C;P;0.044444444444444446;-102.0;146.5;-2;-0.3;3;-1.8;1;-0.1;4;-0.5
141;D;T;0.4539877300613497;-53.1;-38.3;-2;-0.4;3;-1.4;-26;-0.3;4;-0.4
142;S;T;0.0;-63.9;-22.0;-26;-2.0;3;-1.2;1;-0.3;4;-0.9
143;D;H;0.12269938650306748;-57.5;-30.9;-3;-1.8;4;-2.1;1;-0.3;3;-0.5
144;Y;H;0.5765765765765766;-58.7;-31.6;-3;-1.4;4;-0.5;-4;-0.5;6;-0.4
145;Y;H;0.22972972972972974;-101.3;-9.6;-3;-1.2;-1;-0.2;-4;-0.4;-2;-0.2
146;A;H;0.0660377358490566;-95.5;-41.0;-4;-0.9;-106;-0.2;-3;-0.5;-2;-0.2
147;T;S;0.6197183098591549;-116.4;6.4;-4;-2.1;-3;-0.1;-108;-0.1;-2;-0.1
148;G;S;0.42857142857142855;-132.3;-160.8;-4;-0.5;3;-1.4;-5;-0.4;4;-0.1
149;E;G;0.9639175257731959;-54.7;-14.7;1;-0.3;3;-0.7;2;-0.1;-4;-0.1
150;F;G;0.5076142131979695;-100.5;-11.0;-6;-0.4;3;-1.0;1;-0.2;-1;-0.3
151;K;G;0.4195121951219512;-46.0;-9.7;-3;-1.4;2;-0.5;1;-0.2;-1;-0.2
152;V;G;0.5915492957746479;-110.2;22.8;-3;-0.7;2;-2.5;-4;-0.1;-1;-0.2
153;I;-;0.8106508875739645;-59.4;63.3;-3;-1.0;2;-0.4;-2;-0.5;3;-0.1
154;Q;-;0.7373737373737373;-7.4;82.6;-2;-2.5;2;-0.3;1;-0.1;-2;-0.1
155;S;-;0.8538461538461538;-6.3;63.1;-2;-0.4;2;-1.0;0;0.0;-1;-0.1
156;S;-;0.8692307692307693;-37.9;85.5;-2;-0.3;-3;-0.0;1;-0.1;0;0.0
157;S;-;1.0;26.2;360.0;-2;-1.0;-1;-0.1;0;0.0;-3;-0.0
