1;M;-;0.9680851063829787;360.0;64.9;0;0.0;30;-0.6;0;0.0;31;-0.2
2;A;-;0.8113207547169812;-20.6;85.9;28;-0.1;27;-0.1;1;-0.1;4;-0.0
3;T;-;0.323943661971831;4.2;95.7;25;-0.2;25;-0.2;-2;-0.2;3;-0.2
4;H;S;0.9728260869565217;-34.4;-20.4;23;-0.4;2;-0.4;1;-0.2;-1;-0.2
5;K;S;0.6780487804878049;-158.9;104.9;22;-1.1;-1;-0.2;23;-0.1;3;-0.0
6;K;-;0.8682926829268293;-63.4;115.4;-2;-0.4;22;-0.0;-3;-0.2;-4;-0.0
7;P;-;0.29411764705882354;-52.7;128.5;0;0.0;2;-1.1;0;0.0;-1;-0.1
8;D;-;0.588957055214724;-62.3;96.1;1;-0.1;3;-1.3;2;-0.0;6;-0.2
9;L;T;0.5792682926829268;-72.2;-4.7;-2;-1.1;-1;-0.1;1;-0.3;6;-0.1
10;S;T;0.6384615384615384;-81.7;-14.3;4;-0.0;-1;-0.3;5;-0.0;-2;-0.0
11;D;-;0.4110429447852761;-87.3;110.2;-3;-1.3;4;-2.2;1;-0.2;5;-0.2
12;P;H;0.6911764705882353;-58.9;-36.1;0;0.0;4;-2.1;0;0.0;-1;-0.2
13;T;H;0.6056338028169014;-63.3;-43.1;2;-0.2;4;-2.0;1;-0.2;5;-0.1
14;L;H;0.07926829268292683;-65.2;-38.3;1;-0.2;4;-3.0;2;-0.2;5;-0.2
15;R;H;0.592741935483871;-63.1;-41.8;-4;-2.2;4;-2.4;1;-0.2;-1;-0.2
16;A;H;0.46226415094339623;-64.4;-38.6;-4;-2.1;4;-1.2;2;-0.2;-1;-0.2
17;K;H;0.6;-67.8;-44.4;-4;-2.0;5;-3.0;2;-0.2;-2;-0.2
18;L;H;0.25609756097560976;-63.1;-34.2;-4;-3.0;3;-1.3;1;-0.2;-2;-0.2
19;A;H;0.839622641509434;-65.6;-32.1;-4;-2.4;-1;-0.2;1;-0.3;-2;-0.2
20;K;T;0.7609756097560976;-85.5;5.1;-4;-1.2;-1;-0.3;2;-0.2;-2;-0.2
21;G;T;0.5357142857142857;79.1;6.3;-3;-1.3;2;-0.5;1;-0.3;3;-0.3
22;M;-;0.5531914893617021;-98.3;105.8;-5;-3.0;-1;-0.3;-6;-0.2;-2;-0.2
23;G;S;0.15476190476190477;149.2;-7.9;-2;-0.5;4;-1.1;-3;-0.1;3;-0.3
24;H;H;0.5163043478260869;-68.9;-24.9;-3;-0.3;4;-1.2;1;-0.2;3;-0.2
25;N;H;0.9681528662420382;-79.4;-21.0;1;-0.2;-1;-0.2;2;-0.2;4;-0.1
26;Y;H;0.9279279279279279;-80.1;-28.9;-3;-0.3;-1;-0.2;1;-0.2;-2;-0.2
27;Y;H;0.16666666666666666;-105.3;1.6;-4;-1.1;-22;-1.1;-3;-0.2;-23;-0.4
28;G;-;0.38095238095238093;68.5;122.9;-4;-1.2;-25;-0.2;-25;-0.2;-2;-0.1
29;E;-;0.41237113402061853;-92.7;135.7;-4;-0.1;-25;-0.1;-27;-0.1;3;-0.0
30;P;-;0.375;-53.0;136.9;0;0.0;5;-0.9;0;0.0;4;-0.3
31;A;I;0.2830188679245283;-56.8;-38.9;-30;-0.6;5;-2.2;1;-0.2;4;-0.4
32;W;I;0.7400881057268722;-110.9;126.8;1;-0.2;-1;-0.2;-31;-0.2;0;0.0
33;P;I;0.33088235294117646;-101.1;-11.0;0;0.0;4;-2.7;0;0.0;5;-0.8
34;N;I;0.4012738853503185;-58.1;-53.6;-4;-0.3;4;-2.0;3;-0.2;5;-1.5
35;D;I;0.2147239263803681;-71.2;-41.9;-5;-0.9;5;-3.6;-4;-0.4;4;-0.4
36;L;I;0.4695121951219512;-78.0;-38.1;-5;-2.2;-1;-0.2;3;-0.2;-2;-0.2
37;L;I;0.5304878048780488;-95.0;-26.0;-4;-2.7;-3;-0.2;-6;-0.3;-2;-0.2
38;Y;I;0.6351351351351351;-115.1;-34.1;-4;-2.0;4;-0.5;-5;-0.8;-3;-0.2
39;V;I;0.4225352112676056;-94.7;-48.8;-5;-1.5;4;-2.4;-4;-0.4;5;-0.2
40;F;H;0.48223350253807107;-64.1;-47.0;-5;-3.6;4;-3.4;1;-0.2;5;-0.2
41;P;H;0.29411764705882354;-60.1;-44.3;0;0.0;4;-3.3;0;0.0;5;-0.2
42;I;H;0.7218934911242604;-61.0;-43.3;-4;-0.5;4;-2.8;2;-0.2;-2;-0.2
43;V;H;0.5633802816901409;-65.5;-43.5;-4;-2.4;4;-3.2;2;-0.2;5;-0.2
44;I;H;0.6686390532544378;-62.0;-47.7;-4;-3.4;4;-2.8;-5;-0.2;-2;-0.2
45;M;H;0.723404255319149;-64.3;-41.9;-4;-3.3;4;-2.7;-5;-0.2;-2;-0.2
46;G;H;0.39285714285714285;-61.2;-47.9;-4;-2.8;4;-2.3;-5;-0.2;-2;-0.2
47;S;H;0.47692307692307695;-59.2;-42.8;-4;-3.2;4;-2.4;2;-0.2;-2;-0.2
48;F;H;0.7157360406091371;-61.6;-45.7;-4;-2.8;4;-2.6;1;-0.2;5;-0.2
49;A;H;0.5283018867924528;-59.0;-43.2;-4;-2.7;4;-2.9;2;-0.2;-1;-0.2
50;C;H;0.5851851851851851;-62.7;-44.4;-4;-2.3;4;-2.8;2;-0.2;-2;-0.2
51;I;H;0.6745562130177515;-63.1;-45.2;-4;-2.4;4;-2.5;2;-0.2;-2;-0.2
52;V;H;0.4507042253521127;-61.3;-43.8;-4;-2.6;4;-2.3;1;-0.2;-2;-0.2
53;A;H;0.44339622641509435;-57.9;-49.6;-4;-2.9;4;-2.7;-5;-0.2;-2;-0.2
54;L;H;0.7317073170731707;-63.0;-33.2;-4;-2.8;4;-2.4;1;-0.2;-2;-0.2
55;A;H;0.5188679245283019;-68.9;-34.0;-4;-2.5;-1;-0.2;1;-0.2;-2;-0.2
56;V;H;0.7605633802816901;-79.3;-40.0;-4;-2.3;-2;-0.2;-5;-0.2;-1;-0.2
57;L;H;0.8719512195121951;-75.3;-30.1;-4;-2.7;-2;-0.2;1;-0.3;-3;-0.2
58;D;S;0.7852760736196319;-144.0;77.9;-4;-2.4;-1;-0.3;-5;-0.2;-2;-0.1
59;P;P;0.5808823529411765;-64.2;135.7;0;0.0;2;-0.3;0;0.0;-3;-0.1
60;A;P;0.9433962264150944;-60.9;118.5;-5;-0.1;2;-0.4;1;-0.0;-5;-0.0
61;M;P;0.9361702127659575;-82.5;119.3;-2;-0.3;2;-1.2;-3;-0.1;3;-0.1
62;T;-;1.0;-67.9;52.2;-2;-0.4;-1;-0.0;1;-0.2;0;0.0
63;G;-;0.7142857142857143;2.0;179.4;-2;-1.2;-1;-0.2;1;-0.2;3;-0.1
64;E;S;0.9175257731958762;-64.3;137.8;1;-0.1;-1;-0.2;-3;-0.1;3;-0.1
65;P;P;0.8308823529411765;-48.4;133.9;0;0.0;-1;-0.1;0;0.0;2;-0.1
66;A;P;0.9622641509433962;-56.8;120.1;-3;-0.1;5;-0.1;2;-0.0;3;-0.0
67;N;B;0.554140127388535;-97.7;113.4;3;-0.5;3;-1.3;-3;-0.1;-1;-0.0
68;P;T;0.875;-62.0;-15.8;0;0.0;-1;-0.1;0;0.0;3;-0.1
69;F;T;0.9898477157360406;-108.2;-3.0;1;-0.2;2;-0.4;-3;-0.0;-3;-0.0
70;A;B;0.4716981132075472;-137.9;115.1;-3;-1.3;-3;-0.5;0;0.0;-1;-0.2
71;T;-;0.9084507042253521;-86.1;124.6;-2;-0.4;4;-0.1;-5;-0.1;-5;-0.0
72;P;-;0.7058823529411765;-51.3;141.8;0;0.0;3;-0.2;0;0.0;-1;-0.1
73;L;S;1.0;-65.5;-30.4;1;-0.2;2;-0.6;-3;-0.0;-2;-0.0
74;E;-;0.7268041237113402;-122.7;91.2;2;-0.1;2;-0.8;0;0.0;-1;-0.2
75;I;-;0.7869822485207101;-95.7;95.9;-2;-0.6;-4;-0.0;-3;-0.2;-2;-0.0
76;L;-;0.3048780487804878;-104.5;137.4;-2;-0.8;3;-0.1;72;-0.0;6;-0.1
77;P;-;0.2867647058823529;-70.5;179.2;0;0.0;5;-0.1;0;0.0;-1;-0.0
78;E;-;0.5824742268041238;-63.8;148.4;1;-0.1;3;-2.3;3;-0.1;4;-0.4
79;W;G;0.8061674008810573;-52.4;-36.0;1;-0.3;3;-1.0;2;-0.2;-1;-0.1
80;Y;G;0.6306306306306306;-75.6;-12.9;1;-0.3;-1;-0.3;2;-0.1;4;-0.2
81;L;G;0.5;-98.3;-0.8;-3;-2.3;4;-2.4;1;-0.1;-1;-0.3
82;Y;H;0.25675675675675674;-59.8;-48.4;-3;-1.0;4;-2.7;-4;-0.4;5;-0.2
83;P;H;0.19117647058823528;-60.1;-43.3;0;0.0;4;-1.5;0;0.0;-1;-0.2
84;V;H;0.2676056338028169;-70.1;-38.7;-4;-0.2;4;-1.8;1;-0.2;-2;-0.2
85;F;H;0.24873096446700507;-59.5;-43.0;-4;-2.4;4;-2.3;1;-0.2;5;-0.2
86;Q;H;0.0;-61.7;-37.1;-4;-2.7;4;-1.9;1;-0.2;-1;-0.2
87;I;H;0.21301775147928995;-62.2;-41.4;-4;-1.5;4;-1.0;-5;-0.2;-1;-0.2
88;L;H;0.3719512195121951;-66.1;-45.2;-4;-1.8;3;-0.3;1;-0.2;-2;-0.2
89;R;H;0.23790322580645162;-83.9;-21.4;-4;-2.3;-1;-0.2;1;-0.2;-2;-0.2
90;S;H;0.34615384615384615;-75.9;-22.2;-4;-1.9;-1;-0.2;-5;-0.2;-2;-0.2
91;L;-;0.3170731707317073;-95.2;126.9;-4;-1.0;6;-0.1;-3;-0.3;9;-0.0
92;P;S;0.9558823529411765;-67.8;-30.6;0;0.0;2;-0.5;0;0.0;-1;-0.1
93;N;S;0.5732484076433121;-87.1;126.4;1;-0.1;4;-2.5;2;-0.0;5;-0.2
94;K;H;0.8926829268292683;-65.4;-42.8;-2;-0.5;4;-2.0;1;-0.2;5;-0.2
95;L;H;0.7195121951219512;-66.2;-42.6;2;-0.2;4;-2.4;1;-0.2;-1;-0.2
96;L;H;0.524390243902439;-64.3;-39.0;1;-0.2;4;-2.6;2;-0.2;-2;-0.2
97;G;H;0.011904761904761904;-60.3;-45.0;-4;-2.5;4;-2.2;2;-0.2;-1;-0.2
98;V;H;0.6338028169014085;-65.7;-42.7;-4;-2.0;4;-2.4;1;-0.2;-2;-0.2
99;L;H;0.6097560975609756;-64.4;-40.1;-4;-2.4;4;-1.5;1;-0.2;-1;-0.2
100;A;H;0.19811320754716982;-63.8;-42.0;-4;-2.6;4;-0.6;2;-0.2;-2;-0.2
101;M;H;0.2712765957446808;-64.1;-39.9;-4;-2.2;3;-1.0;1;-0.2;-2;-0.2
102;A;H;0.37735849056603776;-70.3;-22.7;-4;-2.4;4;-1.7;1;-0.2;-1;-0.2
103;S;H;0.47692307692307695;-68.8;-23.5;-4;-1.5;4;-2.7;1;-0.2;-1;-0.2
104;V;H;0.38028169014084506;-68.8;-58.2;-3;-1.0;4;-2.5;-4;-0.6;5;-0.2
105;P;H;0.49264705882352944;-61.6;-35.2;0;0.0;4;-1.9;0;0.0;-1;-0.2
106;L;H;0.6463414634146342;-62.3;-40.0;-4;-1.7;4;-1.0;1;-0.2;-2;-0.2
107;G;H;0.4166666666666667;-64.5;-41.6;-4;-2.7;4;-0.5;1;-0.2;3;-0.5
108;L;H;0.7012195121951219;-66.8;-30.4;-4;-2.5;3;-0.9;1;-0.2;-2;-0.2
109;I;H;0.5976331360946746;-67.8;-28.7;-4;-1.9;4;-0.4;1;-0.3;-1;-0.2
110;L;H;0.5853658536585366;-82.1;-10.3;-4;-1.0;4;-2.2;-3;-0.5;3;-0.4
111;V;H;0.43661971830985913;-66.3;-47.2;-3;-0.9;4;-3.4;-4;-0.5;5;-0.3
112;P;H;0.5735294117647058;-60.9;-30.6;0;0.0;4;-1.0;0;0.0;-1;-0.3
113;F;H;0.7309644670050761;-74.8;-38.5;-4;-0.4;4;-0.3;-3;-0.4;-2;-0.2
114;I;H;0.6627218934911243;-73.1;-38.1;-4;-2.2;3;-1.3;1;-0.2;4;-0.4
115;E;H;0.30412371134020616;-75.0;-18.1;-4;-3.4;3;-0.7;1;-0.3;-1;-0.2
116;N;T;0.8407643312101911;-73.6;-8.9;-4;-1.0;-1;-0.3;-5;-0.3;-2;-0.2
117;V;T;0.8732394366197183;-77.9;-34.1;-3;-1.3;2;-0.4;-4;-0.3;-1;-0.2
118;N;-;0.33121019108280253;-89.0;132.1;-3;-0.7;8;-0.0;-4;-0.4;0;0.0
119;K;-;0.9170731707317074;-81.2;-22.1;-2;-0.4;2;-0.2;2;-0.0;-1;-0.1
120;F;-;0.49746192893401014;-85.9;143.3;5;-0.1;-2;-0.1;1;-0.1;0;0.0
121;Q;-;0.7929292929292929;-105.2;-17.5;-2;-0.2;-1;-0.1;3;-0.0;5;-0.1
122;N;-;0.43312101910828027;-74.4;120.6;1;-0.1;3;-1.5;3;-0.1;4;-0.2
123;P;G;0.5735294117647058;-56.4;-28.2;0;0.0;3;-1.1;0;0.0;7;-0.3
124;F;G;0.9593908629441624;-77.3;-15.8;1;-0.3;-2;-0.1;2;-0.1;-3;-0.0
125;R;G;0.6451612903225806;-100.2;3.6;-3;-1.5;-1;-0.3;1;-0.2;-5;-0.1
126;R;-;0.10483870967741936;-131.1;74.2;-3;-1.1;4;-2.5;-4;-0.2;5;-0.2
127;P;H;0.6176470588235294;-67.1;-31.0;0;0.0;4;-2.4;0;0.0;5;-0.2
128;V;H;0.7605633802816901;-70.3;-49.2;2;-0.2;4;-2.3;1;-0.2;5;-0.2
129;A;H;0.22641509433962265;-61.8;-42.5;1;-0.2;4;-2.7;2;-0.2;-1;-0.2
130;T;H;0.2887323943661972;-64.8;-42.9;-4;-2.5;4;-2.7;-7;-0.3;-1;-0.2
131;T;H;0.5422535211267606;-63.5;-45.5;-4;-2.4;4;-3.1;-5;-0.2;5;-0.2
132;V;H;0.647887323943662;-59.0;-46.1;-4;-2.3;4;-3.2;2;-0.2;-2;-0.2
133;F;H;0.7106598984771574;-58.2;-49.6;-4;-2.7;4;-2.6;2;-0.2;-2;-0.2
134;L;H;0.5914634146341463;-63.2;-45.3;-4;-2.7;4;-2.4;2;-0.2;-2;-0.2
135;F;H;0.7208121827411168;-59.4;-49.0;-4;-3.1;4;-2.6;-5;-0.2;-2;-0.2
136;G;H;0.34523809523809523;-56.4;-42.0;-4;-3.2;4;-2.5;-5;-0.2;-2;-0.2
137;T;H;0.352112676056338;-64.4;-41.7;-4;-2.6;4;-2.4;2;-0.2;-1;-0.2
138;L;H;0.7012195121951219;-64.9;-42.3;-4;-2.4;4;-2.9;2;-0.2;-2;-0.2
139;V;H;0.3028169014084507;-65.2;-41.9;-4;-2.6;4;-3.0;2;-0.2;5;-0.3
140;T;H;0.45774647887323944;-62.2;-42.6;-4;-2.5;4;-2.4;2;-0.2;-2;-0.2
141;L;H;0.6280487804878049;-66.3;-43.0;-4;-2.4;4;-2.5;2;-0.2;5;-0.2
142;W;H;0.43612334801762115;-59.7;-45.6;-4;-2.9;4;-2.1;1;-0.2;-2;-0.2
143;L;H;0.12195121951219512;-70.3;-36.5;-4;-3.0;4;-1.6;2;-0.2;-1;-0.2
144;G;H;0.15476190476190477;-60.7;-45.9;-4;-2.4;4;-0.6;-5;-0.3;-2;-0.2
145;I;H;0.5739644970414202;-67.6;-41.2;-4;-2.5;3;-1.3;1;-0.2;4;-0.4
146;G;H;0.0;-61.2;-28.8;-4;-2.1;3;-1.2;1;-0.3;-1;-0.2
147;A;H;0.009433962264150943;-67.7;-23.3;-4;-1.6;-1;-0.3;1;-0.3;-2;-0.2
148;A;T;0.5;-84.9;-10.4;-3;-1.3;-1;-0.3;-4;-0.6;-2;-0.2
149;L;S;0.3597560975609756;-103.7;157.9;-3;-1.2;5;-0.1;-4;-0.4;8;-0.0
150;P;-;0.6470588235294118;-58.3;151.1;0;0.0;3;-1.4;0;0.0;4;-0.7
151;L;H;0.5365853658536586;-57.1;-30.3;1;-0.3;3;-0.6;2;-0.2;4;-0.5
152;D;H;0.9447852760736196;-73.9;-22.5;1;-0.3;-1;-0.3;2;-0.1;4;-0.2
153;K;H;0.6097560975609756;-118.8;3.2;-3;-1.4;5;-1.2;-7;-0.1;4;-1.0
154;S;H;0.015384615384615385;-68.0;-36.4;-4;-0.7;3;-0.2;-3;-0.6;-2;-0.1
155;L;T;0.5121951219512195;-86.1;-24.9;-4;-0.5;-1;-0.2;1;-0.2;-2;-0.1
156;T;T;0.176056338028169;-97.9;-1.9;-4;-0.2;3;-2.1;4;-0.1;-1;-0.2
157;L;T;0.3353658536585366;53.3;22.9;-4;-1.0;-3;-0.2;1;-0.3;-2;-0.1
158;G;T;0.5238095238095238;86.1;3.3;-5;-1.2;-1;-0.3;2;-0.3;-4;-0.1
159;L;-;0.8902439024390244;-82.0;-14.8;-3;-2.1;-2;-0.1;1;-0.2;-1;-0.1
160;F;-;0.9390862944162437;-160.7;360.0;-4;-0.2;-2;-0.3;-7;-0.1;-1;-0.2
