1;M;-;1.0;360.0;66.2;0;0.0;2;-0.4;0;0.0;0;0.0
2;A;-;0.9716981132075472;-128.8;113.2;1;-0.2;0;0.0;2;-0.0;0;0.0
3;G;-;0.8095238095238095;129.1;115.8;-2;-0.4;-1;-0.2;0;0.0;0;0.0
4;E;-;0.9639175257731959;132.3;105.7;2;-0.0;-2;-0.0;0;0.0;0;0.0
5;D;-;0.9263803680981595;63.5;110.9;1;-0.1;0;0.0;0;0.0;0;0.0
6;A;-;0.8962264150943396;45.6;109.4;0;0.0;-1;-0.1;0;0.0;-2;-0.0
7;D;-;0.8773006134969326;-171.0;92.2;2;-0.0;0;0.0;0;0.0;0;0.0
8;M;-;0.9308510638297872;31.3;84.0;0;0.0;2;-0.5;0;0.0;0;0.0
9;I;-;0.9763313609467456;-101.8;87.9;0;0.0;3;-0.1;0;0.0;-2;-0.0
10;D;-;0.7484662576687117;37.5;97.7;-2;-0.5;2;-0.2;1;-0.2;0;0.0
11;R;-;0.9556451612903226;2.8;75.7;-2;-0.0;-1;-0.2;2;-0.0;2;-0.1
12;R;-;0.8709677419354839;-132.6;84.7;-2;-0.2;2;-0.0;-3;-0.1;0;0.0
13;T;-;0.8943661971830986;22.2;83.0;-2;-0.1;2;-0.1;2;-0.0;-2;-0.0
14;M;-;0.9148936170212766;-126.4;71.6;-2;-0.0;2;-1.0;2;-0.0;-2;-0.0
15;L;-;0.975609756097561;-37.8;63.1;-2;-0.1;2;-0.8;2;-0.0;-2;-0.0
16;M;-;0.8723404255319149;-75.1;73.1;-2;-1.0;2;-1.1;2;-0.1;-2;-0.0
17;A;-;0.8490566037735849;-25.9;57.1;-2;-0.8;2;-1.1;3;-0.0;-2;-0.0
18;G;-;0.8333333333333334;-57.0;69.5;-2;-1.1;2;-0.5;3;-0.0;-2;-0.1
19;G;-;0.8571428571428571;-11.1;69.1;-2;-1.1;2;-1.1;3;-0.0;-2;-0.0
20;L;-;0.9817073170731707;-36.7;68.5;-2;-0.5;2;-0.9;2;-0.0;-3;-0.0
21;A;-;0.7735849056603774;-31.9;72.0;-2;-1.1;2;-1.3;2;-0.0;-3;-0.0
22;M;-;0.8617021276595744;-36.7;57.9;-2;-0.9;2;-1.2;2;-0.0;-2;-0.0
23;T;-;0.8169014084507042;-51.5;70.4;-2;-1.3;2;-1.3;2;-0.0;-2;-0.0
24;T;-;0.8028169014084507;-36.2;59.5;-2;-1.2;2;-1.4;3;-0.0;-2;-0.0
25;T;-;0.8802816901408451;-34.3;63.0;-2;-1.3;2;-1.4;3;-0.0;-2;-0.0
26;M;-;0.8563829787234043;-22.2;57.9;-2;-1.4;-2;-0.0;3;-0.0;-3;-0.0
27;A;-;0.3490566037735849;-0.5;83.2;-2;-1.4;2;-1.3;1;-0.1;-3;-0.0
28;K;-;0.7951219512195122;-19.3;59.1;2;-0.0;3;-2.3;1;-0.0;4;-0.5
29;A;T;0.8773584905660378;-11.9;92.1;-2;-1.3;-3;-0.0;1;-0.2;-1;-0.0
30;G;T;0.27380952380952384;132.8;-22.4;1;-0.0;4;-2.5;4;-0.0;5;-0.2
31;E;H;0.5103092783505154;-57.9;-43.0;-3;-2.3;4;-2.4;1;-0.2;5;-0.2
32;G;H;0.03571428571428571;-63.5;-45.3;-4;-0.5;4;-2.7;2;-0.2;5;-0.3
33;T;H;0.2323943661971831;-58.3;-47.8;1;-0.2;4;-1.8;2;-0.2;-2;-0.2
34;D;H;0.6625766871165644;-63.6;-41.9;-4;-2.5;4;-2.0;1;-0.2;-1;-0.2
35;A;H;0.16037735849056603;-61.8;-50.8;-4;-2.4;4;-2.1;-5;-0.2;-2;-0.2
36;I;H;0.0;-66.5;-35.1;-4;-2.7;4;-2.4;2;-0.2;-1;-0.2
37;Q;H;0.35858585858585856;-59.9;-40.3;-4;-1.8;4;-2.1;-5;-0.3;-1;-0.2
38;A;H;0.5849056603773585;-65.1;-44.2;-4;-2.0;4;-2.2;2;-0.2;-2;-0.2
39;L;H;0.10365853658536585;-59.0;-41.9;-4;-2.1;4;-2.5;2;-0.2;-2;-0.2
40;I;H;0.0;-62.8;-41.9;-4;-2.4;4;-2.2;1;-0.2;-2;-0.2
41;Q;H;0.46464646464646464;-61.0;-44.8;-4;-2.1;4;-2.4;1;-0.2;-1;-0.2
42;A;H;0.3490566037735849;-60.5;-41.9;-4;-2.2;4;-2.7;2;-0.2;-2;-0.2
43;Y;H;0.013513513513513514;-55.3;-51.5;-4;-2.5;4;-2.5;2;-0.2;-2;-0.2
44;F;H;0.04060913705583756;-66.0;-37.9;-4;-2.2;4;-2.8;1;-0.2;5;-0.2
45;T;H;0.4225352112676056;-61.6;-48.3;-4;-2.4;4;-1.9;-5;-0.2;-1;-0.2
46;A;H;0.0;-57.6;-44.1;-4;-2.7;5;-2.9;1;-0.2;-2;-0.2
47;W;H;0.04405286343612335;-65.6;-51.9;-4;-2.5;3;-1.5;3;-0.2;-2;-0.2
48;N;H;0.3057324840764331;-76.0;-19.2;-4;-2.8;-1;-0.2;1;-0.3;-2;-0.2
49;T;T;0.5774647887323944;-101.0;10.4;-4;-1.9;-1;-0.3;-5;-0.2;-2;-0.2
50;N;T;0.4012738853503185;51.4;48.5;-3;-1.5;-3;-0.2;1;-0.2;3;-0.1
51;A;-;0.07547169811320754;-118.2;69.9;-5;-2.9;3;-2.0;-6;-0.2;4;-0.3
52;P;G;0.0661764705882353;-64.1;-25.4;0;0.0;3;-1.8;0;0.0;4;-0.4
53;E;G;0.5979381443298969;-59.8;-23.5;1;-0.3;3;-1.1;2;-0.2;4;-0.3
54;R;G;0.4596774193548387;-72.9;-14.7;-3;-2.0;3;-1.3;1;-0.2;4;-0.6
55;F;H;0.0;-67.8;-25.3;-3;-1.8;3;-0.9;-4;-0.3;4;-0.9
56;A;H;0.2830188679245283;-64.2;-24.6;-3;-1.1;-1;-0.3;-4;-0.4;-2;-0.2
57;E;H;0.6701030927835051;-83.2;-18.5;-3;-1.3;-1;-0.2;-4;-0.3;-2;-0.2
58;I;H;0.05917159763313609;-114.8;2.1;-3;-0.9;92;-4.0;-4;-0.6;2;-0.4
59;F;E;0.0;-118.7;142.7;-4;-0.9;92;-0.2;90;-0.3;82;-0.1
60;W;E;0.10572687224669604;-67.9;154.6;90;-2.5;3;-2.0;-2;-0.4;16;-0.3
61;P;E;0.5294117647058824;-57.8;-29.4;0;0.0;15;-1.9;0;0.0;16;-0.4
62;D;E;0.5398773006134969;-100.8;28.7;13;-0.2;13;-0.1;14;-0.1;-2;-0.1
63;G;E;0.011904761904761904;-78.2;169.7;-3;-2.0;12;-3.7;87;-0.1;2;-0.3
64;S;E;0.18461538461538463;-146.4;162.4;87;-0.9;89;-1.4;10;-0.2;2;-0.3
65;W;E;0.022026431718061675;-148.8;133.2;8;-2.1;8;-3.0;-2;-0.3;2;-0.5
66;V;E;0.16901408450704225;-110.5;123.7;87;-2.4;89;-2.3;-2;-0.3;6;-0.2
67;N;-;0.12101910828025478;-87.2;-177.2;4;-2.0;3;-1.6;-2;-0.5;88;-0.1
68;V;T;0.2605633802816901;-70.2;-15.2;1;-0.3;89;-0.4;2;-0.1;-1;-0.1
69;V;T;0.7183098591549296;-113.3;7.7;87;-0.1;-1;-0.3;2;-0.1;87;-0.1
70;G;-;0.6309523809523809;102.5;1.4;-3;-1.6;2;-0.2;1;-0.3;-2;-0.1
71;M;-;0.4734042553191489;-61.3;139.4;1;-0.0;-4;-2.0;2;-0.0;2;-0.6
72;H;E;0.3532608695652174;-118.8;105.6;-6;-0.2;2;-0.6;-2;-0.2;-6;-0.2
73;W;E;0.1277533039647577;-97.0;112.3;-8;-3.0;-8;-2.1;-2;-0.6;2;-0.6
74;R;E;0.6169354838709677;-101.6;114.4;-2;-0.6;4;-0.3;-10;-0.2;-10;-0.2
75;G;S;0.20238095238095238;98.9;153.2;-12;-3.7;4;-1.9;-2;-0.6;3;-0.3
76;R;H;0.27419354838709675;-60.7;-36.4;-15;-1.9;4;-2.9;-16;-0.3;5;-0.3
77;D;H;0.7668711656441718;-64.3;-45.6;-16;-0.4;4;-2.6;1;-0.2;-1;-0.2
78;Q;H;0.4797979797979798;-64.9;-40.7;-4;-0.3;4;-2.7;-3;-0.3;5;-0.3
79;I;H;0.0;-59.3;-50.7;-4;-1.9;4;-2.5;2;-0.2;5;-0.3
80;V;H;0.20422535211267606;-65.2;-44.0;-4;-2.9;4;-2.5;2;-0.2;5;-0.2
81;F;H;0.7918781725888325;-57.7;-48.6;-4;-2.6;4;-2.4;-5;-0.3;-2;-0.2
82;A;H;0.07547169811320754;-67.4;-49.3;-4;-2.7;4;-2.6;1;-0.2;5;-0.2
83;H;H;0.03804347826086957;-59.2;-41.0;-4;-2.5;4;-2.6;-5;-0.3;-1;-0.2
84;T;H;0.2323943661971831;-57.8;-49.8;-4;-2.5;4;-1.0;-5;-0.3;-2;-0.2
85;A;H;0.3867924528301887;-59.7;-43.1;-4;-2.4;4;-0.6;-5;-0.2;3;-0.5
86;F;H;0.233502538071066;-79.1;-33.4;-4;-2.6;5;-3.0;1;-0.3;3;-0.5
87;L;H;0.012195121951219513;-73.8;-12.8;-4;-2.6;-1;-0.3;-5;-0.2;-2;-0.2
88;K;H;0.6926829268292682;-97.8;-12.2;-4;-1.0;-1;-0.2;-3;-0.5;-2;-0.2
89;T;T;0.6056338028169014;-122.6;-99.2;-4;-0.6;3;-1.7;-3;-0.5;4;-0.3
90;I;T;0.24260355029585798;-71.6;-19.7;1;-0.3;33;-0.5;-5;-0.1;3;-0.2
91;F;T;0.1116751269035533;-111.3;13.6;-5;-3.0;3;-1.0;-6;-0.2;-1;-0.3
92;K;T;0.6;-53.5;-37.6;-3;-1.7;-1;-0.1;1;-0.3;-2;-0.1
93;D;T;0.803680981595092;-116.9;12.8;-4;-0.3;2;-0.8;-3;-0.2;-1;-0.3
94;C;-;0.022222222222222223;-89.0;109.6;-3;-1.0;2;-0.2;-7;-0.1;28;-0.1
95;K;-;0.3902439024390244;-98.5;158.3;-2;-0.8;25;-2.7;26;-0.1;2;-0.4
96;Q;E;0.030303030303030304;-118.9;135.6;-2;-0.2;2;-0.5;23;-0.2;23;-0.2
97;E;E;0.5103092783505154;-108.4;123.4;21;-3.1;21;-2.5;-2;-0.4;2;-0.4
98;L;E;0.3048780487804878;-72.7;124.5;-2;-0.5;19;-0.2;19;-0.2;3;-0.1
99;V;E;0.44366197183098594;-103.7;-59.8;17;-2.6;2;-0.3;-2;-0.4;18;-0.2
100;T;E;0.4154929577464789;-143.6;149.5;16;-1.7;16;-2.6;2;-0.0;2;-0.4
101;I;E;0.24260355029585798;-122.4;118.1;-2;-0.3;2;-0.6;14;-0.2;14;-0.2
102;E;E;0.6237113402061856;-108.2;100.7;12;-2.4;12;-2.3;-2;-0.4;2;-0.3
103;A;E;0.24528301886792453;-120.3;152.5;-2;-0.6;2;-0.3;10;-0.2;10;-0.2
104;R;E;0.5483870967741935;-158.7;142.2;8;-2.3;8;-2.7;-2;-0.3;2;-0.4
105;T;E;0.323943661971831;-66.7;130.5;-2;-0.3;6;-0.3;6;-0.2;-76;-0.0
106;I;E;0.47337278106508873;-111.8;-15.7;4;-1.9;5;-0.2;1;-0.4;-1;-0.1
107;A;E;0.4056603773584906;-170.1;158.2;3;-1.4;3;-2.7;0;0.0;-1;-0.4
108;P;T;0.7573529411764706;-48.3;123.0;0;0.0;3;-0.1;0;0.0;35;-0.1
109;G;T;0.2261904761904762;80.3;9.3;1;-0.2;34;-3.0;33;-0.1;2;-0.4
110;S;E;0.2230769230769231;-136.5;136.6;-3;-2.7;-4;-1.9;32;-0.2;-3;-1.4
111;A;E;0.0;-140.3;148.6;30;-2.4;30;-2.7;-2;-0.4;2;-0.4
112;L;E;0.20121951219512196;-128.0;142.7;-8;-2.7;-8;-2.3;-2;-0.3;2;-0.4
113;A;E;0.0;-138.8;136.1;26;-2.5;26;-3.0;-2;-0.4;2;-0.5
114;V;E;0.2887323943661972;-100.8;120.5;-12;-2.3;-12;-2.4;-2;-0.4;2;-0.4
115;V;E;0.0;-116.4;130.7;22;-2.8;22;-3.2;-2;-0.5;2;-0.5
116;T;E;0.056338028169014086;-102.2;129.6;-16;-2.6;-17;-2.6;-2;-0.4;-16;-1.7
117;L;E;0.0;-133.9;162.1;18;-2.2;18;-2.5;-2;-0.5;2;-0.5
118;I;E;0.14201183431952663;-107.8;125.5;-21;-2.5;-21;-3.1;-2;-0.3;2;-0.4
119;Q;E;0.03535353535353535;-101.9;131.7;14;-2.9;14;-1.8;-2;-0.5;-23;-0.2
120;D;P;0.26380368098159507;-57.4;164.7;-25;-2.7;13;-0.1;-2;-0.4;-26;-0.1
121;A;P;0.4339622641509434;-65.1;148.3;11;-0.1;2;-0.3;-28;-0.1;-1;-0.1
122;Y;E;0.0990990990990991;-153.0;170.6;8;-1.5;8;-3.3;-3;-0.1;2;-0.5
123;V;E;0.44366197183098594;-115.7;120.2;-33;-0.5;6;-0.2;-2;-0.3;5;-0.0
124;T;-;0.13380281690140844;-67.2;164.9;4;-2.6;3;-2.2;-2;-0.5;6;-0.0
125;P;T;0.8382352941176471;-59.1;-28.2;0;0.0;-1;-0.1;0;0.0;-2;-0.0
126;D;T;0.6196319018404908;-86.7;2.9;2;-0.1;-2;-0.1;1;-0.1;-3;-0.0
127;G;S;0.6309523809523809;96.6;2.2;-3;-2.2;2;-0.3;1;-0.3;-1;-0.1
128;R;P;0.625;-73.9;133.8;1;-0.1;-4;-2.6;-5;-0.0;2;-0.6
129;Q;E;0.6262626262626263;-85.3;119.9;-2;-0.3;-6;-0.2;-6;-0.2;-1;-0.1
130;M;E;0.25;-96.1;126.9;-8;-3.3;-8;-1.5;-2;-0.6;3;-0.1
131;P;P;0.6544117647058824;-76.3;161.3;0;0.0;2;-0.2;0;0.0;-12;-0.1
132;R;S;0.4596774193548387;-53.0;126.1;-11;-0.1;2;-0.3;-14;-0.1;-12;-0.2
133;A;E;0.22641509433962265;-152.5;159.5;-14;-1.8;-14;-2.9;-2;-0.2;2;-0.3
134;H;E;0.4782608695652174;-75.8;136.7;24;-0.3;24;-2.9;-2;-0.3;2;-0.3
135;D;E;0.012269938650306749;-113.9;153.3;-18;-2.5;-18;-2.2;-2;-0.3;2;-0.5
136;R;E;0.3548387096774194;-120.3;118.5;20;-3.1;20;-1.9;-2;-0.3;2;-0.4
137;L;E;0.006097560975609756;-99.6;140.7;-22;-3.2;-22;-2.8;-2;-0.5;2;-0.5
138;T;E;0.4084507042253521;-111.5;118.3;16;-2.7;16;-1.7;-2;-0.4;2;-0.4
139;L;E;0.018292682926829267;-121.1;137.8;-26;-3.0;-26;-2.5;-2;-0.5;2;-0.4
140;L;E;0.31097560975609756;-120.7;130.1;12;-2.7;11;-2.8;-2;-0.4;12;-1.5
141;A;E;0.0;-121.3;140.2;-30;-2.7;-30;-2.4;-2;-0.4;2;-0.4
142;V;E;0.2112676056338028;-127.4;137.1;7;-2.2;7;-1.4;-2;-0.4;2;-0.5
143;E;E;0.28865979381443296;-90.6;124.6;-34;-3.0;2;-0.4;-2;-0.4;5;-0.2
144;R;E;0.3790322580645161;-122.9;118.9;3;-2.4;3;-1.3;-2;-0.5;-2;-0.0
145;E;T;1.0;55.8;41.3;-2;-0.4;3;-0.1;1;-0.3;-1;-0.1
146;G;T;0.6428571428571429;86.9;-1.1;1;-0.2;2;-0.5;-37;-0.0;-1;-0.3
147;V;E;0.4507042253521127;-112.2;134.2;-3;-1.3;-3;-2.4;2;-0.0;2;-0.4
148;W;E;0.15418502202643172;-103.9;137.2;-2;-0.5;2;-0.3;-5;-0.2;-5;-0.2
149;R;E;0.2620967741935484;-152.2;162.4;-7;-1.4;-7;-2.2;-2;-0.4;2;-0.3
150;F;E;0.0;-71.3;135.0;-92;-4.0;-90;-2.5;-2;-0.3;-9;-0.3
151;I;E;0.14792899408284024;-105.6;-19.5;-11;-2.8;-87;-0.9;1;-0.4;2;-0.3
152;H;E;0.29891304347826086;-159.2;144.3;-12;-1.5;-12;-2.7;-89;-0.2;-1;-0.4
153;G;E;0.0;-136.7;140.3;-89;-1.4;-87;-2.4;-2;-0.3;2;-0.4
154;H;E;0.3804347826086957;-137.2;128.6;-16;-1.7;-16;-2.7;-2;-0.3;2;-0.4
155;N;E;0.044585987261146494;-119.3;139.2;-89;-2.3;2;-0.4;-2;-0.4;-85;-0.3
156;T;E;0.5;-136.7;133.7;-20;-1.9;-20;-3.1;-2;-0.4;2;-0.3
157;I;E;0.33136094674556216;-70.5;129.8;-2;-0.4;2;-0.7;-89;-0.4;-22;-0.3
158;V;-;0.2605633802816901;-77.1;115.4;-24;-2.9;-24;-0.3;-2;-0.3;3;-0.1
159;N;-;0.554140127388535;-73.7;106.3;-2;-0.7;4;-2.7;1;-0.2;5;-0.2
160;P;H;0.6176470588235294;-61.3;-32.6;0;0.0;4;-1.2;0;0.0;-1;-0.2
161;D;H;0.7239263803680982;-67.9;-42.7;1;-0.2;4;-0.3;2;-0.2;3;-0.3
162;A;H;0.5377358490566038;-70.6;-36.2;1;-0.2;3;-1.7;2;-0.2;-1;-0.2
163;A;H;0.39622641509433965;-59.7;-36.5;-4;-2.7;3;-1.6;1;-0.3;-1;-0.2
164;N;T;0.7261146496815286;-64.6;-16.0;-4;-1.2;-1;-0.3;-3;-0.3;-2;-0.2
165;N;T;0.6815286624203821;-107.6;15.9;-3;-1.7;-1;-0.3;-4;-0.3;-2;-0.2
166;D;-;0.4294478527607362;-59.4;114.8;-3;-1.6;3;-1.9;1;-0.2;4;-0.3
167;P;G;0.6985294117647058;-60.0;-26.6;0;0.0;3;-1.7;0;0.0;-1;-0.2
168;V;G;0.6619718309859155;-63.2;-24.5;1;-0.3;3;-1.4;2;-0.2;-2;-0.1
169;L;G;0.75;-63.5;-21.3;-3;-1.9;-1;-0.3;1;-0.3;-3;-0.0
170;R;G;0.6814516129032258;-104.9;2.9;-3;-1.7;2;-0.3;-4;-0.3;-1;-0.3
171;M;P;0.7446808510638298;-68.8;121.4;-3;-1.4;3;-0.1;-4;-0.1;-3;-0.0
172;K;P;0.8780487804878049;-77.0;123.8;-2;-0.3;-2;-0.1;1;-0.1;-1;-0.0
173;P;P;0.8897058823529411;-48.2;129.1;0;0.0;-1;-0.1;0;0.0;0;0.0
174;A;-;1.0;-49.7;360.0;-3;-0.1;-3;-0.0;0;0.0;0;0.0
