1;M;-;1.0;360.0;75.4;0;0.0;0;0.0;0;0.0;0;0.0
2;A;-;0.8773584905660378;70.2;106.5;1;-0.0;0;0.0;0;0.0;0;0.0
3;A;-;0.9433962264150944;81.4;112.7;2;-0.0;-1;-0.0;0;0.0;0;0.0
4;A;-;0.9150943396226415;150.6;103.2;0;0.0;2;-0.1;0;0.0;0;0.0
5;V;-;0.8873239436619719;25.0;119.3;2;-0.0;-2;-0.0;1;-0.0;0;0.0
6;V;-;0.6549295774647887;109.9;125.1;-2;-0.1;-1;-0.0;0;0.0;0;0.0
7;L;-;0.8658536585365854;94.3;123.4;0;0.0;-2;-0.0;0;0.0;0;0.0
8;A;-;0.7735849056603774;98.9;125.9;0;0.0;0;0.0;0;0.0;0;0.0
9;A;-;0.9716981132075472;131.9;115.9;0;0.0;0;0.0;0;0.0;0;0.0
10;G;-;0.7976190476190477;139.9;114.3;0;0.0;0;0.0;0;0.0;0;0.0
11;L;-;0.9573170731707317;87.1;115.3;0;0.0;0;0.0;0;0.0;0;0.0
12;R;-;0.9395161290322581;158.5;109.0;2;-0.0;0;0.0;0;0.0;0;0.0
13;A;-;0.9528301886792453;54.4;97.1;0;0.0;2;-0.0;0;0.0;0;0.0
14;A;-;0.8962264150943396;-151.0;86.8;2;-0.0;2;-0.6;0;0.0;-2;-0.0
15;R;-;1.0;-18.0;80.3;-2;-0.0;2;-0.5;3;-0.0;0;0.0
16;R;-;0.9233870967741935;-99.6;93.0;-2;-0.6;2;-0.1;3;-0.0;-2;-0.0
17;A;-;0.9056603773584906;4.3;74.7;-2;-0.5;2;-1.3;3;-0.0;0;0.0
18;V;-;1.0;-56.8;70.7;-2;-0.1;2;-0.7;3;-0.0;-1;-0.0
19;A;-;0.6509433962264151;-32.7;82.9;-2;-1.3;2;-0.4;3;-0.0;-3;-0.0
20;A;-;0.9528301886792453;6.7;54.2;-2;-0.7;2;-0.9;3;-0.0;-3;-0.0
21;T;-;0.8591549295774648;-71.9;76.2;-2;-0.4;-3;-0.0;3;-0.0;0;0.0
22;G;-;0.8095238095238095;38.8;57.1;-2;-0.9;2;-1.3;3;-0.0;-3;-0.0
23;V;-;0.9084507042253521;-64.7;68.4;2;-0.0;2;-2.1;3;-0.0;-3;-0.0
24;R;-;0.9637096774193549;-18.4;49.7;-2;-1.3;2;-1.6;3;-0.0;-3;-0.0
25;G;-;0.6904761904761905;-40.4;61.8;-2;-2.1;3;-0.1;3;-0.0;-2;-0.0
26;G;-;0.6547619047619048;9.2;74.4;-2;-1.6;2;-0.6;1;-0.1;-3;-0.0
27;Q;-;0.8131313131313131;0.6;57.7;0;0.0;2;-1.8;0;0.0;-1;-0.1
28;V;-;0.9929577464788732;-49.7;63.1;-2;-0.6;2;-0.6;-3;-0.1;3;-0.1
29;R;-;0.8830645161290323;-14.6;82.1;-2;-1.8;3;-0.1;1;-0.1;-3;-0.0
30;G;-;0.5952380952380952;148.9;70.0;-2;-0.6;2;-1.7;1;-0.2;-1;-0.1
31;A;-;1.0;-9.4;38.6;-3;-0.1;2;-1.0;3;-0.0;-1;-0.2
32;A;-;0.8962264150943396;-67.7;63.2;-2;-1.7;3;-0.2;-3;-0.1;-3;-0.0
33;G;-;0.6071428571428571;82.9;59.5;-2;-1.0;2;-1.7;1;-0.2;-1;-0.1
34;V;-;0.8450704225352113;-19.7;49.1;50;-0.0;2;-2.0;3;-0.0;-1;-0.2
35;T;-;0.5985915492957746;-37.7;56.9;-2;-1.7;3;-0.4;-3;-0.2;-3;-0.0
36;D;-;0.9202453987730062;-23.9;45.7;-2;-2.0;-1;-0.2;1;-0.1;3;-0.1
37;G;-;0.6428571428571429;-172.7;48.1;1;-0.1;4;-0.3;2;-0.1;-1;-0.1
38;N;S;0.3821656050955414;-141.3;-14.5;-3;-0.4;4;-2.3;3;-0.1;5;-0.2
39;E;H;0.15463917525773196;-80.9;-37.7;2;-0.2;4;-2.6;1;-0.2;5;-0.1
40;V;H;0.6549295774647887;-65.2;-47.8;2;-0.2;4;-1.8;1;-0.2;-1;-0.2
41;A;H;0.39622641509433965;-58.4;-46.1;-4;-0.3;4;-1.0;2;-0.2;-2;-0.2
42;K;H;0.33658536585365856;-61.0;-39.7;-4;-2.3;4;-0.9;1;-0.2;3;-0.4
43;A;H;0.009433962264150943;-63.8;-35.1;-4;-2.6;3;-0.6;1;-0.2;-1;-0.2
44;Q;H;0.45454545454545453;-68.9;-23.1;-4;-1.8;-1;-0.2;1;-0.3;-2;-0.2
45;Q;H;0.8131313131313131;-101.9;-12.5;-4;-1.0;-1;-0.3;-3;-0.4;-2;-0.2
46;A;-;0.20754716981132076;-75.0;133.3;-4;-0.9;99;-0.1;-3;-0.6;97;-0.1
47;T;-;0.7887323943661971;-103.9;129.9;-2;-0.2;2;-0.7;97;-0.1;99;-0.2
48;P;-;0.625;-67.0;87.6;0;0.0;3;-0.1;0;0.0;97;-0.0
49;G;-;0.4523809523809524;-90.9;45.1;-2;-0.7;3;-1.8;1;-0.3;2;-0.2
50;G;T;0.44047619047619047;42.3;-128.7;1;-0.2;-1;-0.3;2;-0.0;-3;-0.0
51;A;T;0.8018867924528302;-90.6;10.1;-2;-0.2;-1;-0.2;-3;-0.1;3;-0.1
52;A;P;0.5377358490566038;-63.9;137.5;-3;-1.8;-3;-0.1;1;-0.1;5;-0.1
53;P;P;0.8382352941176471;-51.9;126.3;0;0.0;2;-0.2;0;0.0;-1;-0.1
54;T;P;0.176056338028169;-98.4;168.5;-3;-0.1;4;-1.3;91;-0.1;3;-0.8
55;I;H;0.5266272189349113;-49.2;-34.9;1;-0.2;4;-1.2;2;-0.2;3;-0.2
56;F;H;0.07106598984771574;-68.7;-28.8;1;-0.2;4;-2.7;2;-0.2;-1;-0.2
57;S;H;0.23846153846153847;-60.9;-39.3;-3;-0.8;4;-2.1;1;-0.2;-1;-0.2
58;R;H;0.5241935483870968;-68.1;-31.7;-4;-1.3;6;-1.8;2;-0.2;5;-1.6
59;I;H;0.0650887573964497;-70.3;-43.3;-4;-1.2;3;-1.0;4;-0.2;-2;-0.2
60;L;H;0.24390243902439024;-61.6;-37.4;-4;-2.7;-2;-0.2;1;-0.3;-1;-0.2
61;D;T;0.6073619631901841;-92.1;5.0;-4;-2.1;-1;-0.3;-5;-0.1;-2;-0.2
62;K;T;0.5073170731707317;70.3;16.2;-3;-1.0;-3;-0.2;2;-0.2;-2;-0.1
63;S;S;0.5076923076923077;-79.0;-20.8;-5;-1.6;-4;-0.2;-6;-0.2;-5;-0.1
64;L;S;0.29878048780487804;-118.1;120.9;-6;-1.8;-2;-0.2;-9;-0.1;-1;-0.2
65;P;-;0.875;-67.8;141.7;0;0.0;2;-0.3;0;0.0;-6;-0.1
66;A;-;0.3490566037735849;-141.1;147.0;-7;-0.1;2;-1.3;-2;-0.0;14;-0.1
67;D;-;0.5521472392638037;-74.1;96.6;12;-0.3;12;-2.3;-2;-0.3;2;-0.4
68;I;E;0.38461538461538464;-87.8;129.8;-2;-1.3;10;-0.3;10;-0.2;3;-0.1
69;L;E;0.2865853658536585;-98.9;-36.1;8;-2.7;2;-0.3;1;-0.4;9;-0.2
70;Y;E;0.36486486486486486;-156.4;143.9;7;-1.4;7;-3.5;2;-0.0;-1;-0.4
71;E;E;0.4329896907216495;-151.2;131.6;-2;-0.3;2;-0.2;5;-0.2;5;-0.2
72;D;-;0.1901840490797546;-135.1;-164.9;3;-2.3;-2;-0.0;-2;-0.3;0;0.0
73;Q;S;0.9242424242424242;-68.4;-21.3;-2;-0.2;3;-0.1;1;-0.2;21;-0.0
74;Q;S;0.4090909090909091;-110.2;-23.2;1;-0.1;20;-2.8;20;-0.1;21;-0.6
75;C;E;0.0;-151.4;167.2;18;-0.3;-3;-2.3;19;-0.1;2;-0.3
76;L;E;0.0;-134.9;133.4;16;-2.3;16;-2.7;-2;-0.3;2;-0.4
77;V;E;0.0;-116.0;132.4;-7;-3.5;-8;-2.7;-2;-0.3;-7;-1.4
78;F;E;0.04060913705583756;-151.8;159.0;12;-1.9;12;-3.0;-2;-0.4;-10;-0.2
79;R;E;0.35080645161290325;-71.9;139.7;-12;-2.3;-12;-0.3;-2;-0.3;10;-0.3
80;D;-;0.13496932515337423;-70.2;140.0;8;-1.9;8;-0.1;-2;-0.1;-1;-0.1
81;V;S;1.0;-77.9;-20.9;1;-0.3;-1;-0.1;-2;-0.2;-2;-0.0
82;A;S;0.18867924528301888;-124.9;74.5;6;-0.0;-1;-0.3;-44;-0.0;-44;-0.1
83;P;-;0.5514705882352942;-65.0;145.0;0;0.0;5;-0.1;0;0.0;70;-0.1
84;Q;S;0.2777777777777778;-109.0;-0.8;-50;-0.1;69;-0.1;1;-0.1;4;-0.1
85;A;S;0.09433962264150944;-149.6;159.5;67;-0.1;70;-0.1;73;-0.0;-1;-0.1
86;P;S;0.6470588235294118;-49.9;-41.2;0;0.0;2;-0.5;0;0.0;69;-0.2
87;V;E;0.16901408450704225;-113.8;114.2;67;-2.6;67;-2.7;69;-0.0;2;-0.3
88;H;E;0.03260869565217391;-141.5;112.9;-2;-0.5;-8;-1.9;65;-0.2;2;-0.3
89;F;E;0.0;-137.7;163.9;63;-1.7;63;-2.5;-2;-0.3;2;-0.4
90;L;E;0.024390243902439025;-115.9;138.8;-12;-3.0;-12;-1.9;-2;-0.3;2;-0.5
91;V;E;0.0;-109.4;118.7;59;-2.0;59;-2.3;-2;-0.4;-14;-0.2
92;I;E;0.0;-126.2;145.2;-16;-2.7;-16;-2.3;-2;-0.5;2;-0.2
93;P;E;0.0;-76.3;145.4;0;0.0;-18;-0.3;0;0.0;4;-0.2
94;K;S;0.375609756097561;-69.8;-32.2;-20;-2.8;-19;-0.1;-2;-0.2;-20;-0.1
95;K;S;0.3853658536585366;-64.2;129.2;-21;-0.6;2;-1.8;1;-0.1;-21;-0.0
96;P;-;0.6323529411764706;-73.3;78.8;0;0.0;-1;-0.1;0;0.0;3;-0.1
97;I;-;0.03550295857988166;-97.4;114.0;-2;-1.8;51;-4.4;-4;-0.2;6;-0.1
98;P;-;0.10294117647058823;-64.1;-40.4;0;0.0;2;-0.3;0;0.0;-1;-0.1
99;R;-;0.1693548387096774;-157.9;168.0;47;-0.2;3;-1.5;48;-0.1;4;-0.2
100;I;G;0.33727810650887574;-66.3;-32.7;36;-0.4;3;-1.6;-2;-0.3;37;-0.1
101;S;G;0.5769230769230769;-67.5;-11.7;1;-0.3;-1;-0.3;-3;-0.0;36;-0.0
102;Q;G;0.42424242424242425;-105.0;-0.8;-3;-1.5;-1;-0.3;2;-0.1;-2;-0.2
103;A;-;0.22641509433962265;-64.0;141.0;-3;-1.6;2;-0.2;-4;-0.2;-3;-0.0
104;E;-;0.6185567010309279;-107.7;165.9;-2;-0.1;3;-2.6;1;-0.1;4;-0.2
105;E;G;0.9226804123711341;-54.6;-32.5;1;-0.3;3;-1.6;-2;-0.2;4;-0.2
106;E;G;0.7938144329896907;-68.2;-17.1;1;-0.3;3;-0.3;2;-0.1;-1;-0.3
107;D;G;0.03680981595092025;-87.8;3.6;-3;-2.6;4;-2.9;1;-0.2;-1;-0.3
108;Q;H;0.7525252525252525;-54.4;-51.2;-3;-1.6;4;-2.2;1;-0.2;-1;-0.2
109;Q;H;0.8383838383838383;-62.6;-40.2;-3;-0.3;4;-2.7;-4;-0.2;-1;-0.2
110;L;H;0.0975609756097561;-62.4;-47.0;-4;-0.3;4;-2.5;2;-0.2;-2;-0.2
111;L;H;0.2804878048780488;-61.8;-41.0;-4;-2.9;4;-1.7;1;-0.2;-2;-0.2
112;G;H;0.35714285714285715;-60.9;-45.2;-4;-2.2;4;-2.2;-5;-0.3;-1;-0.2
113;H;H;0.21195652173913043;-55.8;-45.5;-4;-2.7;4;-2.5;1;-0.2;-2;-0.2
114;L;H;0.012195121951219513;-58.8;-43.0;-4;-2.5;4;-2.2;1;-0.2;-1;-0.2
115;L;H;0.4817073170731707;-65.8;-38.7;-4;-1.7;4;-2.2;2;-0.2;-1;-0.2
116;L;H;0.5548780487804879;-71.3;-41.2;-4;-2.2;4;-2.7;2;-0.2;-2;-0.2
117;V;H;0.014084507042253521;-61.4;-42.4;-4;-2.5;4;-2.9;2;-0.2;5;-0.3
118;A;H;0.0;-55.6;-48.8;-4;-2.2;4;-2.5;-5;-0.2;-2;-0.2
119;K;H;0.5219512195121951;-57.7;-48.4;-4;-2.2;4;-2.1;2;-0.2;-2;-0.2
120;Q;H;0.5202020202020202;-63.0;-45.3;-4;-2.7;4;-2.1;1;-0.2;-2;-0.2
121;T;H;0.056338028169014086;-67.1;-40.6;-4;-2.9;4;-1.4;2;-0.2;-1;-0.2
122;A;H;0.0;-57.5;-44.8;-4;-2.5;5;-2.3;-5;-0.3;3;-0.2
123;K;H;0.848780487804878;-57.9;-43.2;-4;-2.1;3;-1.6;1;-0.2;-2;-0.2
124;A;H;0.7735849056603774;-67.6;-23.2;-4;-2.1;-1;-0.2;1;-0.3;-2;-0.2
125;E;T;0.27319587628865977;-95.3;4.9;-4;-1.4;-1;-0.3;-3;-0.2;-2;-0.2
126;G;T;0.7738095238095238;82.3;28.4;-3;-1.6;3;-0.3;-5;-0.1;-3;-0.2
127;L;-;0.042682926829268296;-97.8;41.3;-5;-2.3;3;-1.4;1;-0.2;-4;-0.1
128;G;T;0.9047619047619048;-65.1;-24.4;1;-0.3;-1;-0.2;-5;-0.2;3;-0.1
129;D;T;1.0;-88.0;-7.7;-3;-0.3;-1;-0.3;1;-0.3;2;-0.2
130;G;-;0.4880952380952381;136.6;156.0;-3;-1.4;25;-0.6;-8;-0.1;-1;-0.3
131;Y;E;0.36936936936936937;-158.1;164.0;-2;-0.2;2;-0.4;23;-0.1;23;-0.2
132;R;E;0.22983870967741934;-115.2;128.7;21;-2.3;21;-2.5;-2;-0.3;2;-0.5
133;L;E;0.39634146341463417;-95.9;129.2;-2;-0.4;2;-0.5;19;-0.2;19;-0.2
134;V;E;0.24647887323943662;-126.5;124.6;17;-2.3;17;-3.4;-2;-0.5;2;-0.5
135;I;-;0.40828402366863903;-117.5;113.1;-2;-0.5;2;-0.3;15;-0.2;15;-0.1
136;N;-;0.21019108280254778;-90.4;139.7;-2;-0.5;-36;-0.4;13;-0.5;2;-0.4
137;D;-;0.3006134969325153;-132.6;119.1;-2;-0.3;4;-0.4;1;-0.1;3;-0.1
138;G;S;0.05952380952380952;81.2;173.4;-2;-0.4;5;-2.0;3;-0.2;3;-0.5
139;K;G;0.5024390243902439;-59.8;-43.0;1;-0.2;3;-1.6;3;-0.2;-1;-0.2
140;L;G;1.0;-79.0;-15.3;1;-0.3;-1;-0.2;2;-0.1;-2;-0.2
141;G;G;0.30952380952380953;-90.7;6.5;-3;-0.5;-1;-0.3;-4;-0.4;-2;-0.2
142;A;T;0.19811320754716982;62.6;35.5;-3;-1.6;2;-0.6;1;-0.2;-3;-0.2
143;Q;-;0.005050505050505051;-77.7;121.3;-5;-2.0;-1;-0.2;1;-0.2;-97;-0.2
144;S;-;0.15384615384615385;-107.4;-19.0;-2;-0.6;2;-0.4;1;-0.2;-1;-0.2
145;V;S;0.176056338028169;-128.2;124.7;2;-0.1;2;-1.7;-99;-0.1;-1;-0.2
146;Y;S;0.08558558558558559;-90.4;63.2;-2;-0.4;2;-0.3;-99;-0.2;-47;-0.2
147;H;S;0.03804347826086957;-139.5;107.8;-2;-1.7;-48;-0.1;-94;-0.0;-2;-0.1
148;L;-;0.012195121951219513;-39.0;124.3;-51;-4.4;2;-0.3;-2;-0.3;-51;-0.1
149;H;-;0.021739130434782608;-149.2;146.6;-13;-0.3;2;-0.5;-57;-0.2;-13;-0.5
150;I;E;0.023668639053254437;-104.1;120.8;-59;-2.3;-59;-2.0;-2;-0.3;2;-0.5
151;H;E;0.05434782608695652;-80.6;132.2;-17;-3.4;-17;-2.3;-2;-0.5;2;-0.5
152;V;E;0.0;-114.6;113.4;-63;-2.5;-63;-1.7;-2;-0.5;2;-0.4
153;L;E;0.13414634146341464;-113.9;127.8;-21;-2.5;-21;-2.3;-2;-0.5;2;-0.3
154;G;E;0.0;-165.8;-171.9;-67;-2.7;-67;-2.6;-2;-0.4;-23;-0.1
155;G;S;0.5595238095238095;94.9;1.5;-25;-0.6;2;-0.2;-2;-0.3;-1;-0.1
156;R;S;0.5241935483870968;-160.3;164.4;-26;-0.2;2;-0.5;-69;-0.1;-1;-0.2
157;Q;-;0.797979797979798;-63.2;114.1;-2;-0.2;2;-0.3;-3;-0.1;-3;-0.1
158;L;-;0.15853658536585366;-82.0;138.6;-2;-0.5;2;-0.1;-5;-0.1;-73;-0.0
159;Q;-;0.6565656565656566;-88.6;156.5;-2;-0.3;-1;-0.1;2;-0.1;0;0.0
160;W;S;0.9251101321585903;-120.4;129.1;-2;-0.1;0;0.0;2;-0.1;0;0.0
161;P;S;0.7279411764705882;-87.3;145.3;0;0.0;-2;-0.1;0;0.0;-1;-0.0
162;P;-;0.4632352941176471;-79.5;16.2;0;0.0;-2;-0.1;0;0.0;-3;-0.1
163;G;-;1.0;-161.2;360.0;0;0.0;-21;-0.0;0;0.0;-22;-0.0
