1;M;-;1.0;360.0;59.4;0;0.0;2;-0.2;0;0.0;3;-0.0
2;D;-;0.9877300613496932;-15.2;85.3;1;-0.1;2;-0.6;3;-0.0;0;0.0
3;L;-;1.0;-19.9;61.5;-2;-0.2;2;-1.1;3;-0.0;-1;-0.1
4;L;-;0.9512195121951219;-24.3;63.8;-2;-0.6;2;-1.3;-3;-0.0;-1;-0.0
5;S;-;0.7461538461538462;-36.5;45.0;-2;-1.1;2;-1.2;2;-0.0;-3;-0.0
6;C;-;0.6518518518518519;-45.0;74.3;-2;-1.3;2;-2.1;2;-0.0;-2;-0.0
7;T;-;0.9154929577464789;-20.6;42.2;-2;-1.2;2;-0.7;3;-0.0;-2;-0.0
8;V;-;0.4014084507042254;-47.3;111.0;-2;-2.1;2;-0.1;4;-0.0;-2;-0.0
9;N;-;0.6815286624203821;-47.2;132.7;-2;-0.7;4;-1.8;1;-0.1;3;-0.5
10;D;H;0.44171779141104295;-43.2;-35.1;1;-0.2;4;-2.6;2;-0.2;5;-0.1
11;A;H;0.5849056603773585;-68.0;-37.6;2;-0.2;4;-2.2;1;-0.2;-1;-0.2
12;E;H;0.6185567010309279;-69.1;-38.1;-3;-0.5;4;-2.2;2;-0.2;-2;-0.2
13;I;H;0.023668639053254437;-65.4;-42.2;-4;-1.8;4;-2.9;2;-0.2;5;-0.3
14;F;H;0.19796954314720813;-57.7;-50.2;-4;-2.6;4;-2.4;1;-0.2;-2;-0.2
15;S;H;0.6;-62.4;-36.0;-4;-2.2;4;-2.0;2;-0.2;-1;-0.2
16;L;H;0.42073170731707316;-69.7;-47.4;-4;-2.2;4;-2.0;2;-0.2;-2;-0.2
17;V;H;0.0;-61.0;-48.2;-4;-2.9;4;-2.6;1;-0.2;5;-0.2
18;K;H;0.34146341463414637;-54.1;-48.8;-4;-2.4;4;-2.2;-5;-0.3;-2;-0.2
19;K;H;0.7463414634146341;-58.5;-41.9;-4;-2.0;4;-1.4;1;-0.2;-1;-0.2
20;E;H;0.13917525773195877;-67.6;-46.2;-4;-2.0;4;-0.5;2;-0.2;-2;-0.2
21;V;H;0.0;-65.6;-38.8;-4;-2.6;3;-0.9;1;-0.2;-1;-0.2
22;L;H;0.5121951219512195;-72.3;-23.2;-4;-2.2;-1;-0.2;1;-0.3;-2;-0.2
23;S;H;0.5461538461538461;-80.5;-11.3;-4;-1.4;-1;-0.3;-5;-0.2;-2;-0.2
24;L;S;0.18292682926829268;-66.4;143.4;-3;-0.9;6;-0.1;-4;-0.5;-3;-0.0
25;N;-;0.7133757961783439;-60.3;161.5;4;-0.1;3;-1.1;1;-0.1;46;-0.3
26;T;T;0.5563380281690141;-56.8;-34.5;1;-0.3;45;-0.1;44;-0.1;-1;-0.1
27;N;T;0.6560509554140127;-109.2;6.2;43;-0.1;-1;-0.3;2;-0.1;2;-0.2
28;D;-;0.4723926380368098;-95.5;139.4;-3;-1.1;43;-0.5;43;-0.0;2;-0.3
29;Y;-;0.5405405405405406;-110.7;163.9;-2;-0.2;2;-0.3;41;-0.1;41;-0.2
30;T;B;0.04225352112676056;-132.6;155.0;39;-2.4;39;-2.8;-2;-0.3;2;-0.3
31;T;-;0.14084507042253522;-115.9;158.2;-2;-0.3;4;-2.0;37;-0.2;5;-0.2
32;A;H;0.12264150943396226;-57.3;-34.9;35;-0.4;4;-2.1;-2;-0.3;5;-0.1
33;I;H;0.5384615384615384;-71.9;-44.9;2;-0.2;4;-2.5;1;-0.2;-1;-0.2
34;S;H;0.35384615384615387;-57.8;-39.2;1;-0.2;4;-1.9;2;-0.2;-1;-0.2
35;L;H;0.0;-70.5;-40.9;-4;-2.0;4;-3.3;2;-0.2;5;-0.3
36;S;H;0.14615384615384616;-59.1;-46.9;-4;-2.1;4;-1.6;2;-0.2;5;-1.0
37;N;H;0.6242038216560509;-63.0;-36.7;-4;-2.5;-2;-0.2;1;-0.2;-1;-0.2
38;R;H;0.657258064516129;-75.3;-43.6;-4;-1.9;-2;-0.2;-5;-0.2;-1;-0.2
39;L;H;0.2073170731707317;-95.0;-6.0;-4;-3.3;-1;-0.2;2;-0.1;-2;-0.2
40;K;T;0.8829268292682927;53.0;39.4;-4;-1.6;2;-0.3;-5;-0.3;-3;-0.2
41;I;-;0.17159763313609466;-114.3;154.9;-5;-1.0;-1;-0.2;-6;-0.2;-2;-0.1
42;N;-;0.6496815286624203;-58.7;132.7;-2;-0.3;4;-1.9;1;-0.1;3;-0.4
43;K;H;0.5414634146341464;-56.8;-39.6;1;-0.2;4;-3.3;2;-0.2;5;-0.2
44;K;H;0.697560975609756;-60.6;-41.7;1;-0.2;4;-2.2;2;-0.2;-1;-0.2
45;K;H;0.424390243902439;-68.4;-39.5;-3;-0.4;4;-2.0;2;-0.2;-1;-0.2
46;I;H;0.0;-63.0;-46.3;-4;-1.9;4;-2.7;2;-0.2;-2;-0.2
47;N;H;0.3184713375796178;-60.7;-38.4;-4;-3.3;4;-1.8;1;-0.2;-2;-0.2
48;Q;H;0.4494949494949495;-60.9;-41.2;-4;-2.2;4;-1.7;1;-0.2;-1;-0.2
49;Q;H;0.005050505050505051;-69.9;-36.6;-4;-2.0;4;-2.3;1;-0.2;-2;-0.2
50;L;H;0.0;-63.3;-39.4;-4;-2.7;4;-1.8;1;-0.2;-1;-0.2
51;Y;H;0.4369369369369369;-72.2;-37.2;-4;-1.8;4;-1.6;2;-0.2;-1;-0.2
52;K;H;0.47317073170731705;-59.3;-41.0;-4;-1.7;4;-1.0;2;-0.2;-2;-0.2
53;L;H;0.0;-65.2;-37.0;-4;-2.3;5;-2.4;1;-0.2;6;-0.6
54;Q;H;0.32323232323232326;-61.1;-41.0;-4;-1.8;3;-1.6;1;-0.2;-1;-0.2
55;K;H;0.926829268292683;-62.9;-29.8;-4;-1.6;-1;-0.2;1;-0.3;-2;-0.2
56;E;T;0.5412371134020618;-84.1;2.0;-4;-1.0;-1;-0.3;-5;-0.1;-2;-0.2
57;D;T;0.4049079754601227;65.7;25.3;-3;-1.6;-3;-0.2;-4;-0.2;-2;-0.1
58;T;S;0.14788732394366197;-84.0;-36.4;-5;-2.4;14;-3.6;1;-0.2;2;-0.3
59;V;E;0.02112676056338028;-129.3;145.7;-6;-0.6;2;-0.4;12;-0.3;12;-0.2
60;K;E;0.4634146341463415;-107.9;128.3;10;-2.5;10;-3.2;-2;-0.3;2;-0.5
61;M;E;0.28191489361702127;-99.4;131.3;-2;-0.4;8;-0.2;8;-0.2;-2;-0.0
62;V;E;0.3732394366197183;-107.9;118.6;6;-2.6;6;-2.1;-2;-0.5;2;-0.4
63;P;-;0.8455882352941176;-59.0;102.2;0;0.0;2;-0.2;0;0.0;-2;-0.0
64;S;-;0.3769230769230769;-133.4;170.9;-2;-0.4;-3;-0.0;0;0.0;0;0.0
65;N;S;1.0;-104.3;85.1;1;-0.3;3;-0.0;-2;-0.2;0;0.0
66;P;S;0.5808823529411765;-83.4;156.1;0;0.0;-1;-0.3;0;0.0;0;0.0
67;P;-;0.3382352941176471;-56.8;140.5;0;0.0;2;-0.5;0;0.0;-35;-0.4
68;K;E;0.33658536585365856;-104.4;129.0;-6;-2.1;-6;-2.6;-37;-0.1;2;-0.5
69;W;E;0.004405286343612335;-108.3;124.0;-39;-2.8;-39;-2.4;-2;-0.5;2;-0.3
70;F;E;0.27411167512690354;-114.6;143.0;-10;-3.2;-10;-2.5;-2;-0.5;2;-0.3
71;K;E;0.2048780487804878;-67.2;118.0;-43;-0.5;2;-0.3;-2;-0.3;-12;-0.3
72;N;-;0.21019108280254778;-62.5;120.4;-14;-3.6;2;-0.5;-2;-0.3;-1;-0.0
73;Y;-;0.3963963963963964;-77.3;112.8;-2;-0.3;2;-2.3;-47;-0.1;-14;-0.0
74;N;-;0.9171974522292994;-25.6;43.1;-2;-0.5;2;-2.2;3;-0.0;-16;-0.0
75;C;-;0.31851851851851853;-44.9;55.8;-2;-2.3;3;-0.1;0;0.0;-3;-0.0
76;D;-;0.7116564417177914;23.9;45.5;-2;-2.2;3;-0.5;1;-0.3;-3;-0.0
77;N;-;0.5987261146496815;-32.8;22.3;1;-0.1;-1;-0.3;3;-0.0;3;-0.1
78;G;-;0.47619047619047616;-125.1;42.1;1;-0.1;2;-0.8;-3;-0.1;-1;-0.1
79;E;-;0.5618556701030928;-133.3;53.3;-3;-0.5;2;-2.9;2;-0.1;4;-0.1
80;K;-;0.9951219512195122;0.0;33.9;-2;-0.8;2;-2.0;-3;-0.1;-3;-0.0
81;H;-;0.6195652173913043;-47.4;57.9;-2;-2.9;2;-0.7;2;-0.1;-2;-0.1
82;D;-;0.8895705521472392;-21.1;32.2;-2;-2.0;2;-2.0;2;-0.1;-2;-0.1
83;S;-;0.43846153846153846;-56.9;59.2;-2;-0.7;2;-1.7;-4;-0.1;-2;-0.1
84;K;-;0.7951219512195122;-13.3;51.7;-2;-2.0;2;-1.5;2;-0.0;-2;-0.1
85;L;-;0.5792682926829268;-39.1;74.9;-2;-1.7;2;-1.4;71;-0.1;-2;-0.0
86;E;-;0.7783505154639175;-40.9;62.9;-2;-1.5;2;-0.5;2;-0.1;-2;-0.0
87;Q;-;0.7070707070707071;-99.2;77.7;-2;-1.4;2;-2.3;2;-0.1;-2;-0.1
88;K;-;0.9121951219512195;7.4;51.7;-2;-0.5;2;-0.6;2;-0.1;-2;-0.1
89;N;-;0.8726114649681529;-120.7;60.6;-2;-2.3;2;-0.4;2;-0.0;-2;-0.1
90;H;-;0.907608695652174;-3.2;72.3;-2;-0.6;-2;-0.1;3;-0.0;3;-0.0
91;I;-;0.20118343195266272;-58.5;106.0;-2;-0.4;4;-0.1;61;-0.0;-2;-0.0
92;P;-;0.5735294117647058;-42.1;114.7;0;0.0;-3;-0.0;0;0.0;0;0.0
93;N;S;0.910828025477707;-33.6;10.6;1;-0.1;2;-0.5;2;-0.1;-2;-0.0
94;H;-;0.6793478260869565;-145.9;51.3;1;-0.2;-1;-0.1;2;-0.1;83;-0.1
95;I;S;0.1893491124260355;-63.7;-35.6;-2;-0.5;-1;-0.2;-4;-0.1;-2;-0.1
96;F;S;0.13705583756345177;-136.6;-13.0;81;-0.1;3;-0.1;2;-0.1;-2;-0.1
97;S;-;0.5076923076923077;38.7;45.1;1;-0.1;2;-0.1;80;-0.1;84;-0.1
98;D;-;0.1411042944785276;-82.0;148.4;79;-0.1;84;-2.8;1;-0.0;2;-0.6
99;T;E;0.5;-100.2;119.7;82;-0.2;84;-0.2;-2;-0.1;82;-0.0
100;V;E;0.0;-120.0;132.3;82;-2.5;84;-2.3;-2;-0.6;2;-0.0
101;P;E;0.33088235294117646;-63.5;143.4;0;0.0;4;-1.4;0;0.0;3;-0.7
102;Y;H;0.49099099099099097;-58.3;-33.9;82;-2.8;4;-2.1;1;-0.2;5;-0.3
103;K;H;0.8780487804878049;-59.0;-39.7;81;-0.3;4;-1.6;1;-0.2;-1;-0.2
104;K;H;0.3170731707317073;-70.3;-38.1;-3;-0.7;4;-2.1;2;-0.2;-1;-0.2
105;I;H;0.20118343195266272;-63.5;-42.9;-4;-1.4;4;-0.9;1;-0.2;-2;-0.2
106;I;H;0.48520710059171596;-68.4;-36.6;-4;-2.1;4;-0.4;1;-0.2;3;-0.4
107;N;H;0.4713375796178344;-67.4;-33.0;-4;-1.6;3;-0.6;-5;-0.3;-1;-0.2
108;W;H;0.04405286343612335;-79.5;-21.0;-4;-2.1;3;-1.6;1;-0.2;-1;-0.2
109;K;T;0.8731707317073171;-59.6;-32.1;-4;-0.9;-1;-0.2;-3;-0.4;-2;-0.1
110;D;T;0.9325153374233128;-111.1;16.3;-3;-0.6;-1;-0.3;-4;-0.4;2;-0.2
111;K;S;0.36097560975609755;-108.7;162.1;-3;-1.6;-3;-0.0;-4;-0.1;-4;-0.0
112;N;-;0.3503184713375796;-60.8;130.8;-2;-0.2;4;-2.4;1;-0.1;3;-0.5
113;P;H;0.09558823529411764;-59.4;-33.9;0;0.0;4;-2.9;0;0.0;5;-0.2
114;C;H;0.23703703703703705;-64.8;-40.9;2;-0.2;4;-2.0;1;-0.2;5;-0.1
115;I;H;0.514792899408284;-64.7;-44.9;-3;-0.5;4;-2.5;2;-0.2;-1;-0.2
116;V;H;0.056338028169014086;-60.4;-46.0;-4;-2.4;4;-3.0;1;-0.2;-2;-0.2
117;L;H;0.0;-55.5;-46.2;-4;-2.9;4;-2.3;1;-0.2;-1;-0.2
118;N;H;0.4585987261146497;-59.6;-48.7;-4;-2.0;4;-2.2;2;-0.2;-2;-0.2
119;E;H;0.23195876288659795;-59.8;-45.5;-4;-2.5;4;-2.5;1;-0.2;-1;-0.2
120;Y;H;0.0045045045045045045;-57.3;-49.5;-4;-3.0;4;-2.2;2;-0.2;-1;-0.2
121;C;H;0.007407407407407408;-66.6;-31.7;-4;-2.3;5;-3.2;1;-0.2;4;-0.5
122;Q;H;0.7272727272727273;-69.5;-41.8;-4;-2.2;3;-0.5;3;-0.2;-1;-0.2
123;F;H;0.39086294416243655;-64.0;-36.5;-4;-2.5;-2;-0.2;1;-0.2;-1;-0.2
124;T;T;0.176056338028169;-97.4;-1.0;-4;-2.2;-1;-0.2;-5;-0.2;-2;-0.2
125;C;T;0.8592592592592593;59.8;50.1;-4;-0.5;2;-0.4;-3;-0.5;-3;-0.2
126;R;-;0.20161290322580644;-118.6;146.3;-5;-3.2;2;-0.3;-6;-0.1;-1;-0.2
127;D;-;0.6871165644171779;-83.2;139.0;-2;-0.4;23;-2.9;-5;-0.0;2;-0.3
128;W;E;0.32599118942731276;-140.8;151.8;-2;-0.3;2;-0.3;21;-0.2;21;-0.2
129;S;E;0.4307692307692308;-147.1;156.5;19;-2.5;19;-3.4;-2;-0.3;2;-0.5
130;I;E;0.22485207100591717;-116.5;122.8;-2;-0.3;2;-0.5;17;-0.2;17;-0.2
131;D;E;0.48466257668711654;-95.8;129.3;15;-3.1;15;-2.8;-2;-0.5;2;-0.5
132;I;E;0.30177514792899407;-121.5;128.3;-2;-0.5;2;-0.4;13;-0.2;13;-0.2
133;T;E;0.647887323943662;-116.4;134.7;11;-3.0;11;-3.1;-2;-0.5;2;-0.5
134;T;E;0.5633802816901409;-102.2;126.4;-2;-0.4;2;-0.3;9;-0.2;9;-0.2
135;S;E;0.36153846153846153;-134.9;165.0;7;-3.3;7;-3.9;-2;-0.5;2;-0.1
136;G;E;0.7976190476190477;105.4;177.9;-2;-0.3;2;-0.0;5;-0.2;-2;-0.0
137;K;E;0.7121951219512195;-72.2;146.7;3;-0.6;3;-1.3;1;-0.1;-2;-0.1
138;S;T;0.9230769230769231;-45.6;-28.0;1;-0.2;-1;-0.1;2;-0.1;-3;-0.0
139;H;T;0.5597826086956522;-101.4;-11.2;1;-0.3;-1;-0.2;0;0.0;-3;-0.0
140;C;E;0.4148148148148148;-140.5;66.0;-3;-1.3;-3;-0.6;2;-0.0;-1;-0.3
141;P;E;0.2867647058823529;-69.3;140.7;0;0.0;2;-0.5;0;0.0;-5;-0.2
142;M;E;0.4521276595744681;-109.0;126.3;-7;-3.9;-7;-3.3;-2;-0.1;2;-0.5
143;F;E;0.1116751269035533;-108.6;128.3;16;-3.2;16;-2.5;-2;-0.5;2;-0.6
144;T;E;0.21830985915492956;-111.7;120.8;-11;-3.1;-11;-3.0;-2;-0.5;2;-0.4
145;A;E;0.0;-112.0;140.6;12;-3.9;12;-3.1;-2;-0.6;2;-0.4
146;T;E;0.18309859154929578;-131.6;125.3;-15;-2.8;-15;-3.1;-2;-0.4;2;-0.4
147;V;E;0.0;-89.1;131.7;8;-0.4;7;-3.0;-2;-0.4;2;-0.5
148;I;E;0.1242603550295858;-120.0;119.6;-19;-3.4;-19;-2.5;-2;-0.4;2;-0.5
149;I;E;0.0;-121.5;118.4;3;-2.5;3;-2.1;-2;-0.5;-21;-0.2
150;S;T;0.4;52.0;36.4;-23;-2.9;-1;-0.1;-2;-0.5;-22;-0.1
151;G;T;0.75;91.2;-4.6;1;-0.2;2;-0.6;-24;-0.2;-1;-0.3
152;I;E;0.35502958579881655;-95.8;126.4;-3;-2.1;-3;-2.5;-61;-0.0;2;-0.5
153;K;E;0.6829268292682927;-93.5;128.4;-2;-0.6;-5;-0.2;-5;-0.2;2;-0.1
154;F;-;0.030456852791878174;-94.3;178.5;-7;-3.0;19;-0.1;-2;-0.5;15;-0.0
155;K;-;0.5951219512195122;-63.1;133.2;-2;-0.1;-8;-0.4;-9;-0.1;-1;-0.2
156;P;-;0.36764705882352944;-72.6;153.2;0;0.0;2;-0.3;0;0.0;-10;-0.2
157;A;E;0.05660377358490566;-133.1;150.8;-12;-3.1;-12;-3.9;-2;-0.1;2;-0.3
158;I;E;0.3668639053254438;-109.0;150.3;-2;-0.3;2;-0.3;-14;-0.2;-14;-0.2
159;G;E;0.023809523809523808;-153.4;158.3;-16;-2.5;-16;-3.2;-2;-0.3;3;-0.0
160;N;S;0.4840764331210191;-80.7;-17.6;-2;-0.3;2;-0.3;-18;-0.2;-16;-0.1
161;T;S;0.4154929577464789;-129.1;158.9;-18;-0.1;4;-2.5;1;-0.1;5;-0.2
162;K;H;0.5560975609756098;-59.8;-39.6;-2;-0.3;4;-2.2;2;-0.2;5;-0.2
163;R;H;0.8225806451612904;-64.2;-45.1;1;-0.2;4;-2.4;2;-0.2;-1;-0.2
164;E;H;0.4072164948453608;-64.7;-44.2;2;-0.2;4;-2.8;1;-0.2;5;-0.2
165;A;H;0.0;-60.0;-42.3;-4;-2.5;4;-2.6;2;-0.2;-20;-0.2
166;K;H;0.40487804878048783;-63.6;-45.6;-4;-2.2;4;-2.7;2;-0.2;5;-0.2
167;Y;H;0.4369369369369369;-56.3;-50.5;-4;-2.4;4;-2.4;1;-0.2;-2;-0.2
168;N;H;0.2929936305732484;-62.7;-46.3;-4;-2.8;4;-2.4;1;-0.2;-2;-0.2
169;A;H;0.0;-61.1;-43.6;-4;-2.6;4;-2.3;-5;-0.2;-1;-0.2
170;S;H;0.0;-64.0;-39.7;-4;-2.7;4;-2.7;1;-0.2;5;-0.2
171;K;H;0.4926829268292683;-62.4;-52.3;-4;-2.4;4;-2.5;-5;-0.2;-1;-0.2
172;I;H;0.34911242603550297;-57.7;-44.7;-4;-2.4;4;-2.0;1;-0.2;-1;-0.2
173;T;H;0.0;-61.8;-48.0;-4;-2.3;4;-2.5;1;-0.2;-2;-0.2
174;M;H;0.03723404255319149;-66.3;-37.2;-4;-2.7;4;-3.2;2;-0.2;5;-0.2
175;D;H;0.50920245398773;-60.0;-39.6;-4;-2.5;4;-1.2;-5;-0.2;-1;-0.2
176;E;H;0.2268041237113402;-71.1;-40.7;-4;-2.0;4;-0.8;2;-0.2;-2;-0.2
177;I;H;0.03550295857988166;-67.4;-43.9;-4;-2.5;3;-1.1;1;-0.2;4;-0.8
178;L;H;0.3170731707317073;-68.5;-26.4;-4;-3.2;3;-0.3;1;-0.3;-1;-0.2
179;D;H;0.8588957055214724;-69.5;-21.4;-4;-1.2;-1;-0.3;-5;-0.2;-2;-0.2
180;S;H;0.33076923076923076;-110.7;0.5;-3;-1.1;-1;-0.2;-4;-0.8;-2;-0.2
181;V;P;0.13380281690140844;-89.1;150.6;-4;-0.8;2;-0.6;-3;-0.3;-82;-0.2
182;I;E;0.5562130177514792;-90.2;120.3;-84;-2.8;-82;-2.5;-2;-0.1;2;-0.5
183;I;E;0.4319526627218935;-88.8;124.6;-2;-0.6;2;-0.5;-84;-0.2;-84;-0.1
184;K;E;0.6731707317073171;-100.8;123.3;-84;-2.3;-82;-2.8;-2;-0.5;-81;-0.3
185;F;-;0.9847715736040609;-93.8;360.0;-2;-0.5;0;0.0;-84;-0.2;0;0.0
