1;M;-;1.0;360.0;132.7;0;0.0;2;-0.0;0;0.0;4;-0.0
2;A;-;0.5283018867924528;-53.5;131.1;1;-0.1;3;-0.1;2;-0.0;106;-0.0
3;K;S;0.44878048780487806;-69.3;-42.9;1;-0.2;2;-0.8;2;-0.1;-1;-0.1
4;I;-;0.011834319526627219;-104.6;103.7;1;-0.1;-1;-0.2;101;-0.1;3;-0.1
5;T;-;0.676056338028169;-117.5;-6.9;-2;-0.8;2;-0.3;-3;-0.1;-1;-0.1
6;K;S;0.6780487804878049;-147.3;176.5;21;-0.1;2;-0.3;26;-0.0;21;-0.1
7;V;-;0.4154929577464789;-67.5;129.7;-2;-0.3;2;-0.3;21;-0.1;21;-0.2
8;Q;E;0.14646464646464646;-127.6;149.7;19;-2.9;19;-2.3;-2;-0.3;2;-0.4
9;V;E;0.6901408450704225;-124.7;134.1;-2;-0.3;2;-0.3;136;-0.3;17;-0.2
10;G;E;0.03571428571428571;-132.2;156.2;15;-2.1;15;-3.0;-2;-0.4;2;-0.3
11;E;E;0.3556701030927835;-143.2;144.0;-2;-0.3;2;-0.3;13;-0.2;13;-0.2
12;A;E;0.0;-154.2;142.8;11;-1.8;11;-2.9;-2;-0.3;2;-0.5
13;L;E;0.6097560975609756;-118.7;116.4;-2;-0.3;2;-0.4;9;-0.2;9;-0.2
14;V;E;0.16901408450704225;-129.1;139.8;7;-2.3;7;-2.9;-2;-0.5;2;-0.2
15;G;-;0.36904761904761907;103.7;-177.5;-2;-0.4;2;-0.3;5;-0.2;5;-0.2
16;D;-;0.588957055214724;-141.3;170.6;-2;-0.2;3;-1.0;4;-0.0;117;-0.1
17;G;G;0.6309523809523809;62.5;-153.0;-2;-0.3;3;-1.3;1;-0.2;104;-0.1
18;N;G;0.34394904458598724;-77.1;-5.3;1;-0.2;103;-0.7;105;-0.1;106;-0.3
19;E;G;0.13402061855670103;-100.6;2.6;-3;-1.0;-1;-0.2;101;-0.1;-2;-0.2
20;V;-;0.19718309859154928;-52.2;136.6;-3;-1.3;101;-0.5;-5;-0.2;2;-0.5
21;A;E;0.0;-108.5;127.7;-7;-2.9;-7;-2.3;112;-0.1;2;-0.5
22;H;E;0.29347826086956524;-119.7;115.8;97;-0.7;97;-1.3;-2;-0.5;2;-0.4
23;I;E;0.0;-114.2;125.1;-11;-2.9;-11;-1.8;-2;-0.5;2;-0.5
24;D;E;0.4110429447852761;-104.9;124.5;93;-1.3;93;-3.3;-2;-0.4;2;-0.4
25;L;E;0.006097560975609756;-127.6;135.8;-15;-3.0;-15;-2.1;-2;-0.5;2;-0.4
26;I;E;0.3609467455621302;-114.3;135.6;89;-2.2;89;-2.8;-2;-0.4;2;-0.4
27;I;E;0.0;-133.7;135.1;-19;-2.3;-19;-2.9;-2;-0.4;87;-0.2
28;G;E;0.0;-161.3;164.3;85;-2.1;85;-2.8;-2;-0.4;-21;-0.1
29;P;E;0.20588235294117646;-81.4;158.9;0;0.0;3;-1.7;0;0.0;6;-0.5
30;R;T;0.5120967741935484;-44.6;141.5;81;-2.2;81;-0.1;1;-0.2;82;-0.0
31;G;T;0.7738095238095238;84.2;-2.1;1;-0.3;-1;-0.2;-3;-0.1;0;0.0
32;S;S;0.08461538461538462;-95.3;165.1;-3;-1.7;4;-1.9;1;-0.1;3;-0.5
33;P;H;0.7279411764705882;-55.1;-23.8;0;0.0;4;-2.6;0;0.0;5;-0.2
34;A;H;0.018867924528301886;-62.1;-44.8;-5;-0.2;4;-2.3;2;-0.2;5;-0.1
35;E;H;0.18041237113402062;-63.0;-46.2;-6;-0.5;4;-2.6;-3;-0.5;5;-0.2
36;T;H;0.5704225352112676;-56.3;-46.0;-4;-1.9;4;-2.3;1;-0.2;5;-0.2
37;A;H;0.36792452830188677;-62.6;-44.0;-4;-2.6;4;-2.8;2;-0.2;5;-0.2
38;F;H;0.07614213197969544;-54.6;-51.0;-4;-2.3;4;-2.6;2;-0.2;-2;-0.2
39;C;H;0.45925925925925926;-64.1;-43.1;-4;-2.6;4;-1.0;1;-0.2;-2;-0.2
40;N;H;0.6560509554140127;-67.6;-42.7;-4;-2.3;3;-0.3;-5;-0.2;-1;-0.2
41;G;H;0.20238095238095238;-68.2;-40.3;-4;-2.8;3;-1.6;-5;-0.2;-2;-0.2
42;L;H;0.34146341463414637;-62.7;-28.5;-4;-2.6;-1;-0.2;1;-0.3;-2;-0.2
43;V;T;0.8309859154929577;-106.5;6.4;-4;-1.0;2;-0.4;-3;-0.3;-1;-0.3
44;N;-;0.554140127388535;-117.2;70.1;-3;-1.6;2;-0.2;-4;-0.2;-1;-0.2
45;N;-;0.5477707006369427;-85.1;140.3;-2;-0.4;2;-0.3;-3;-0.1;5;-0.2
46;K;B;0.6682926829268293;-128.5;158.1;3;-2.9;3;-2.1;-2;-0.2;-2;-0.0
47;H;T;1.0;-50.7;118.1;-2;-0.3;3;-0.0;1;-0.3;26;-0.0
48;G;T;0.19047619047619047;85.3;-13.9;25;-0.1;26;-2.1;1;-0.0;2;-0.5
49;F;B;0.4467005076142132;-126.8;110.5;-3;-2.1;-3;-2.9;24;-0.2;2;-0.4
50;T;-;0.20422535211267606;-114.8;137.7;-2;-0.5;20;-1.1;-5;-0.2;2;-0.4
51;S;E;0.16923076923076924;-104.3;130.6;-2;-0.4;2;-0.3;18;-0.2;18;-0.2
52;L;E;0.07317073170731707;-143.7;158.5;16;-2.5;16;-3.8;-2;-0.4;2;-0.2
53;L;E;0.39634146341463417;-75.3;140.8;-2;-0.3;2;-0.7;14;-0.2;14;-0.2
54;A;-;0.009433962264150943;-73.8;117.9;12;-2.3;8;-1.7;-2;-0.2;2;-0.4
55;V;E;0.21830985915492956;-124.8;129.9;-2;-0.7;37;-0.3;6;-0.2;38;-0.2
56;I;E;0.22485207100591717;-69.4;-48.7;4;-2.2;-1;-0.1;-2;-0.4;37;-0.1
57;A;E;0.3867924528301887;-153.1;164.6;3;-0.8;3;-2.5;35;-0.0;-1;-0.4
58;P;T;0.8455882352941176;-48.7;126.4;0;0.0;-2;-0.0;0;0.0;-3;-0.0
59;N;T;1.0;76.9;16.1;1;-0.1;-4;-0.0;-3;-0.0;0;0.0
60;L;E;0.573170731707317;-136.9;66.8;-3;-2.5;-4;-2.2;2;-0.0;-3;-0.8
61;P;E;0.4264705882352941;-64.9;148.8;0;0.0;-6;-0.2;0;0.0;4;-0.1
62;C;-;0.007407407407407408;-70.4;159.3;-8;-1.7;4;-0.3;4;-0.1;-8;-0.1
63;K;S;0.35609756097560974;-113.8;142.6;29;-0.2;36;-0.3;2;-0.1;2;-0.2
64;P;S;0.0;-60.5;161.5;0;0.0;49;-0.2;0;0.0;2;-0.2
65;N;E;0.2484076433121019;-48.1;119.6;47;-1.0;49;-3.1;44;-0.3;2;-0.5
66;T;E;0.02112676056338028;-124.2;121.1;-4;-0.3;-12;-2.3;-12;-0.3;2;-0.5
67;L;E;0.018292682926829267;-97.9;125.6;47;-3.2;49;-3.5;-2;-0.5;2;-0.4
68;M;E;0.0;-98.7;141.2;-16;-3.8;-16;-2.5;-2;-0.5;2;-0.3
69;F;E;0.36548223350253806;-142.5;141.1;47;-2.5;49;-3.0;-2;-0.4;2;-0.2
70;N;E;0.044585987261146494;-82.2;145.0;-20;-1.1;49;-0.2;-2;-0.3;4;-0.1
71;K;S;0.2682926829268293;-95.8;-22.4;47;-2.3;2;-0.4;-2;-0.2;48;-0.2
72;V;S;0.2112676056338028;-113.1;137.1;46;-0.5;46;-0.1;-24;-0.0;2;-0.0
73;T;-;0.36619718309859156;-56.7;127.1;-2;-0.4;2;-0.6;1;-0.1;-24;-0.2
74;I;-;0.1952662721893491;-79.4;120.0;-26;-2.1;-1;-0.1;1;-0.1;3;-0.1
75;N;-;0.7643312101910829;-111.6;-20.5;-2;-0.6;2;-0.3;1;-0.1;-1;-0.1
76;D;S;0.4294478527607362;-150.0;176.3;1;-0.1;4;-1.8;0;0.0;5;-0.1
77;A;H;0.7169811320754716;-64.3;-39.8;-2;-0.3;4;-2.6;1;-0.2;5;-0.2
78;R;H;0.4879032258064516;-57.5;-47.1;1;-0.2;4;-2.1;2;-0.2;-1;-0.2
79;Q;H;0.10606060606060606;-64.4;-38.4;1;-0.2;4;-1.9;2;-0.2;-1;-0.2
80;A;H;0.2641509433962264;-62.5;-40.7;-4;-1.8;4;-2.8;1;-0.2;5;-0.2
81;V;H;0.6126760563380281;-68.3;-37.5;-4;-2.6;4;-1.3;1;-0.2;-2;-0.2
82;Q;H;0.020202020202020204;-66.5;-41.0;-4;-2.1;5;-2.2;-5;-0.2;6;-0.3
83;M;I;0.02127659574468085;-66.6;-46.5;-4;-1.9;5;-0.9;4;-0.2;-2;-0.2
84;F;I;0.4517766497461929;-85.9;-4.8;-4;-2.8;-2;-0.2;-5;-0.2;-3;-0.2
85;G;I;0.34523809523809523;-115.1;-96.3;-4;-1.3;4;-2.7;-5;-0.2;5;-0.3
86;P;I;0.08088235294117647;-64.4;-40.1;0;0.0;4;-2.6;0;0.0;5;-0.2
87;A;I;0.0;-66.7;-43.4;-5;-2.2;4;-2.7;2;-0.2;5;-0.2
88;Q;H;0.18181818181818182;-59.5;-48.2;-5;-0.9;4;-2.4;-6;-0.3;-1;-0.2
89;H;H;0.30434782608695654;-64.9;-45.9;-4;-2.7;4;-2.7;2;-0.2;5;-0.2
90;G;H;0.011904761904761904;-57.0;-46.0;-4;-2.6;4;-2.2;-5;-0.3;-2;-0.2
91;V;H;0.0;-64.2;-46.5;-4;-2.7;4;-2.4;2;-0.2;-1;-0.2
92;A;H;0.0;-60.9;-44.1;-4;-2.4;4;-2.4;-37;-0.3;5;-0.2
93;M;H;0.30319148936170215;-62.8;-42.6;-4;-2.7;4;-2.9;1;-0.2;-1;-0.2
94;A;H;0.0;-60.6;-43.8;-4;-2.2;4;-2.1;-5;-0.2;-2;-0.2
95;V;H;0.0;-64.7;-47.3;-4;-2.4;4;-1.5;2;-0.2;-2;-0.2
96;Q;H;0.32323232323232326;-67.8;-38.4;-4;-2.4;4;-2.7;1;-0.2;-2;-0.2
97;D;H;0.2822085889570552;-66.4;-34.7;-4;-2.9;4;-2.2;1;-0.2;6;-0.3
98;A;H;0.0;-59.2;-36.2;-4;-2.1;6;-1.8;-5;-0.2;5;-1.8
99;V;H;0.11267605633802817;-68.9;-49.1;-4;-1.5;3;-1.5;-36;-0.3;7;-0.3
100;A;H;0.7358490566037735;-58.8;-31.0;-4;-2.7;-2;-0.2;1;-0.3;-1;-0.2
101;E;T;0.5515463917525774;-94.1;-5.5;-4;-2.2;-1;-0.3;-5;-0.2;-2;-0.2
102;G;T;0.47619047619047616;87.2;2.5;-3;-1.5;-3;-0.2;2;-0.4;-2;-0.1
103;I;S;0.09467455621301775;-58.0;-48.5;-5;-1.8;-4;-0.2;1;-0.3;-5;-0.1
104;I;S;0.0;-97.9;115.1;-6;-1.8;-2;-0.4;-9;-0.2;-1;-0.3
105;P;-;0.15441176470588236;-57.4;130.3;0;0.0;3;-1.7;0;0.0;4;-1.1
106;A;T;0.6320754716981132;-58.8;-34.2;-7;-0.3;4;-0.5;1;-0.3;3;-0.3
107;D;T;0.8282208588957055;-78.0;-6.9;1;-0.2;-1;-0.3;2;-0.1;-105;-0.0
108;E;T;0.10824742268041238;-107.7;-19.2;-3;-1.7;3;-2.2;2;-0.1;-1;-0.2
109;A;G;0.03773584905660377;-57.5;-34.6;-4;-1.1;3;-1.3;-3;-0.3;-44;-0.3
110;D;G;0.6073619631901841;-76.2;-11.0;-4;-0.5;-1;-0.3;1;-0.3;-45;-0.1
111;D;G;0.50920245398773;-120.4;18.5;-3;-2.2;-81;-2.2;-81;-0.1;2;-0.3
112;L;E;0.018292682926829267;-111.4;154.3;-3;-1.3;-47;-1.0;-83;-0.2;2;-0.4
113;Y;E;0.05855855855855856;-126.8;132.4;-85;-2.8;-85;-2.1;-2;-0.3;2;-0.4
114;V;E;0.0;-121.1;134.0;-49;-3.1;-47;-3.2;-2;-0.4;2;-0.5
115;L;E;0.07926829268292683;-115.3;128.3;-89;-2.8;-89;-2.2;-2;-0.4;2;-0.6
116;V;E;0.0;-125.3;109.9;-49;-3.5;-47;-2.5;-2;-0.5;2;-0.6
117;G;E;0.0;-80.7;126.1;-93;-3.3;-93;-1.3;-2;-0.6;2;-0.5
118;V;E;0.0;-117.7;120.2;-49;-3.0;-47;-2.3;-2;-0.6;2;-0.5
119;F;E;0.24873096446700507;-97.5;122.1;-97;-1.3;-97;-0.7;-2;-0.5;2;-0.4
120;I;-;0.1301775147928994;-124.4;118.9;-2;-0.5;-101;-0.1;-99;-0.1;-99;-0.1
121;H;-;0.18478260869565216;-56.5;143.1;-103;-0.7;3;-2.0;-101;-0.5;-103;-0.0
122;W;T;0.5726872246696035;-67.4;-13.8;1;-0.3;-1;-0.1;3;-0.0;-43;-0.1
123;E;T;0.5670103092783505;-106.2;3.9;-105;-0.1;-1;-0.3;-44;-0.0;-105;-0.1
124;A;-;0.0;-59.8;140.0;-3;-2.0;-105;-0.1;-106;-0.3;-42;-0.1
125;A;-;0.6792452830188679;-138.6;-17.0;1;-0.1;2;-0.9;-2;-0.1;-1;-0.2
126;D;-;0.3803680981595092;-95.1;106.4;1;-0.2;4;-2.2;2;-0.1;5;-0.2
127;D;H;0.4662576687116564;-69.0;-36.4;-2;-0.9;4;-2.4;1;-0.2;5;-0.2
128;A;H;0.6509433962264151;-62.3;-43.4;2;-0.2;4;-2.6;1;-0.2;-1;-0.2
129;K;H;0.4;-68.6;-40.0;2;-0.2;4;-3.2;1;-0.2;5;-0.3
130;I;H;0.005917159763313609;-57.1;-45.1;-4;-2.2;4;-2.1;1;-0.2;5;-0.2
131;Q;H;0.3939393939393939;-64.8;-50.8;-4;-2.4;4;-2.1;2;-0.2;-2;-0.2
132;K;H;0.5756097560975609;-59.9;-49.0;-4;-2.6;4;-2.3;-5;-0.2;-2;-0.2
133;Y;H;0.11711711711711711;-69.8;-39.5;-4;-3.2;4;-2.9;1;-0.2;5;-0.3
134;N;H;0.012738853503184714;-65.7;-34.8;-4;-2.1;4;-1.9;-5;-0.3;-1;-0.2
135;Y;H;0.25675675675675674;-59.4;-52.7;-4;-2.1;4;-2.4;-5;-0.2;-2;-0.2
136;E;H;0.38144329896907214;-65.4;-46.0;-4;-2.3;4;-2.5;1;-0.2;5;-0.2
137;A;H;0.0;-64.4;-39.2;-4;-2.9;4;-2.4;1;-0.2;-1;-0.2
138;T;H;0.0;-67.1;-49.9;-4;-1.9;4;-2.5;-5;-0.3;-2;-0.2
139;K;H;0.2097560975609756;-57.9;-44.8;-4;-2.4;4;-2.5;2;-0.2;-2;-0.2
140;L;H;0.3902439024390244;-63.0;-41.1;-4;-2.5;4;-2.5;2;-0.2;-2;-0.2
141;S;H;0.0;-63.1;-39.3;-4;-2.4;4;-2.5;-5;-0.2;-2;-0.2
142;I;H;0.0;-64.7;-47.7;-4;-2.5;4;-2.9;2;-0.2;5;-0.3
143;Q;H;0.2828282828282828;-56.3;-44.8;-4;-2.5;4;-2.1;1;-0.2;-2;-0.2
144;R;H;0.3225806451612903;-68.7;-40.8;-4;-2.5;5;-2.6;2;-0.2;4;-0.7
145;A;H;0.009433962264150943;-62.0;-47.3;-4;-2.5;3;-0.9;3;-0.2;-136;-0.3
146;V;H;0.07042253521126761;-68.6;-31.5;-4;-2.9;-2;-0.2;1;-0.3;-1;-0.2
147;N;H;0.3503184713375796;-93.5;-4.4;-4;-2.1;-1;-0.3;-5;-0.3;-2;-0.2
148;G;T;0.34523809523809523;64.8;41.3;-3;-0.9;-3;-0.2;-4;-0.7;-4;-0.1
149;E;-;0.5;-113.7;157.1;-5;-2.6;-1;-0.2;-6;-0.2;2;-0.2
150;P;S;0.5441176470588235;-56.4;148.5;0;0.0;2;-0.2;0;0.0;-2;-0.0
151;K;-;0.551219512195122;-70.0;157.4;-2;-0.2;4;-2.3;1;-0.1;3;-0.5
152;A;H;0.7547169811320755;-54.4;-41.3;1;-0.3;4;-2.5;2;-0.2;5;-0.2
153;S;H;0.5384615384615384;-63.3;-41.3;2;-0.2;4;-2.0;1;-0.2;-1;-0.3
154;V;H;0.31690140845070425;-63.4;-46.2;-3;-0.5;4;-1.8;2;-0.2;-1;-0.2
155;V;H;0.5070422535211268;-61.1;-41.3;-4;-2.3;4;-1.5;2;-0.2;-2;-0.2
156;T;H;0.5774647887323944;-58.4;-38.1;-4;-2.5;4;-0.3;1;-0.2;-2;-0.2
157;E;H;0.7474226804123711;-73.4;-31.6;-4;-2.0;3;-0.3;1;-0.2;-1;-0.2
158;Q;H;0.5252525252525253;-107.4;-11.6;-4;-1.8;4;-2.1;1;-0.2;3;-1.3
159;R;T;0.5846774193548387;-60.9;-27.5;-4;-1.5;-1;-0.2;1;-0.3;-2;-0.1
160;K;T;0.8780487804878049;-91.6;-13.2;-3;-0.3;-1;-0.3;-4;-0.3;-2;-0.1
161;S;T;0.7461538461538462;-108.1;-14.2;-3;-1.3;-2;-0.2;-4;-0.2;-1;-0.2
162;A;-;0.6226415094339622;-78.9;146.4;-4;-2.1;2;-0.5;1;-0.0;0;0.0
163;T;-;0.852112676056338;-113.3;123.9;-2;-0.1;-2;-0.0;7;-0.0;-3;-0.0
164;H;-;0.625;-87.3;125.7;-2;-0.5;3;-1.4;1;-0.1;6;-0.1
165;P;T;0.6764705882352942;-62.3;-19.4;0;0.0;-1;-0.1;0;0.0;5;-0.0
166;F;T;0.9289340101522843;-121.4;7.5;3;-0.0;2;-0.0;-3;-0.0;-3;-0.0
167;A;S;0.46226415094339623;-64.4;132.7;-3;-1.4;3;-2.5;1;-0.1;-4;-0.0
168;A;T;0.9905660377358491;-38.5;-23.4;1;-0.3;-1;-0.1;-2;-0.0;0;0.0
169;N;T;1.0;-124.0;16.6;-5;-0.0;-1;-0.3;0;0.0;-2;-0.1
170;A;-;0.8773584905660378;-63.1;360.0;-3;-2.5;-7;-0.0;-6;-0.1;0;0.0
