1;M;-;1.0;360.0;82.9;0;0.0;0;0.0;0;0.0;0;0.0
2;Q;-;0.9747474747474747;162.3;90.6;0;0.0;2;-0.2;0;0.0;0;0.0
3;R;-;0.8911290322580645;12.5;113.6;2;-0.0;0;0.0;0;0.0;0;0.0
4;V;-;0.7887323943661971;132.6;109.2;-2;-0.2;0;0.0;3;-0.0;0;0.0
5;S;-;0.8769230769230769;120.8;86.3;2;-0.0;3;-0.1;0;0.0;-2;-0.0
6;G;-;1.0;-143.4;45.8;0;0.0;2;-0.3;0;0.0;3;-0.2
7;L;-;1.0;-89.9;56.4;1;-0.1;-2;-0.0;2;-0.1;-3;-0.0
8;L;-;0.9024390243902439;-152.8;44.1;-2;-0.3;-1;-0.1;2;-0.1;4;-0.1
9;S;S;0.7846153846153846;-104.4;22.7;-3;-0.2;3;-0.4;2;-0.1;4;-0.3
10;W;S;1.0;-110.4;32.2;1;-0.2;4;-0.1;2;-0.1;3;-0.1
11;T;S;0.676056338028169;-149.3;21.7;1;-0.2;3;-0.4;2;-0.1;4;-0.3
12;L;S;0.9573170731707317;-120.9;9.8;-3;-0.4;4;-0.4;1;-0.2;3;-0.2
13;S;S;0.8846153846153846;-97.9;8.2;-4;-0.3;-1;-0.2;1;-0.1;-2;-0.1
14;R;S;0.875;-110.4;15.1;-3;-0.4;3;-0.3;-4;-0.1;-2;-0.2
15;V;S;0.7535211267605634;-142.3;19.9;-4;-0.3;3;-0.5;-3;-0.2;-2;-0.1
16;L;T;0.9390243902439024;-143.1;33.5;-4;-0.4;-1;-0.2;1;-0.2;-2;-0.1
17;W;T;1.0;-120.5;19.5;-3;-0.3;-1;-0.2;-2;-0.1;-2;-0.1
18;L;-;0.9207317073170732;-75.6;56.1;-3;-0.5;2;-0.5;-4;-0.1;3;-0.1
19;S;S;0.9461538461538461;-157.0;69.9;1;-0.2;-1;-0.0;0;0.0;-3;-0.0
20;G;-;0.7619047619047619;134.4;65.0;-2;-0.5;2;-0.3;1;-0.1;-1;-0.2
21;L;-;1.0;19.6;67.0;-3;-0.1;2;-0.3;3;-0.0;-1;-0.1
22;S;-;0.8538461538461538;-107.2;72.6;-2;-0.3;0;0.0;3;-0.0;0;0.0
23;E;-;0.845360824742268;3.5;96.1;-2;-0.3;2;-1.5;1;-0.0;-2;-0.0
24;P;-;0.9338235294117647;-59.4;62.0;0;0.0;2;-0.4;0;0.0;3;-0.1
25;G;-;0.7023809523809523;-16.3;72.1;-2;-1.5;3;-0.1;1;-0.1;-3;-0.0
26;A;-;0.8773584905660378;36.3;55.4;-2;-0.4;2;-1.3;1;-0.1;-1;-0.1
27;A;-;0.8962264150943396;-10.9;46.0;-3;-0.1;2;-0.3;3;-0.0;-1;-0.1
28;R;-;0.6895161290322581;-22.4;101.8;-2;-1.3;3;-0.1;44;-0.1;-3;-0.0
29;Q;-;0.8888888888888888;-33.7;111.6;-2;-0.3;42;-0.1;1;-0.1;2;-0.0
30;P;-;0.5220588235294118;-45.4;114.7;0;0.0;2;-0.5;0;0.0;42;-0.1
31;R;-;0.6290322580645161;-65.0;120.7;40;-0.4;40;-2.2;-3;-0.1;2;-0.5
32;I;B;0.6272189349112426;-74.2;123.6;-2;-0.5;2;-0.8;38;-0.2;38;-0.2
33;M;-;0.2765957446808511;-101.6;101.4;36;-3.1;4;-1.8;-2;-0.5;36;-0.2
34;E;H;0.8195876288659794;-74.9;-36.8;-2;-0.8;4;-2.0;1;-0.2;-1;-0.2
35;E;H;0.7216494845360825;-62.7;-42.6;1;-0.2;4;-1.4;2;-0.2;-1;-0.2
36;K;H;0.2097560975609756;-70.3;-36.5;1;-0.2;4;-2.4;2;-0.2;-1;-0.2
37;A;H;0.12264150943396226;-58.7;-41.0;-4;-1.8;4;-2.5;1;-0.2;-1;-0.2
38;L;H;0.4817073170731707;-64.7;-36.5;-4;-2.0;4;-2.4;2;-0.2;-1;-0.2
39;E;H;0.35051546391752575;-63.6;-44.3;-4;-1.4;4;-1.3;2;-0.2;-1;-0.2
40;V;H;0.0;-62.7;-44.8;-4;-2.4;4;-2.1;1;-0.2;3;-0.5
41;Y;H;0.0990990990990991;-60.3;-42.1;-4;-2.5;4;-2.2;1;-0.2;-2;-0.2
42;D;H;0.49079754601226994;-60.6;-30.3;-4;-2.4;4;-0.4;1;-0.2;-1;-0.2
43;L;H;0.25;-79.0;-42.2;-4;-1.3;3;-0.7;-3;-0.5;-2;-0.2
44;I;H;0.0;-84.9;-20.8;-4;-2.1;3;-1.3;1;-0.2;12;-0.3
45;R;T;0.3629032258064516;-65.8;-22.3;-4;-2.2;12;-1.1;1;-0.3;13;-0.3
46;T;T;0.21830985915492956;-91.0;-6.9;-3;-0.7;-1;-0.3;-4;-0.4;2;-0.2
47;I;P;0.011834319526627219;-66.9;137.1;-3;-1.3;9;-2.7;-4;-0.2;2;-0.3
48;R;B;0.4032258064516129;-94.8;143.5;107;-2.1;7;-0.2;7;-0.3;6;-0.1
49;D;P;0.03067484662576687;-68.5;127.0;5;-2.5;3;-0.2;-2;-0.3;-1;-0.1
50;P;S;0.3014705882352941;-57.5;-16.4;0;0.0;-1;-0.1;0;0.0;-2;-0.0
51;E;S;0.7010309278350515;-111.9;-21.7;1;-0.1;-2;-0.0;3;-0.1;41;-0.0
52;K;S;0.5756097560975609;-121.8;147.4;2;-0.2;-3;-0.2;-3;-0.2;-1;-0.1
53;P;S;0.8014705882352942;-72.6;-7.3;0;0.0;2;-0.1;0;0.0;-1;-0.1
54;N;S;0.3885350318471338;-87.2;157.1;1;-0.1;-5;-2.5;-6;-0.1;-2;-0.2
55;T;B;0.176056338028169;-79.4;163.2;-7;-0.2;4;-1.7;1;-0.1;-7;-0.3
56;L;T;0.006097560975609756;-61.3;-32.7;-9;-2.7;5;-2.8;-12;-0.3;6;-1.0
57;E;T;0.4072164948453608;-67.9;-41.7;-12;-1.1;3;-1.7;-10;-0.3;-1;-0.2
58;E;T;0.5927835051546392;-64.6;-30.4;-13;-0.3;-2;-0.2;1;-0.3;-1;-0.2
59;L;T;0.2926829268292683;-91.0;1.5;-4;-1.7;-1;-0.3;3;-0.0;-2;-0.2
60;E;T;0.8865979381443299;58.6;26.5;-3;-1.7;-3;-0.2;2;-0.2;-2;-0.1
61;V;S;0.02112676056338028;-72.1;-36.3;-5;-2.8;23;-2.1;1;-0.2;2;-0.3
62;V;-;0.04225352112676056;-125.3;145.9;-6;-1.0;2;-0.3;21;-0.2;-1;-0.2
63;S;-;0.3384615384615385;-137.0;166.6;19;-0.4;3;-0.9;-2;-0.3;4;-0.3
64;E;G;0.5876288659793815;-61.1;-32.2;-2;-0.3;3;-1.2;1;-0.2;-23;-0.1
65;S;G;0.8307692307692308;-75.5;-13.6;1;-0.3;-1;-0.2;3;-0.0;-3;-0.0
66;C;G;0.18518518518518517;-90.6;-3.7;-3;-0.9;16;-2.0;15;-0.1;2;-0.5
67;V;E;0.07746478873239436;-109.9;129.1;-3;-1.2;2;-0.4;-4;-0.3;14;-0.2
68;E;E;0.27835051546391754;-133.5;132.2;12;-2.9;12;-3.9;-2;-0.5;2;-0.5
69;V;E;0.0;-123.6;126.2;-2;-0.4;-36;-3.1;10;-0.2;2;-0.4
70;Q;E;0.18686868686868688;-119.3;143.0;8;-3.2;8;-4.2;-2;-0.5;2;-0.6
71;E;E;0.19072164948453607;-85.9;119.1;-40;-2.2;-40;-0.4;-2;-0.4;6;-0.2
72;I;S;0.46153846153846156;-84.3;-51.3;4;-2.0;2;-0.2;-2;-0.6;5;-0.2
73;N;S;0.46496815286624205;-145.6;-176.1;3;-1.8;-1;-0.3;-43;-0.0;3;-0.2
74;E;S;0.8814432989690721;-62.8;-14.3;1;-0.2;3;-0.0;-2;-0.2;-3;-0.0
75;E;S;0.8041237113402062;-126.4;-12.6;1;-0.1;36;-0.7;35;-0.1;2;-0.4
76;E;E;0.15463917525773196;-126.1;140.0;-3;-0.2;-4;-2.0;34;-0.1;-3;-1.8
77;Y;E;0.13963963963963963;-126.6;147.1;34;-2.2;36;-2.9;-2;-0.4;2;-0.6
78;L;E;0.1402439024390244;-100.7;118.6;-8;-4.2;-8;-3.2;-2;-0.3;2;-0.6
79;V;E;0.0;-104.1;117.0;34;-3.5;36;-2.9;-2;-0.6;2;-0.5
80;I;E;0.0650887573964497;-112.1;126.6;-12;-3.9;-12;-2.9;-2;-0.6;2;-0.4
81;I;E;0.0;-125.3;133.9;34;-2.9;36;-3.4;-2;-0.5;2;-0.5
82;R;E;0.4475806451612903;-119.9;126.5;-16;-2.0;-19;-0.4;-2;-0.4;2;-0.3
83;F;E;0.0;-130.5;156.5;34;-2.5;36;-2.5;-2;-0.5;-21;-0.2
84;T;-;0.3732394366197183;-117.8;106.4;-23;-2.1;34;-0.1;-2;-0.3;36;-0.0
85;P;-;0.09558823529411764;-60.2;153.2;0;0.0;8;-0.1;0;0.0;7;-0.0
86;T;S;0.4084507042253521;-70.6;-37.0;1;-0.1;7;-0.0;3;-0.1;-26;-0.0
87;V;S;0.31690140845070425;-129.5;144.9;2;-0.2;-1;-0.1;1;-0.0;6;-0.1
88;P;-;0.6764705882352942;-73.9;21.9;0;0.0;2;-0.4;0;0.0;36;-0.2
89;H;-;0.6358695652173914;-82.1;127.9;1;-0.2;4;-1.5;34;-0.1;-2;-0.2
90;C;H;0.3111111111111111;-60.7;-37.1;-2;-0.4;4;-1.9;1;-0.2;5;-0.2
91;S;H;0.6384615384615384;-68.9;-39.6;1;-0.2;4;-2.0;2;-0.2;-1;-0.2
92;L;H;0.024390243902439025;-71.1;-37.7;1;-0.2;4;-2.8;2;-0.2;-1;-0.2
93;A;H;0.0;-63.2;-37.9;-4;-1.5;4;-2.5;1;-0.2;-1;-0.2
94;T;H;0.23943661971830985;-69.1;-37.0;-4;-1.9;4;-2.5;2;-0.2;-1;-0.2
95;L;H;0.2073170731707317;-69.0;-42.2;-4;-2.0;4;-2.6;2;-0.2;-2;-0.2
96;I;H;0.005917159763313609;-61.1;-45.6;-4;-2.8;4;-2.3;2;-0.2;-1;-0.2
97;G;H;0.0;-57.8;-42.9;-4;-2.5;4;-2.2;1;-0.2;-2;-0.2
98;L;H;0.08536585365853659;-62.3;-42.9;-4;-2.5;4;-2.5;1;-0.2;5;-0.2
99;C;H;0.007407407407407408;-61.2;-42.4;-4;-2.6;4;-2.5;1;-0.2;5;-0.2
100;L;H;0.0;-60.6;-44.0;-4;-2.3;4;-2.2;1;-0.2;5;-0.2
101;R;H;0.024193548387096774;-64.8;-48.6;-4;-2.2;4;-2.3;1;-0.2;-2;-0.2
102;V;H;0.02112676056338028;-65.6;-43.9;-4;-2.5;4;-1.6;1;-0.2;-1;-0.2
103;K;H;0.05365853658536585;-61.6;-44.7;-4;-2.5;4;-1.9;-5;-0.2;5;-0.3
104;L;H;0.0;-70.7;-35.1;-4;-2.2;4;-1.9;-5;-0.2;-1;-0.2
105;Q;H;0.5202020202020202;-66.7;-25.3;-4;-2.3;-1;-0.2;-5;-0.2;-2;-0.2
106;R;H;0.532258064516129;-94.4;-28.4;-4;-1.6;-2;-0.2;-3;-0.2;-1;-0.2
107;C;H;0.37037037037037035;-114.4;-16.2;-4;-1.9;-3;-0.2;-5;-0.2;-2;-0.2
108;L;-;0.09146341463414634;-77.5;130.8;-4;-1.9;4;-0.1;-5;-0.3;-68;-0.0
109;P;-;0.8014705882352942;-85.3;-5.8;0;0.0;2;-0.3;0;0.0;-1;-0.1
110;F;S;0.14213197969543148;-120.5;161.1;1;-0.0;2;-0.4;-33;-0.0;-34;-0.1
111;K;E;0.697560975609756;-70.1;127.1;-36;-0.7;-34;-2.2;-2;-0.3;2;-0.3
112;H;E;0.22282608695652173;-146.5;149.9;-2;-0.4;2;-0.4;-36;-0.2;-34;-0.2
113;K;E;0.5073170731707317;-99.5;133.2;-36;-2.9;-34;-3.5;-2;-0.3;2;-0.5
114;L;E;0.1402439024390244;-112.0;124.5;-2;-0.4;2;-0.4;-36;-0.2;-34;-0.2
115;E;E;0.3402061855670103;-122.7;122.4;-36;-2.9;-34;-2.9;-2;-0.5;2;-0.5
116;I;E;0.0;-121.6;132.1;-2;-0.4;2;-0.4;-36;-0.2;-34;-0.2
117;Y;E;0.32882882882882886;-131.6;146.9;-36;-3.4;-34;-2.5;-2;-0.5;2;-0.4
118;I;E;0.023668639053254437;-84.8;133.9;-2;-0.4;-34;-0.2;8;-0.2;3;-0.1
119;S;P;0.2;-58.0;134.7;-36;-2.5;3;-1.1;-2;-0.4;4;-0.2
120;E;T;0.8814432989690721;-59.9;136.9;1;-0.2;-1;-0.1;2;-0.1;-3;-0.0
121;G;T;0.8690476190476191;92.7;6.6;2;-0.3;-1;-0.2;-3;-0.1;3;-0.1
122;T;S;0.30985915492957744;-104.3;-6.3;-3;-1.1;2;-0.3;1;-0.2;-2;-0.1
123;H;-;0.14130434782608695;-162.0;143.8;-4;-0.2;3;-0.7;1;-0.1;-2;-0.3
124;S;T;1.0;-69.8;-17.5;-2;-0.3;3;-0.2;-36;-0.2;-1;-0.1
125;T;T;0.3732394366197183;-120.1;29.2;1;-0.2;4;-2.1;2;-0.1;-1;-0.2
126;E;H;0.26288659793814434;-54.7;-46.3;-3;-0.7;4;-2.7;1;-0.2;-8;-0.2
127;E;H;0.7525773195876289;-63.3;-42.0;-3;-0.2;4;-2.1;1;-0.2;-1;-0.2
128;D;H;0.4662576687116564;-65.6;-41.6;2;-0.2;4;-2.3;1;-0.2;-1;-0.2
129;I;H;0.0;-65.3;-45.2;-4;-2.1;4;-2.7;2;-0.2;5;-0.3
130;N;H;0.16560509554140126;-59.4;-38.2;-4;-2.7;4;-1.9;1;-0.2;-1;-0.2
131;K;H;0.7463414634146341;-66.9;-41.1;-4;-2.1;4;-0.5;1;-0.2;-1;-0.2
132;Q;H;0.11616161616161616;-69.1;-41.6;-4;-2.3;3;-0.8;1;-0.2;-2;-0.2
133;I;H;0.029585798816568046;-72.1;-31.0;-4;-2.7;-1;-0.2;1;-0.2;-2;-0.2
134;N;T;0.2929936305732484;-97.1;3.5;-4;-1.9;2;-0.8;-5;-0.3;-1;-0.2
135;D;-;0.4171779141104294;-88.8;112.3;-3;-0.8;4;-2.2;-4;-0.5;5;-0.2
136;K;H;0.7707317073170732;-65.4;-37.3;-2;-0.8;4;-2.2;1;-0.2;-1;-0.2
137;E;H;0.845360824742268;-67.8;-39.0;1;-0.2;4;-2.3;2;-0.2;-1;-0.2
138;R;H;0.4717741935483871;-68.6;-42.5;2;-0.2;4;-2.4;1;-0.2;-2;-0.2
139;V;H;0.07042253521126761;-62.1;-41.9;-4;-2.2;4;-1.9;1;-0.2;-1;-0.2
140;A;H;0.5188679245283019;-63.6;-42.0;-4;-2.2;4;-0.7;1;-0.2;-2;-0.2
141;A;H;0.6132075471698113;-62.2;-41.6;-4;-2.3;3;-0.8;1;-0.2;4;-0.6
142;A;H;0.18867924528301888;-61.6;-38.9;-4;-2.4;3;-1.0;1;-0.2;7;-0.3
143;M;H;0.1595744680851064;-74.8;-12.8;-4;-1.9;-1;-0.2;1;-0.2;-2;-0.2
144;E;H;0.8556701030927835;-85.6;-15.1;-3;-0.8;-1;-0.2;-4;-0.7;-2;-0.2
145;N;S;0.4585987261146497;-82.0;121.6;-3;-1.0;4;-2.7;-4;-0.6;5;-0.2
146;P;H;0.6617647058823529;-63.0;-34.6;0;0.0;4;-1.9;0;0.0;5;-0.2
147;N;H;0.6560509554140127;-65.8;-48.5;2;-0.2;4;-1.7;1;-0.2;5;-0.1
148;L;H;0.29878048780487804;-66.6;-39.3;-6;-0.2;4;-2.6;1;-0.2;5;-0.2
149;R;H;0.5604838709677419;-60.7;-45.3;-4;-2.7;4;-2.7;-7;-0.3;-1;-0.2
150;E;H;0.6391752577319587;-60.8;-45.0;-4;-1.9;4;-2.0;-5;-0.2;-1;-0.2
151;I;H;0.23668639053254437;-62.0;-45.6;-4;-1.7;4;-1.7;1;-0.2;-2;-0.2
152;V;H;0.0;-64.6;-41.0;-4;-2.6;4;-2.1;1;-0.2;-2;-0.2
153;E;H;0.33505154639175255;-63.2;-36.7;-4;-2.7;4;-0.9;1;-0.2;-1;-0.2
154;Q;H;0.5656565656565656;-69.4;-33.9;-4;-2.0;-1;-0.2;1;-0.2;-2;-0.2
155;C;H;0.037037037037037035;-77.3;-31.5;-4;-1.7;-107;-2.1;1;-0.2;-2;-0.2
156;V;H;0.08450704225352113;-95.4;-3.0;-4;-2.1;-1;-0.2;-109;-0.2;-2;-0.2
157;L;-;0.6219512195121951;-64.4;122.4;-4;-0.9;-109;-0.1;-5;-0.2;-3;-0.0
158;E;-;0.7474226804123711;-66.7;118.1;-111;-0.1;2;-0.1;1;-0.0;-1;-0.1
159;P;-;0.5588235294117647;-56.2;113.6;0;0.0;-1;-0.0;0;0.0;-113;-0.0
160;D;-;1.0;-34.2;360.0;-2;-0.1;-3;-0.0;-3;-0.0;0;0.0
