1;M;-;1.0;360.0;89.5;0;0.0;0;0.0;0;0.0;0;0.0
2;K;-;0.8731707317073171;172.5;80.6;0;0.0;3;-0.1;0;0.0;0;0.0
3;F;-;0.7208121827411168;139.1;65.7;1;-0.2;2;-2.8;0;0.0;0;0.0
4;V;-;0.9859154929577465;0.2;43.6;3;-0.0;2;-0.4;0;0.0;3;-0.2
5;L;-;0.6585365853658537;-117.8;65.2;-2;-2.8;0;0.0;1;-0.2;0;0.0
6;L;-;0.9451219512195121;-176.4;36.9;-2;-0.4;3;-0.2;0;0.0;-1;-0.2
7;L;-;0.8658536585365854;-65.9;43.1;-3;-0.2;-2;-0.0;1;-0.1;-3;-0.0
8;C;-;0.8518518518518519;-132.0;41.1;1;-0.1;2;-0.2;2;-0.0;-1;-0.1
9;V;-;0.9295774647887324;-107.3;28.6;-3;-0.2;2;-1.1;2;-0.0;-1;-0.1
10;M;-;0.8085106382978723;-36.2;67.8;-2;-0.2;-3;-0.0;1;-0.0;-2;-0.0
11;V;-;0.8661971830985915;60.4;43.5;-2;-1.1;-1;-0.0;1;-0.1;-2;-0.0
12;A;-;0.7641509433962265;-67.8;30.7;2;-0.1;2;-2.8;0;0.0;-1;-0.1
13;A;-;0.6415094339622641;-41.1;44.3;2;-0.0;2;-1.0;3;-0.0;-2;-0.0
14;V;-;0.8309859154929577;-8.7;63.1;-2;-2.8;2;-1.7;3;-0.0;-2;-0.1
15;V;-;0.852112676056338;-12.6;51.9;-2;-1.0;2;-1.0;3;-0.0;-2;-0.0
16;A;-;0.8113207547169812;-34.1;86.9;-2;-1.7;2;-0.4;2;-0.0;-3;-0.0
17;E;-;0.7371134020618557;-47.2;106.0;-2;-1.0;2;-1.2;1;-0.0;56;-0.0
18;D;-;0.7484662576687117;-46.1;81.0;-2;-0.4;2;-0.3;54;-0.0;-1;-0.0
19;K;P;0.40487804878048783;-99.3;153.4;-2;-1.2;55;-0.2;1;-0.1;3;-0.1
20;Y;P;0.1036036036036036;-59.7;155.8;53;-3.0;-1;-0.1;-2;-0.3;0;0.0
21;T;P;0.4014084507042254;-55.6;141.2;1;-0.1;3;-0.3;37;-0.1;54;-0.2
22;D;-;0.656441717791411;-97.1;6.7;1;-0.2;3;-1.7;-3;-0.1;4;-0.3
23;K;T;0.7219512195121951;-50.1;-29.6;1;-0.3;3;-0.3;2;-0.1;-1;-0.2
24;Y;T;0.22522522522522523;-116.6;15.9;-3;-0.3;3;-1.5;1;-0.2;-1;-0.3
25;D;T;0.17177914110429449;-65.4;-15.5;-3;-1.7;-1;-0.2;1;-0.3;-2;-0.1
26;N;T;0.9426751592356688;-96.3;12.3;-3;-0.3;-1;-0.3;-4;-0.3;-2;-0.1
27;I;-;0.3905325443786982;-61.6;141.0;-3;-1.5;2;-1.6;1;-0.1;3;-0.2
28;N;-;0.5414012738853503;-78.6;87.6;1;-0.2;4;-1.6;2;-0.1;3;-0.2
29;L;H;0.18292682926829268;-63.5;-28.9;-2;-1.6;4;-2.7;1;-0.2;5;-0.2
30;D;H;0.4539877300613497;-68.2;-40.3;1;-0.2;4;-1.8;2;-0.2;-1;-0.2
31;E;H;0.5670103092783505;-65.2;-42.1;-3;-0.2;4;-0.9;2;-0.2;-1;-0.2
32;I;H;0.10059171597633136;-65.7;-43.2;-4;-1.6;3;-0.7;1;-0.2;7;-0.6
33;L;H;0.08536585365853659;-74.6;-23.4;-4;-2.7;-1;-0.2;1;-0.2;-2;-0.2
34;A;H;0.8584905660377359;-87.6;-12.5;-4;-1.8;2;-0.6;-5;-0.2;-1;-0.2
35;N;-;0.4140127388535032;-115.0;100.9;-4;-0.9;4;-2.7;-3;-0.7;3;-0.3
36;K;H;0.6536585365853659;-57.6;-37.3;-2;-0.6;4;-2.8;1;-0.2;5;-0.2
37;R;H;0.8709677419354839;-61.2;-45.2;2;-0.2;4;-1.8;1;-0.2;-1;-0.2
38;L;H;0.35365853658536583;-66.9;-43.9;-3;-0.3;4;-2.0;2;-0.2;-2;-0.2
39;L;H;0.04878048780487805;-56.8;-47.6;-4;-2.7;4;-2.5;-7;-0.6;-2;-0.2
40;V;H;0.352112676056338;-64.1;-37.3;-4;-2.8;4;-3.2;1;-0.2;-1;-0.2
41;A;H;0.4528301886792453;-59.6;-43.5;-4;-1.8;4;-2.0;-5;-0.2;-1;-0.2
42;Y;H;0.1981981981981982;-65.1;-39.9;-4;-2.0;4;-2.3;2;-0.2;-2;-0.2
43;V;H;0.07746478873239436;-63.9;-46.5;-4;-2.5;4;-1.8;1;-0.2;-2;-0.2
44;N;H;0.3503184713375796;-59.6;-39.8;-4;-3.2;5;-3.4;1;-0.2;6;-0.9
45;C;H;0.014814814814814815;-60.0;-47.8;-4;-2.0;3;-1.5;4;-0.2;-2;-0.2
46;V;H;0.04225352112676056;-76.9;-19.0;-4;-2.3;-1;-0.2;1;-0.3;-2;-0.2
47;M;T;0.0851063829787234;-92.8;4.2;-4;-1.8;-1;-0.3;-5;-0.2;-2;-0.2
48;E;T;0.6701030927835051;62.3;40.7;-3;-1.5;-3;-0.2;-5;-0.1;-2;-0.1
49;R;S;0.6370967741935484;-119.3;1.6;-5;-3.4;2;-0.3;-6;-0.1;-4;-0.2
50;G;S;0.4523809523809524;-162.3;179.7;-6;-0.9;-2;-0.1;-5;-0.1;-1;-0.1
51;K;-;0.9853658536585366;-74.3;147.0;-2;-0.3;2;-0.4;-3;-0.1;-6;-0.2
52;C;-;0.34814814814814815;-104.1;132.5;-7;-0.1;-10;-0.1;-8;-0.1;-1;-0.1
53;S;-;0.33076923076923076;-64.2;164.6;-2;-0.4;4;-2.8;1;-0.1;5;-0.2
54;P;H;0.6029411764705882;-53.4;-41.5;0;0.0;4;-1.8;0;0.0;5;-0.1
55;E;H;0.29896907216494845;-67.6;-43.5;2;-0.2;4;-2.3;1;-0.2;5;-0.1
56;G;H;0.0;-58.3;-38.0;2;-0.2;4;-3.0;1;-0.2;-1;-0.2
57;K;H;0.5902439024390244;-64.9;-42.5;-4;-2.8;4;-2.2;2;-0.2;-1;-0.2
58;E;H;0.20618556701030927;-61.5;-45.4;-4;-1.8;4;-1.3;-5;-0.2;-1;-0.2
59;L;H;0.5060975609756098;-59.7;-50.6;-4;-2.3;4;-1.6;1;-0.2;3;-0.6
60;K;H;0.33170731707317075;-57.3;-39.0;-4;-3.0;4;-0.6;1;-0.2;3;-0.2
61;E;H;0.5824742268041238;-69.7;-27.6;-4;-2.2;4;-0.3;1;-0.2;-1;-0.2
62;H;H;0.2826086956521739;-112.8;-6.9;-4;-1.3;4;-3.1;-3;-0.6;-1;-0.2
63;L;H;0.1951219512195122;-60.0;-49.7;-4;-1.6;4;-2.2;-3;-0.2;5;-0.2
64;Q;H;0.5757575757575758;-61.3;-46.4;-4;-0.6;4;-2.3;1;-0.2;-1;-0.2
65;D;H;0.27607361963190186;-60.3;-44.1;-4;-0.3;4;-2.1;1;-0.2;6;-0.2
66;A;H;0.16981132075471697;-59.7;-39.6;-4;-3.1;5;-3.1;1;-0.2;4;-0.4
67;I;H;0.22485207100591717;-70.7;-42.9;-4;-2.2;3;-0.8;3;-0.2;-2;-0.2
68;E;H;0.6391752577319587;-69.6;-28.8;-4;-2.3;-2;-0.2;1;-0.3;-1;-0.2
69;N;T;0.5286624203821656;-109.7;4.0;-4;-2.1;3;-0.5;-5;-0.2;-1;-0.3
70;G;T;0.39285714285714285;71.7;31.5;-3;-0.8;-3;-0.2;-4;-0.4;-4;-0.1
71;C;S;0.16296296296296298;66.2;27.8;-5;-3.1;3;-1.1;-6;-0.2;-1;-0.2
72;K;T;0.8146341463414634;-54.4;-28.3;-3;-0.5;-1;-0.1;1;-0.2;-2;-0.1
73;K;T;0.32682926829268294;-102.6;-2.6;-54;-0.1;-53;-3.0;-8;-0.1;-1;-0.2
74;C;-;0.05925925925925926;-69.5;148.2;-3;-1.1;2;-0.1;-55;-0.2;-52;-0.1
75;T;-;0.14788732394366197;-73.7;164.9;-54;-0.2;4;-2.5;-2;-0.1;5;-0.2
76;E;H;0.6649484536082474;-57.7;-42.0;1;-0.2;4;-2.4;2;-0.2;5;-0.2
77;N;H;0.554140127388535;-64.0;-38.5;1;-0.2;4;-2.7;2;-0.2;-1;-0.2
78;Q;H;0.25757575757575757;-67.2;-43.2;2;-0.2;4;-2.8;1;-0.2;-1;-0.2
79;E;H;0.38144329896907214;-62.2;-47.8;-4;-2.5;4;-2.1;2;-0.2;-2;-0.2
80;K;H;0.5951219512195122;-61.5;-43.6;-4;-2.4;4;-2.1;1;-0.2;-2;-0.2
81;G;H;0.19047619047619047;-60.8;-40.3;-4;-2.7;4;-2.6;2;-0.2;-2;-0.2
82;A;H;0.3490566037735849;-59.7;-44.3;-4;-2.8;4;-2.9;1;-0.2;-2;-0.2
83;Y;H;0.2702702702702703;-62.5;-42.7;-4;-2.1;4;-2.5;1;-0.2;-1;-0.2
84;R;H;0.4798387096774194;-63.9;-44.0;-4;-2.1;4;-2.3;2;-0.2;-1;-0.2
85;V;H;0.2676056338028169;-64.6;-45.0;-4;-2.6;4;-2.7;2;-0.2;-2;-0.2
86;I;H;0.14201183431952663;-62.5;-45.5;-4;-2.9;4;-2.4;1;-0.2;5;-0.2
87;E;H;0.5051546391752577;-59.5;-45.5;-4;-2.5;4;-2.3;1;-0.2;5;-0.2
88;H;H;0.21739130434782608;-59.2;-44.0;-4;-2.3;4;-3.3;2;-0.2;5;-0.8
89;L;H;0.024390243902439025;-64.2;-40.6;-4;-2.7;4;-1.2;3;-0.2;8;-0.4
90;I;H;0.01775147928994083;-69.9;-35.4;-4;-2.4;4;-0.2;-5;-0.2;-1;-0.2
91;K;H;0.6682926829268293;-82.9;-39.6;-4;-2.3;-2;-0.2;-5;-0.2;-1;-0.2
92;N;H;0.5414012738853503;-119.2;-23.7;-4;-3.3;-3;-0.2;-5;-0.2;-2;-0.2
93;E;-;0.20103092783505155;-134.0;61.9;-4;-1.2;4;-2.4;-5;-0.8;3;-0.6
94;I;H;0.14792899408284024;-67.8;-33.6;1;-0.3;4;-2.3;-4;-0.2;5;-0.2
95;E;H;0.5618556701030928;-66.7;-41.3;2;-0.2;4;-2.1;1;-0.2;-1;-0.3
96;I;H;0.1242603550295858;-64.2;-42.2;-3;-0.6;4;-2.7;2;-0.2;-2;-0.2
97;W;H;0.06607929515418502;-58.0;-43.1;-4;-2.4;4;-2.3;-8;-0.4;5;-0.2
98;R;H;0.13709677419354838;-66.1;-39.8;-4;-2.3;4;-1.9;1;-0.2;-1;-0.2
99;E;H;0.4175257731958763;-64.9;-44.9;-4;-2.1;4;-1.3;2;-0.2;-1;-0.2
100;L;H;0.14634146341463414;-62.7;-42.9;-4;-2.7;4;-2.8;1;-0.2;5;-0.4
101;T;H;0.07746478873239436;-73.7;-30.4;-4;-2.3;4;-1.6;1;-0.2;7;-0.3
102;A;H;0.6981132075471698;-60.8;-31.3;-4;-1.9;-1;-0.2;-5;-0.2;-2;-0.2
103;K;H;0.37073170731707317;-89.1;-44.4;-4;-1.3;-2;-0.2;-3;-0.4;-1;-0.2
104;Y;H;0.12612612612612611;-105.1;-15.7;-4;-2.8;-3;-0.2;1;-0.2;-2;-0.1
105;D;-;0.05521472392638037;-133.0;64.7;-4;-1.6;3;-1.4;-5;-0.4;-1;-0.2
106;P;T;0.8235294117647058;-64.4;-25.6;0;0.0;-1;-0.1;0;0.0;-2;-0.1
107;T;T;0.7112676056338029;-78.1;-23.0;-3;-0.1;-5;-0.1;-6;-0.0;-2;-0.0
108;G;-;0.27380952380952384;83.4;4.7;-3;-1.4;4;-2.4;-7;-0.3;5;-0.2
109;N;H;0.7197452229299363;-63.0;-45.0;2;-0.2;4;-1.8;1;-0.2;5;-0.1
110;W;H;0.2687224669603524;-77.5;-36.6;2;-0.2;4;-2.4;1;-0.2;5;-0.3
111;R;H;0.2661290322580645;-56.1;-49.9;-6;-0.2;4;-2.4;1;-0.2;5;-0.2
112;K;H;0.6926829268292682;-59.5;-48.0;-4;-2.4;4;-2.7;1;-0.2;5;-0.2
113;K;H;0.5414634146341464;-55.6;-46.9;-4;-1.8;4;-1.8;-5;-0.2;-1;-0.2
114;Y;H;0.14414414414414414;-79.0;-34.9;-4;-2.4;4;-2.2;2;-0.2;-1;-0.2
115;E;H;0.11855670103092783;-66.3;-39.1;-4;-2.4;4;-2.4;-5;-0.3;-1;-0.2
116;D;H;0.4785276073619632;-61.0;-41.5;-4;-2.7;4;-2.4;-5;-0.2;-2;-0.2
117;R;H;0.5362903225806451;-63.1;-45.3;-4;-1.8;4;-1.3;-5;-0.2;-2;-0.2
118;A;H;0.0660377358490566;-60.4;-41.1;-4;-2.2;5;-2.7;2;-0.2;3;-0.3
119;K;H;0.5804878048780487;-64.3;-40.7;-4;-2.4;3;-1.8;1;-0.2;-2;-0.2
120;A;H;0.8679245283018868;-64.4;-25.5;-4;-2.4;-1;-0.2;1;-0.3;-2;-0.2
121;A;T;0.660377358490566;-90.4;2.2;-4;-1.3;-1;-0.3;-3;-0.3;-2;-0.2
122;G;T;0.75;93.4;9.3;-3;-1.8;2;-0.5;1;-0.3;-3;-0.2
123;I;-;0.1242603550295858;-83.5;126.0;-5;-2.7;2;-0.5;-6;-0.2;-1;-0.3
124;V;-;0.9084507042253521;-87.8;120.3;-2;-0.5;-5;-0.0;-33;-0.1;-1;-0.0
125;I;-;0.15384615384615385;-100.2;115.5;-2;-0.5;-34;-0.1;-10;-0.1;-35;-0.0
126;P;-;0.5367647058823529;-60.5;131.3;0;0.0;2;-0.1;0;0.0;0;0.0
127;E;-;0.9432989690721649;-62.2;133.8;1;-0.1;0;0.0;0;0.0;0;0.0
128;E;-;0.845360824742268;-47.8;360.0;-2;-0.1;-1;-0.1;0;0.0;0;0.0
