1;M;-;1.0;360.0;111.6;0;0.0;92;-0.1;0;0.0;2;-0.0
2;M;-;0.4946808510638298;-46.0;129.7;1;-0.1;2;-0.6;2;-0.0;0;0.0
3;D;-;0.6134969325153374;-86.9;124.4;1;-0.1;3;-0.2;91;-0.0;91;-0.1
4;F;-;0.04060913705583756;-116.0;16.6;-2;-0.6;3;-2.0;89;-0.5;4;-0.3
5;D;G;0.49693251533742333;-61.6;-25.6;1;-0.3;3;-1.5;2;-0.2;-1;-0.2
6;F;G;0.5482233502538071;-67.6;-8.4;1;-0.3;-1;-0.3;-3;-0.2;-2;-0.1
7;L;G;0.006097560975609756;-79.5;-24.2;-3;-2.0;3;-2.2;2;-0.1;81;-0.3
8;E;T;0.6134020618556701;-54.1;126.9;-3;-1.5;81;-0.2;-4;-0.3;3;-0.1
9;G;T;0.6428571428571429;97.7;-14.8;79;-2.0;-1;-0.3;1;-0.3;-2;-0.1
10;K;-;0.375609756097561;-65.7;146.3;-3;-2.2;78;-2.4;77;-0.1;-1;-0.3
11;R;E;0.7903225806451613;-147.6;157.7;76;-0.2;2;-0.3;-3;-0.1;76;-0.2
12;L;E;0.10975609756097561;-149.5;134.1;74;-2.1;74;-2.6;-2;-0.3;2;-0.4
13;T;E;0.6267605633802817;-121.7;136.6;-2;-0.3;2;-0.4;72;-0.2;72;-0.2
14;E;E;0.2268041237113402;-134.5;144.7;70;-2.6;70;-3.5;-2;-0.4;2;-0.6
15;D;E;0.6993865030674846;-86.8;123.3;-2;-0.4;2;-0.4;68;-0.2;68;-0.2
16;V;E;0.07042253521126761;-126.5;129.6;66;-3.1;66;-2.8;-2;-0.6;2;-0.6
17;A;E;0.5094339622641509;-85.1;123.0;-2;-0.4;2;-0.7;64;-0.2;64;-0.2
18;L;-;0.012195121951219513;-84.0;116.6;62;-2.6;61;-4.4;-2;-0.6;62;-0.3
19;D;-;0.44785276073619634;-107.5;-178.4;-2;-0.7;3;-1.8;59;-0.2;61;-0.1
20;E;G;0.5515463917525774;-71.2;-20.2;1;-0.3;3;-1.3;2;-0.2;58;-0.1
21;T;G;0.8591549295774648;-69.9;-7.7;1;-0.3;-1;-0.3;15;-0.0;-3;-0.0
22;M;G;0.17553191489361702;-104.8;5.4;-3;-1.8;15;-2.8;2;-0.1;-1;-0.3
23;V;B;0.14788732394366197;-67.8;135.4;-3;-1.3;2;-0.6;13;-0.2;13;-0.3
24;W;-;0.33480176211453744;-68.7;115.6;11;-3.7;11;-0.3;1;-0.1;3;-0.1
25;N;-;0.6878980891719745;-124.6;20.7;-2;-0.6;3;-0.2;1;-0.1;-1;-0.1
26;E;S;0.654639175257732;-75.3;-22.1;1;-0.2;2;-0.5;4;-0.1;-1;-0.1
27;D;-;0.36809815950920244;-122.7;109.2;1;-0.1;3;-1.5;-3;-0.1;4;-0.3
28;I;G;0.8165680473372781;-65.1;-34.1;-2;-0.5;3;-1.3;1;-0.3;4;-0.3
29;E;G;0.845360824742268;-66.3;-21.6;1;-0.3;-1;-0.3;2;-0.1;3;-0.3
30;M;G;0.39893617021276595;-103.4;2.4;-3;-1.5;3;-2.0;1;-0.2;5;-0.4
31;L;G;0.32926829268292684;-63.0;-28.0;-3;-1.3;3;-1.4;-4;-0.3;-1;-0.2
32;D;G;0.8588957055214724;-69.3;-13.5;-4;-0.3;-1;-0.3;1;-0.3;-2;-0.1
33;L;G;0.5914634146341463;-82.5;-16.7;-3;-2.0;-1;-0.3;2;-0.1;-2;-0.2
34;H;-;0.44021739130434784;53.3;44.2;-3;-1.4;44;-3.0;-4;-0.3;2;-0.3
35;L;B;0.2804878048780488;-82.3;142.7;-5;-0.4;-11;-3.7;-11;-0.3;2;-0.2
36;V;B;0.04225352112676056;-80.1;136.5;40;-3.0;40;-0.3;-13;-0.3;-13;-0.2
37;A;P;0.0660377358490566;-74.5;144.4;-15;-2.8;4;-1.8;-2;-0.2;5;-0.2
38;T;H;0.4225352112676056;-54.4;-44.8;1;-0.2;4;-2.6;2;-0.2;5;-0.2
39;S;H;0.6384615384615384;-61.6;-38.1;1;-0.2;4;-2.1;2;-0.2;-1;-0.2
40;A;H;0.19811320754716982;-65.0;-42.2;-18;-0.2;4;-1.6;2;-0.2;-1;-0.2
41;L;H;0.0;-67.5;-38.7;-4;-1.8;4;-2.3;1;-0.2;-2;-0.2
42;I;H;0.21893491124260356;-58.2;-43.1;-4;-2.6;4;-2.4;1;-0.2;-1;-0.2
43;G;H;0.44047619047619047;-57.4;-39.4;-4;-2.1;4;-2.3;1;-0.2;-2;-0.2
44;V;H;0.028169014084507043;-65.5;-47.3;-4;-1.6;4;-2.5;2;-0.2;-1;-0.2
45;V;H;0.007042253521126761;-60.7;-40.3;-4;-2.3;4;-2.4;1;-0.2;-2;-0.2
46;H;H;0.1793478260869565;-63.9;-45.5;-4;-2.4;4;-2.3;1;-0.2;-1;-0.2
47;R;H;0.47580645161290325;-58.8;-47.0;-4;-2.3;4;-2.4;2;-0.2;-1;-0.2
48;V;H;0.0;-63.4;-43.3;-4;-2.5;4;-2.0;1;-0.2;-2;-0.2
49;S;H;0.0;-61.3;-40.0;-4;-2.4;4;-2.1;-5;-0.2;-1;-0.2
50;Y;H;0.34234234234234234;-63.0;-44.6;-4;-2.3;4;-2.9;2;-0.2;-2;-0.2
51;E;H;0.41237113402061853;-55.1;-44.7;-4;-2.4;4;-0.7;2;-0.2;-1;-0.2
52;L;H;0.006097560975609756;-56.5;-49.1;-4;-2.0;3;-1.0;1;-0.2;4;-0.3
53;L;H;0.0;-67.2;-40.7;-4;-2.1;3;-2.8;1;-0.2;4;-1.5
54;S;H;0.36153846153846153;-59.1;-17.7;-4;-2.9;-1;-0.2;1;-0.3;-2;-0.2
55;R;T;0.5443548387096774;-74.3;-14.4;-3;-1.0;-1;-0.3;-4;-0.7;-2;-0.2
56;Y;T;0.3918918918918919;-124.9;-15.2;-3;-2.8;-2;-0.2;-4;-0.3;-1;-0.2
57;L;S;0.11585365853658537;-82.7;142.7;-4;-1.5;6;-0.0;1;-0.1;-53;-0.0
58;P;-;0.3088235294117647;-59.3;162.5;0;0.0;3;-1.7;0;0.0;-1;-0.1
59;N;T;0.9872611464968153;-65.2;-27.3;1;-0.3;-2;-0.1;62;-0.0;62;-0.0
60;D;T;0.5705521472392638;-92.3;4.0;60;-0.1;61;-2.5;61;-0.1;62;-0.5
61;Y;E;0.22522522522522523;-116.1;148.3;-3;-1.7;2;-0.2;59;-0.3;-4;-0.1
62;T;E;0.1267605633802817;-134.1;178.6;57;-3.1;57;-2.6;-2;-0.3;2;-0.4
63;A;E;0.0660377358490566;-129.8;136.2;55;-0.2;2;-0.4;-2;-0.2;55;-0.2
64;V;E;0.36619718309859156;-123.2;140.8;53;-2.4;53;-3.1;-2;-0.4;2;-0.4
65;V;E;0.3591549295774648;-73.4;131.6;-2;-0.4;51;-0.3;51;-0.2;3;-0.1
66;V;E;0.5352112676056338;-102.0;-41.9;49;-3.2;2;-0.3;1;-0.4;-1;-0.2
67;E;E;0.6391752577319587;-157.2;151.0;48;-1.1;48;-2.3;2;-0.0;-1;-0.4
68;T;E;0.38028169014084506;-142.1;132.6;-2;-0.3;2;-0.5;46;-0.2;46;-0.2
69;L;E;0.676829268292683;-116.1;115.6;44;-3.3;44;-2.7;-2;-0.4;2;-0.4
70;A;E;0.27358490566037735;-128.4;143.5;-2;-0.5;2;-0.5;42;-0.2;42;-0.2
71;R;E;0.5564516129032258;-121.3;111.3;40;-3.2;40;-2.2;-2;-0.4;2;-0.9
72;H;E;0.29347826086956524;-86.0;99.4;-2;-0.5;38;-0.2;38;-0.2;3;-0.1
73;V;-;0.5352112676056338;-93.2;-27.2;36;-1.2;2;-0.4;-2;-0.9;37;-0.2
74;K;S;0.4146341463414634;-140.5;139.1;35;-1.6;-1;-0.2;33;-0.1;2;-0.1
75;A;-;0.6320754716981132;-69.2;145.3;-2;-0.4;-38;-0.1;-3;-0.1;-40;-0.0
76;V;-;0.028169014084507043;-142.7;133.0;-40;-0.3;-40;-3.0;-2;-0.1;2;-0.1
77;P;B;0.4338235294117647;-81.9;151.9;0;0.0;3;-1.0;0;0.0;-42;-0.3
78;T;T;0.09859154929577464;-54.3;159.4;-44;-3.0;-59;-0.2;1;-0.2;3;-0.1
79;G;T;0.8214285714285714;87.9;-11.0;-61;-4.4;2;-0.3;1;-0.4;-1;-0.2
80;T;-;0.22535211267605634;-84.0;140.9;-3;-1.0;-62;-2.6;-62;-0.3;2;-0.5
81;R;E;0.6290322580645161;-92.9;130.2;-2;-0.3;2;-0.3;-64;-0.2;-64;-0.2
82;V;E;0.007042253521126761;-123.9;151.2;-66;-2.8;-66;-3.1;-2;-0.5;2;-0.6
83;A;E;0.3113207547169811;-91.0;122.8;20;-3.0;20;-3.0;-2;-0.3;2;-0.6
84;V;E;0.0;-111.3;114.0;-70;-3.5;-70;-2.6;-2;-0.6;2;-0.4
85;G;E;0.11904761904761904;-112.8;137.2;16;-2.9;16;-2.8;-2;-0.6;2;-0.3
86;V;E;0.028169014084507043;-131.8;147.6;-74;-2.6;-74;-2.1;-2;-0.4;2;-0.3
87;R;E;0.4838709677419355;-144.2;144.7;12;-2.0;12;-2.3;-2;-0.3;2;-0.6
88;V;E;0.028169014084507043;-80.2;122.8;-78;-2.4;-79;-2.0;-2;-0.3;10;-0.3
89;V;E;0.3591549295774648;-110.4;-8.9;8;-2.6;2;-0.3;-2;-0.6;9;-0.2
90;G;E;0.2261904761904762;-173.9;148.7;7;-1.3;7;-3.1;-83;-0.1;2;-0.4
91;V;E;0.11971830985915492;-133.0;123.2;-2;-0.3;2;-0.4;5;-0.2;5;-0.2
92;V;E;0.8450704225352113;-122.5;106.9;3;-2.5;3;-1.8;-2;-0.4;2;-0.3
93;G;T;0.42857142857142855;61.4;-119.2;-2;-0.4;-89;-0.5;1;-0.2;24;-0.0
94;N;T;0.3885350318471338;-99.9;10.2;-2;-0.3;24;-3.4;-3;-0.1;2;-0.5
95;R;E;0.6008064516129032;-104.1;125.4;-3;-1.8;-3;-2.5;22;-0.2;2;-0.5
96;V;E;0.0;-115.3;117.9;20;-3.5;20;-2.8;-2;-0.5;2;-0.4
97;K;E;0.4634146341463415;-90.1;133.6;-7;-3.1;-8;-2.6;-2;-0.5;-7;-1.3
98;F;E;0.0;-120.2;149.4;16;-3.7;16;-1.9;-2;-0.4;2;-0.4
99;R;E;0.4475806451612903;-115.4;131.0;-12;-2.3;-12;-2.0;-2;-0.3;2;-0.4
100;G;E;0.023809523809523808;-125.3;147.3;12;-3.4;12;-2.7;-2;-0.4;2;-0.4
101;I;E;0.39644970414201186;-137.4;137.1;-16;-2.8;-16;-2.9;-2;-0.4;2;-0.5
102;V;E;0.0;-112.9;124.6;8;-2.8;7;-3.1;-2;-0.4;8;-1.5
103;M;E;0.2553191489361702;-119.5;138.4;-20;-3.0;-20;-3.0;-2;-0.5;2;-0.5
104;S;E;0.2230769230769231;-110.6;104.4;3;-2.6;3;-2.0;-2;-0.4;2;-0.4
105;G;T;0.7976190476190477;58.3;-118.1;-2;-0.5;-22;-0.1;1;-0.2;-23;-0.0
106;D;T;1.0;-101.8;8.2;-2;-0.4;2;-0.5;-3;-0.1;-1;-0.2
107;E;E;0.4639175257731959;-104.8;132.2;-3;-2.0;-3;-2.6;-33;-0.0;2;-0.5
108;K;E;0.4097560975609756;-78.7;124.3;-2;-0.5;-5;-0.2;-5;-0.2;3;-0.1
109;I;E;0.005917159763313609;-98.5;-43.4;-7;-3.1;-35;-1.6;-2;-0.5;-36;-1.2
110;L;E;0.0;-150.6;140.8;-8;-1.5;-8;-2.8;-38;-0.2;2;-0.4
111;E;E;0.1134020618556701;-125.1;142.3;-40;-2.2;-40;-3.2;-2;-0.3;2;-0.3
112;A;E;0.04716981132075472;-145.3;141.4;-12;-2.7;-12;-3.4;-2;-0.4;2;-0.4
113;E;E;0.4484536082474227;-116.5;133.1;-44;-2.7;-44;-3.3;-2;-0.3;2;-0.3
114;F;E;0.015228426395939087;-156.5;164.7;-16;-1.9;-16;-3.7;-2;-0.4;2;-0.4
115;V;E;0.1267605633802817;-122.4;130.0;-48;-2.3;-49;-3.2;-2;-0.3;-48;-1.1
116;R;E;0.056451612903225805;-107.5;142.3;-20;-2.8;-20;-3.5;-2;-0.4;2;-0.5
117;A;E;0.08490566037735849;-101.8;127.2;-53;-3.1;-53;-2.4;-2;-0.4;2;-0.6
118;I;E;0.011834319526627219;-81.0;122.3;-24;-3.4;-55;-0.2;-2;-0.5;-114;-0.0
119;V;E;0.09154929577464789;-134.9;148.9;-57;-2.6;-57;-3.1;-2;-0.6;2;-0.2
120;P;E;0.3382352941176471;-65.1;137.2;0;0.0;4;-1.3;0;0.0;3;-0.6
121;R;H;0.3346774193548387;-57.5;-37.3;-61;-2.5;4;-2.5;1;-0.3;5;-0.2
122;E;H;0.6597938144329897;-64.5;-35.7;-62;-0.5;4;-2.5;1;-0.3;-1;-0.3
123;K;H;0.5073170731707317;-61.0;-42.8;-3;-0.6;4;-2.1;2;-0.2;-1;-0.3
124;L;H;0.38414634146341464;-66.0;-42.9;-4;-1.3;4;-2.5;2;-0.2;-2;-0.2
125;R;H;0.625;-58.0;-44.3;-4;-2.5;4;-2.3;1;-0.2;-1;-0.2
126;R;H;0.532258064516129;-62.9;-42.7;-4;-2.5;4;-2.5;1;-0.2;-2;-0.2
127;L;H;0.4268292682926829;-62.5;-42.8;-4;-2.1;4;-1.8;1;-0.2;-1;-0.2
128;A;H;0.5754716981132075;-62.8;-43.7;-4;-2.5;4;-1.8;1;-0.2;-1;-0.2
129;L;H;0.6585365853658537;-66.7;-42.3;-4;-2.3;4;-2.3;2;-0.2;-2;-0.2
130;E;H;0.38144329896907214;-60.6;-38.8;-4;-2.5;4;-2.1;1;-0.2;-1;-0.2
131;K;H;0.7414634146341463;-70.4;-38.7;-4;-1.8;4;-2.3;2;-0.2;-1;-0.2
132;A;H;0.5377358490566038;-65.1;-38.0;-4;-1.8;4;-2.5;2;-0.2;-2;-0.2
133;E;H;0.5670103092783505;-68.9;-41.7;-4;-2.3;4;-2.4;2;-0.2;-2;-0.2
134;K;H;0.6634146341463415;-64.1;-40.5;-4;-2.1;4;-2.2;2;-0.2;-2;-0.2
135;T;H;0.49295774647887325;-66.4;-41.3;-4;-2.3;4;-2.5;2;-0.2;6;-0.2
136;S;H;0.4;-63.7;-37.8;-4;-2.5;5;-1.2;2;-0.2;4;-0.6
137;R;H;0.8266129032258065;-69.6;-35.2;-4;-2.4;3;-0.3;2;-0.2;-2;-0.2
138;L;H;0.8597560975609756;-72.4;-35.7;-4;-2.2;-2;-0.2;1;-0.2;-1;-0.2
139;F;H;0.751269035532995;-103.7;19.0;-4;-2.5;-1;-0.2;2;-0.1;-2;-0.2
140;G;T;0.8571428571428571;46.3;20.5;-4;-0.6;-3;-0.2;-3;-0.3;-4;-0.1
141;I;-;0.9585798816568047;-87.9;360.0;-5;-1.2;-1;-0.2;-6;-0.2;-2;-0.1
