1;M;-;0.6170212765957447;360.0;117.6;0;0.0;2;-0.8;0;0.0;144;-0.1
2;K;-;0.6439024390243903;-86.0;98.1;142;-0.3;2;-0.4;87;-0.1;145;-0.3
3;N;-;0.025477707006369428;-84.8;143.1;-2;-0.8;3;-2.2;87;-0.2;4;-0.2
4;I;G;0.0;-53.9;-27.5;-2;-0.4;3;-1.9;1;-0.3;4;-0.4
5;E;G;0.0;-65.0;-22.9;1;-0.3;3;-0.4;85;-0.2;-1;-0.3
6;S;G;0.13846153846153847;-98.9;9.4;-3;-2.2;-1;-0.3;84;-0.2;-2;-0.2
7;L;S;0.42073170731707316;-99.5;-9.9;-3;-1.9;2;-0.3;-4;-0.2;-1;-0.2
8;F;-;0.2436548223350254;-132.9;158.9;-3;-0.4;2;-0.3;-4;-0.4;77;-0.2
9;D;-;0.5214723926380368;-90.7;152.7;-2;-0.3;2;-0.4;75;-0.1;75;-0.2
10;Y;B;0.0045045045045045045;-123.6;137.8;73;-2.6;73;-3.6;-2;-0.3;2;-0.0
11;S;-;0.4307692307692308;-61.3;163.5;-2;-0.4;4;-2.5;71;-0.2;5;-0.2
12;A;H;0.32075471698113206;-57.2;-41.3;69;-0.4;4;-2.5;1;-0.2;5;-0.2
13;G;H;0.5238095238095238;-64.3;-45.1;2;-0.2;4;-2.3;1;-0.2;-1;-0.2
14;Q;H;0.18181818181818182;-63.7;-48.1;2;-0.2;4;-2.1;1;-0.2;5;-0.2
15;F;H;0.05583756345177665;-58.3;-49.7;-4;-2.5;4;-2.4;1;-0.2;-2;-0.2
16;E;H;0.4742268041237113;-66.1;-38.0;-4;-2.5;4;-2.9;-5;-0.2;-1;-0.2
17;F;H;0.4263959390862944;-60.6;-48.7;-4;-2.3;4;-2.3;-5;-0.2;-1;-0.2
18;I;H;0.0;-60.8;-43.0;-4;-2.1;4;-2.3;1;-0.2;5;-0.2
19;D;H;0.24539877300613497;-58.8;-44.2;-4;-2.4;4;-2.3;1;-0.2;-2;-0.2
20;H;H;0.6141304347826086;-61.7;-42.7;-4;-2.9;4;-2.8;1;-0.2;5;-0.2
21;L;H;0.08536585365853659;-61.3;-48.1;-4;-2.3;4;-2.5;2;-0.2;-2;-0.2
22;L;H;0.0;-64.7;-43.1;-4;-2.3;4;-2.0;2;-0.2;-1;-0.2
23;T;H;0.5422535211267606;-64.0;-42.5;-4;-2.3;4;-2.3;1;-0.2;-1;-0.2
24;M;H;0.46808510638297873;-59.5;-45.7;-4;-2.8;4;-2.8;1;-0.2;5;-0.3
25;G;H;0.023809523809523808;-54.2;-43.3;-4;-2.5;4;-1.8;-5;-0.2;-2;-0.2
26;V;H;0.1267605633802817;-61.0;-53.0;-4;-2.0;4;-2.1;2;-0.2;5;-0.3
27;G;H;0.4880952380952381;-58.2;-46.2;-4;-2.3;4;-2.5;1;-0.2;5;-0.2
28;V;H;0.31690140845070425;-65.1;-38.2;-4;-2.8;4;-2.4;1;-0.2;-1;-0.2
29;H;H;0.0;-72.0;-38.3;-4;-1.8;4;-1.9;-5;-0.3;-1;-0.2
30;F;H;0.3604060913705584;-74.5;-37.0;-4;-2.1;4;-1.8;2;-0.2;-1;-0.2
31;A;H;0.6037735849056604;-59.3;-45.1;-4;-2.5;4;-2.0;-5;-0.3;-2;-0.2
32;A;H;0.0660377358490566;-61.1;-38.0;-4;-2.4;4;-2.7;1;-0.2;-2;-0.2
33;L;H;0.1524390243902439;-53.7;-48.2;-4;-1.9;4;-2.2;2;-0.2;-1;-0.2
34;I;H;0.591715976331361;-60.9;-44.0;-4;-1.8;4;-2.4;1;-0.2;5;-0.2
35;F;H;0.4263959390862944;-55.9;-50.5;-4;-2.0;4;-2.7;1;-0.2;5;-0.3
36;F;H;0.0;-65.0;-33.8;-4;-2.7;4;-1.3;1;-0.2;-1;-0.2
37;L;H;0.5670731707317073;-67.7;-43.3;-4;-2.2;4;-0.3;-5;-0.2;-1;-0.2
38;V;H;0.5422535211267606;-71.8;-38.4;-4;-2.4;3;-0.9;1;-0.2;-2;-0.2
39;V;H;0.11971830985915492;-86.9;-15.9;-4;-2.7;3;-2.4;1;-0.3;4;-0.2
40;S;G;0.23846153846153847;-59.1;-23.5;-4;-1.3;3;-1.4;1;-0.3;-1;-0.3
41;Q;G;0.5656565656565656;-69.7;-18.1;-3;-0.9;-1;-0.3;-4;-0.3;-2;-0.2
42;F;G;0.3096446700507614;-96.2;0.4;-3;-2.4;2;-0.5;-4;-0.1;-1;-0.3
43;V;S;0.0;-100.4;128.0;-3;-1.4;204;-0.1;-4;-0.2;5;-0.1
44;A;-;0.11320754716981132;-59.7;149.9;-2;-0.5;3;-1.6;202;-0.4;4;-1.3
45;P;H;0.6102941176470589;-49.6;-37.8;0;0.0;4;-0.6;0;0.0;3;-0.3
46;K;H;0.6341463414634146;-58.2;-38.0;1;-0.2;3;-0.2;2;-0.1;4;-0.1
47;Y;H;0.02252252252252252;-104.1;-5.8;-3;-1.6;3;-1.0;1;-0.1;4;-1.0
48;R;H;0.38306451612903225;-65.5;-27.3;-4;-1.3;4;-2.3;-3;-0.3;5;-0.2
49;I;H;0.5739644970414202;-62.8;-37.7;-4;-0.6;4;-2.3;1;-0.2;-1;-0.3
50;A;H;0.0;-60.0;-43.1;-3;-1.0;4;-1.6;2;-0.2;-1;-0.2
51;T;H;0.0;-69.7;-35.7;-4;-1.0;4;-1.7;2;-0.2;-2;-0.2
52;A;H;0.46226415094339623;-62.1;-44.0;-4;-2.3;4;-1.8;1;-0.2;-1;-0.2
53;L;H;0.12195121951219512;-61.7;-36.8;-4;-2.3;4;-2.3;1;-0.2;-1;-0.2
54;S;H;0.007692307692307693;-60.5;-37.6;-4;-1.6;4;-2.4;1;-0.2;-1;-0.2
55;C;H;0.13333333333333333;-63.3;-41.7;-4;-1.7;4;-2.5;2;-0.2;-2;-0.2
56;I;H;0.5384615384615384;-61.4;-40.9;-4;-1.8;4;-2.6;1;-0.2;5;-0.2
57;V;H;0.0;-63.3;-46.3;-4;-2.3;4;-3.1;1;-0.2;5;-0.3
58;M;H;0.005319148936170213;-64.5;-40.1;-4;-2.4;4;-2.7;2;-0.2;5;-0.2
59;V;H;0.4225352112676056;-65.6;-51.9;-4;-2.5;4;-2.3;2;-0.2;5;-0.2
60;S;H;0.2076923076923077;-59.8;-49.6;-4;-2.6;4;-2.1;-5;-0.2;-2;-0.2
61;A;H;0.03773584905660377;-64.6;-44.3;-4;-3.1;4;-2.5;-5;-0.2;5;-0.2
62;G;H;0.0;-57.5;-44.4;-4;-2.7;4;-2.2;-5;-0.3;-1;-0.2
63;L;H;0.6219512195121951;-67.5;-44.4;-4;-2.3;4;-2.2;-5;-0.2;-2;-0.2
64;I;H;0.21301775147928995;-64.3;-42.9;-4;-2.1;4;-2.4;-5;-0.2;-1;-0.2
65;L;H;0.024390243902439025;-64.4;-37.6;-4;-2.5;4;-2.7;1;-0.2;-2;-0.2
66;N;H;0.5031847133757962;-61.4;-46.4;-4;-2.2;4;-2.5;-5;-0.2;-1;-0.2
67;S;H;0.35384615384615387;-59.3;-41.4;-4;-2.2;4;-2.7;1;-0.2;-2;-0.2
68;Q;H;0.0;-65.9;-42.7;-4;-2.4;4;-2.7;2;-0.2;-2;-0.2
69;A;H;0.08490566037735849;-59.9;-44.1;-4;-2.7;4;-2.0;2;-0.2;-2;-0.2
70;V;H;0.47183098591549294;-67.1;-43.4;-4;-2.5;4;-2.4;1;-0.2;5;-0.2
71;M;H;0.09042553191489362;-60.5;-43.3;-4;-2.7;4;-2.1;-5;-0.2;-1;-0.2
72;W;H;0.0;-58.2;-45.9;-4;-2.7;4;-0.9;1;-0.2;-2;-0.2
73;T;H;0.38028169014084506;-73.5;-32.3;-4;-2.0;-2;-0.2;1;-0.2;-1;-0.2
74;D;H;0.5521472392638037;-75.7;-30.6;-4;-2.4;14;-0.3;1;-0.2;13;-0.2
75;A;H;0.0;-75.2;-21.2;-4;-2.1;11;-3.2;-5;-0.2;2;-0.3
76;Y;E;0.02252252252252252;-127.3;143.5;-4;-0.9;2;-0.3;9;-0.2;9;-0.2
77;A;E;0.2830188679245283;-125.3;142.7;7;-2.2;7;-2.9;-2;-0.3;2;-0.7
78;Y;E;0.5990990990990991;-76.5;110.8;-2;-0.3;2;-0.4;5;-0.2;5;-0.2
79;V;E;0.4014084507042254;-135.3;120.8;3;-3.1;3;-1.1;-2;-0.7;-2;-0.0
80;D;T;0.9325153374233128;59.5;43.4;-2;-0.4;-1;-0.1;1;-0.3;3;-0.1
81;G;T;0.5714285714285714;89.8;-0.6;1;-0.2;-69;-0.4;-70;-0.0;2;-0.3
82;S;E;0.19230769230769232;-144.6;159.6;-3;-1.1;-3;-3.1;-71;-0.1;2;-0.6
83;Y;E;0.20270270270270271;-86.0;119.7;-73;-3.6;-73;-2.6;-2;-0.3;2;-0.3
84;Q;E;0.31313131313131315;-117.1;141.5;-7;-2.9;-7;-2.2;-2;-0.6;-75;-0.1
85;L;E;0.36585365853658536;-56.4;136.6;-2;-0.3;-9;-0.2;-9;-0.2;4;-0.1
86;Q;-;0.4797979797979798;-98.4;-129.6;-11;-3.2;-1;-0.1;2;-0.5;-11;-0.1
87;D;S;1.0;-95.1;-11.2;-13;-0.2;2;-0.4;2;-0.1;-12;-0.1
88;L;S;0.4878048780487805;-109.2;136.9;-14;-0.3;-2;-0.5;-13;-0.2;2;-0.2
89;T;-;0.47183098591549294;-94.6;155.3;-2;-0.4;2;-0.4;-4;-0.1;-13;-0.1
90;F;-;0.0;-92.8;134.6;-2;-0.2;2;-0.4;-87;-0.1;-84;-0.2
91;S;-;0.16923076923076924;-135.2;136.5;-2;-0.4;3;-0.5;-86;-0.1;4;-0.1
92;N;S;0.01910828025477707;-85.0;-2.6;-2;-0.4;3;-1.7;1;-0.2;4;-0.8
93;G;H;0.13095238095238096;-51.3;-29.6;1;-0.3;4;-1.6;2;-0.2;3;-0.4
94;Y;H;0.4954954954954955;-64.8;-27.5;-3;-0.5;4;-2.3;1;-0.3;-1;-0.3
95;R;H;0.020161290322580645;-67.6;-43.4;-3;-1.7;4;-2.8;2;-0.2;-1;-0.3
96;Y;H;0.05405405405405406;-61.6;-41.3;-4;-0.8;4;-1.3;-3;-0.4;-2;-0.2
97;V;H;0.6549295774647887;-70.4;-41.6;-4;-1.6;4;-0.6;1;-0.2;3;-0.3
98;N;H;0.07006369426751592;-60.9;-39.3;-4;-2.3;4;-2.5;1;-0.2;3;-1.7
99;W;H;0.09691629955947137;-61.9;-31.7;-4;-2.8;4;-2.2;1;-0.3;-1;-0.2
100;M;H;0.35638297872340424;-62.2;-25.7;-4;-1.3;-1;-0.3;-3;-0.3;-2;-0.2
101;A;H;0.46226415094339623;-91.6;-41.7;-3;-1.7;4;-0.9;-4;-0.6;-2;-0.2
102;T;H;0.007042253521126761;-82.4;-37.5;-4;-2.5;4;-2.4;1;-0.2;5;-0.2
103;I;H;0.11242603550295859;-65.4;-40.3;-4;-2.2;4;-2.8;1;-0.2;5;-0.3
104;P;H;0.16176470588235295;-58.8;-38.1;0;0.0;4;-2.6;0;0.0;-1;-0.2
105;C;H;0.1111111111111111;-66.6;-42.2;-4;-0.9;4;-2.6;2;-0.2;-2;-0.2
106;L;H;0.036585365853658534;-63.4;-43.1;-4;-2.4;4;-1.6;2;-0.2;-1;-0.2
107;L;H;0.012195121951219513;-69.3;-41.8;-4;-2.8;4;-2.1;2;-0.2;-2;-0.2
108;L;H;0.3170731707317073;-65.8;-43.3;-4;-2.6;4;-2.2;-5;-0.3;-2;-0.2
109;Q;H;0.0;-61.5;-37.9;-4;-2.6;4;-2.0;1;-0.2;-1;-0.2
110;L;H;0.006097560975609756;-59.4;-48.1;-4;-1.6;4;-1.1;-5;-0.2;-1;-0.2
111;L;H;0.0;-63.7;-36.5;-4;-2.1;5;-2.1;1;-0.2;-2;-0.2
112;I;H;0.1301775147928994;-65.2;-44.4;-4;-2.2;3;-1.8;1;-0.2;-1;-0.2
113;V;H;0.0;-76.0;-12.8;-4;-2.0;-1;-0.2;1;-0.3;-2;-0.2
114;L;T;0.0;-85.5;-1.0;-4;-1.1;-1;-0.3;-5;-0.2;-2;-0.2
115;N;T;0.1910828025477707;71.0;23.9;-3;-1.8;2;-0.3;1;-0.2;-3;-0.2
116;L;-;0.04878048780487805;-69.5;140.6;-5;-2.1;2;-0.3;4;-0.1;-1;-0.2
117;K;-;0.8146341463414634;-142.0;161.1;-2;-0.3;4;-1.1;4;-0.0;3;-1.0
118;G;H;0.5119047619047619;62.3;-134.7;-2;-0.3;4;-2.2;1;-0.2;5;-0.2
119;K;H;0.8975609756097561;-64.3;-36.7;1;-0.2;4;-2.9;2;-0.2;5;-0.3
120;E;H;0.3865979381443299;-65.4;-46.5;-3;-1.0;4;-2.4;2;-0.2;5;-0.3
121;L;H;0.18902439024390244;-57.9;-47.9;-4;-1.1;4;-2.7;2;-0.2;5;-0.2
122;F;H;0.7360406091370558;-65.9;-45.4;-4;-2.2;4;-2.2;1;-0.2;-2;-0.2
123;S;H;0.4076923076923077;-66.0;-48.2;-4;-2.9;4;-2.1;2;-0.2;-1;-0.2
124;T;H;0.07042253521126761;-62.9;-45.4;-4;-2.4;4;-2.4;-5;-0.3;5;-0.2
125;A;H;0.09433962264150944;-58.8;-42.0;-4;-2.7;4;-2.9;-5;-0.3;5;-0.2
126;T;H;0.5140845070422535;-61.1;-46.1;-4;-2.2;4;-2.5;-5;-0.2;5;-0.2
127;W;H;0.7092511013215859;-68.7;-39.9;-4;-2.1;4;-2.4;2;-0.2;-1;-0.2
128;L;H;0.0;-64.4;-42.9;-4;-2.4;4;-2.8;-5;-0.2;-2;-0.2
129;I;H;0.24260355029585798;-67.4;-41.7;-4;-2.9;4;-2.9;2;-0.2;-2;-0.2
130;L;H;0.5304878048780488;-63.2;-44.2;-4;-2.5;4;-2.8;-5;-0.2;-1;-0.2
131;A;H;0.10377358490566038;-61.1;-41.9;-4;-2.4;4;-2.4;-5;-0.2;-2;-0.2
132;A;H;0.0;-64.0;-45.1;-4;-2.8;4;-2.5;1;-0.2;-2;-0.2
133;W;H;0.43612334801762115;-64.3;-46.7;-4;-2.9;4;-3.1;2;-0.2;5;-0.3
134;G;H;0.17857142857142858;-53.3;-44.1;-4;-2.8;4;-2.3;-5;-0.2;5;-0.3
135;M;H;0.1276595744680851;-60.8;-46.0;-4;-2.4;4;-2.0;2;-0.2;-2;-0.2
136;I;H;0.03550295857988166;-70.0;-45.3;-4;-2.5;4;-2.9;2;-0.2;-2;-0.2
137;I;H;0.514792899408284;-65.3;-47.5;-4;-3.1;4;-2.6;1;-0.2;-2;-0.2
138;T;H;0.11267605633802817;-67.8;-37.0;-4;-2.3;4;-2.2;-5;-0.3;-1;-0.2
139;G;H;0.047619047619047616;-59.6;-45.0;-4;-2.0;4;-2.3;-5;-0.3;-2;-0.2
140;Y;H;0.36036036036036034;-61.4;-45.6;-4;-2.9;4;-1.4;2;-0.2;-2;-0.2
141;V;H;0.2605633802816901;-55.9;-48.1;-4;-2.6;3;-0.6;1;-0.2;4;-0.4
142;G;H;0.0;-56.8;-42.2;-4;-2.2;3;-2.1;1;-0.2;-2;-0.2
143;Q;H;0.030303030303030304;-63.7;-27.2;-4;-2.3;3;-1.7;1;-0.3;-1;-0.2
144;L;T;0.3231707317073171;-63.6;-18.0;-4;-1.4;-1;-0.3;-3;-0.6;-142;-0.3
145;Y;T;0.3738738738738739;-102.5;6.2;-3;-2.1;4;-2.2;-4;-0.4;8;-0.3
146;E;T;0.010309278350515464;-64.0;-17.9;-3;-1.7;-1;-0.2;1;-0.2;-2;-0.1
147;V;T;0.28169014084507044;-108.8;-36.3;-145;-0.3;3;-0.2;-3;-0.3;-1;-0.2
148;D;T;0.7116564417177914;-93.5;-28.8;-4;-0.3;2;-0.3;1;-0.3;-2;-0.2
149;D;-;0.38650306748466257;-156.8;95.4;-4;-2.2;4;-1.7;1;-0.1;-1;-0.3
150;I;H;0.40236686390532544;-68.1;-34.7;-2;-0.3;4;-2.2;1;-0.2;5;-0.1
151;A;H;0.5660377358490566;-58.3;-44.7;1;-0.2;4;-2.4;2;-0.2;-1;-0.2
152;Q;H;0.31313131313131315;-66.0;-37.2;2;-0.2;4;-2.4;1;-0.2;5;-0.3
153;L;H;0.0;-55.6;-41.2;-4;-1.7;4;-1.8;-8;-0.3;-2;-0.2
154;M;H;0.5;-74.4;-41.4;-4;-2.2;4;-2.4;2;-0.2;-2;-0.2
155;I;H;0.5680473372781065;-62.7;-49.4;-4;-2.4;4;-2.2;2;-0.2;-1;-0.2
156;W;H;0.3303964757709251;-68.7;-33.3;-4;-2.4;4;-2.7;1;-0.2;-1;-0.2
157;G;H;0.11904761904761904;-58.4;-40.9;-4;-1.8;4;-2.2;-5;-0.3;-1;-0.2
158;A;H;0.6132075471698113;-66.2;-41.8;-4;-2.4;4;-1.5;2;-0.2;-2;-0.2
159;V;H;0.4084507042253521;-62.3;-48.6;-4;-2.2;4;-1.3;2;-0.2;3;-0.3
160;S;H;0.13076923076923078;-57.5;-40.9;-4;-2.7;4;-2.2;1;-0.2;3;-0.2
161;T;H;0.4788732394366197;-62.4;-35.4;-4;-2.2;4;-2.7;1;-0.2;-1;-0.2
162;A;H;0.5471698113207547;-58.6;-46.0;-4;-1.5;4;-2.0;-3;-0.3;-1;-0.2
163;F;H;0.38071065989847713;-62.1;-41.6;-4;-1.3;4;-2.9;-3;-0.2;-2;-0.2
164;F;H;0.17766497461928935;-59.2;-44.3;-4;-2.2;4;-2.4;1;-0.2;5;-0.2
165;V;H;0.6126760563380281;-66.5;-45.0;-4;-2.7;4;-2.3;2;-0.2;-1;-0.2
166;V;H;0.5211267605633803;-60.7;-47.6;-4;-2.0;4;-2.3;-5;-0.2;-1;-0.2
167;M;H;0.005319148936170213;-58.6;-46.9;-4;-2.9;4;-2.5;1;-0.2;-2;-0.2
168;N;H;0.08280254777070063;-69.0;-32.9;-4;-2.4;4;-2.8;1;-0.2;-1;-0.2
169;W;H;0.7797356828193832;-61.9;-48.3;-4;-2.3;4;-2.4;-5;-0.2;-1;-0.2
170;I;H;0.17751479289940827;-62.4;-47.2;-4;-2.3;4;-2.5;2;-0.2;5;-0.2
171;V;H;0.007042253521126761;-56.3;-50.3;-4;-2.5;4;-2.6;1;-0.2;5;-0.2
172;G;H;0.09523809523809523;-59.1;-43.1;-4;-2.8;4;-2.5;1;-0.2;5;-0.3
173;T;H;0.44366197183098594;-63.7;-41.1;-4;-2.4;4;-2.0;1;-0.2;-1;-0.2
174;K;H;0.18536585365853658;-68.9;-42.0;-4;-2.5;4;-2.0;2;-0.2;-2;-0.2
175;I;H;0.0;-62.8;-47.8;-4;-2.6;4;-1.4;-5;-0.2;-2;-0.2
176;F;H;0.4517766497461929;-78.0;-25.3;-4;-2.5;4;-0.3;1;-0.2;-2;-0.2
177;K;H;0.7024390243902439;-76.5;-33.0;-4;-2.0;3;-0.3;-5;-0.3;-1;-0.2
178;N;H;0.12101910828025478;-106.3;-3.9;-4;-2.0;3;-1.3;-5;-0.2;4;-0.4
179;R;G;0.3870967741935484;-63.2;-30.7;-4;-1.4;3;-1.4;1;-0.3;-1;-0.2
180;A;G;0.8679245283018868;-67.1;-16.8;-3;-0.3;-1;-0.3;-4;-0.3;-2;-0.1
181;T;G;0.5140845070422535;-91.1;-8.9;-3;-1.3;-1;-0.3;-67;-0.1;-2;-0.2
182;M;-;0.07446808510638298;-78.1;147.2;-3;-1.4;3;-0.3;-4;-0.4;5;-0.2
183;L;-;0.4817073170731707;-103.5;162.0;1;-0.2;3;-1.0;-2;-0.1;67;-0.1
184;G;T;0.4166666666666667;72.6;21.3;1;-0.3;-1;-0.2;-2;-0.2;65;-0.1
185;G;T;0.5476190476190477;74.0;23.4;-3;-0.3;4;-0.5;1;-0.1;3;-0.5
186;T;H;0.0;-86.3;-1.3;-3;-1.0;4;-2.3;1;-0.2;5;-0.2
187;D;H;0.38650306748466257;-63.5;-39.4;-5;-0.2;4;-1.1;1;-0.2;-1;-0.2
188;S;H;0.4461538461538462;-73.4;-36.3;-3;-0.5;4;-1.6;1;-0.2;-1;-0.2
189;T;H;0.13380281690140844;-65.8;-39.6;-4;-0.5;4;-2.1;1;-0.2;-2;-0.2
190;I;H;0.0;-66.0;-32.6;-4;-2.3;4;-1.9;1;-0.2;-1;-0.2
191;T;H;0.18309859154929578;-64.9;-38.8;-4;-1.1;4;-1.8;2;-0.2;-1;-0.2
192;K;H;0.6439024390243903;-62.8;-37.7;-4;-1.6;4;-2.4;1;-0.2;-2;-0.2
193;V;H;0.007042253521126761;-61.6;-39.1;-4;-2.1;4;-2.6;1;-0.2;-2;-0.2
194;F;H;0.1116751269035533;-59.9;-46.0;-4;-1.9;4;-2.5;1;-0.2;-2;-0.2
195;W;H;0.7136563876651982;-72.9;-33.9;-4;-1.8;4;-2.6;2;-0.2;-1;-0.2
196;L;H;0.18292682926829268;-59.0;-45.3;-4;-2.4;4;-3.3;2;-0.2;5;-0.3
197;M;H;0.015957446808510637;-61.5;-44.3;-4;-2.6;4;-3.2;2;-0.2;5;-0.4
198;M;H;0.1702127659574468;-61.3;-43.0;-4;-2.5;4;-1.4;1;-0.2;-1;-0.2
199;F;H;0.5989847715736041;-64.9;-53.2;-4;-2.6;4;-0.9;2;-0.2;-2;-0.2
200;A;H;0.0;-66.2;-45.2;-4;-3.3;3;-0.7;1;-0.2;4;-0.6
201;W;H;0.07488986784140969;-71.6;-27.6;-4;-3.2;3;-0.8;-5;-0.3;-1;-0.2
202;T;H;0.43661971830985913;-70.6;-25.5;-4;-1.4;4;-1.4;-5;-0.4;-1;-0.3
203;L;H;0.10365853658536585;-63.3;-27.9;-4;-0.9;4;-2.6;-3;-0.7;-1;-0.2
204;Y;H;0.14864864864864866;-68.3;-49.3;-3;-0.8;4;-2.7;-4;-0.6;-1;-0.2
205;P;H;0.3161764705882353;-65.8;-31.4;0;0.0;4;-1.6;0;0.0;-1;-0.2
206;I;H;0.41420118343195267;-61.0;-45.0;-4;-1.4;4;-0.4;2;-0.2;3;-0.3
207;A;H;0.0;-61.8;-40.5;-4;-2.6;3;-1.1;1;-0.2;-1;-0.2
208;Y;H;0.07657657657657657;-55.9;-33.8;-4;-2.7;-1;-0.2;1;-0.2;-2;-0.2
209;L;T;0.3597560975609756;-91.1;-3.9;-4;-1.6;3;-1.6;-3;-0.3;4;-1.5
210;V;H;0.0;-56.9;-45.4;-3;-1.1;4;-2.9;-4;-0.4;3;-0.3
211;P;H;0.022058823529411766;-57.1;-22.7;0;0.0;-1;-0.3;0;0.0;4;-0.2
212;A;H;0.4056603773584906;-82.0;-37.9;-3;-1.6;-2;-0.2;2;-0.2;3;-0.2
213;F;H;0.5583756345177665;-113.0;-14.0;-4;-1.5;-3;-0.2;-3;-0.3;-1;-0.1
214;M;-;0.3723404255319149;-148.8;76.6;-4;-2.9;2;-1.5;-5;-0.3;-1;-0.2
215;N;-;0.5222929936305732;-90.6;71.1;-4;-0.2;2;-0.3;-3;-0.2;-5;-0.0
216;N;S;0.4012738853503185;-155.2;177.6;-2;-1.5;4;-1.6;-208;-0.0;5;-0.1
217;A;H;0.1320754716981132;-59.3;-39.0;-2;-0.3;4;-1.8;1;-0.2;5;-0.1
218;D;H;0.5950920245398773;-64.5;-40.0;1;-0.2;4;-2.4;2;-0.2;-1;-0.2
219;G;H;0.0;-58.0;-39.7;2;-0.2;4;-2.6;1;-0.2;-1;-0.2
220;V;H;0.0;-65.0;-41.7;-4;-1.6;4;-2.3;2;-0.2;-2;-0.2
221;V;H;0.1619718309859155;-59.2;-48.6;-4;-1.8;4;-2.2;2;-0.2;-2;-0.2
222;L;H;0.34146341463414637;-58.1;-45.0;-4;-2.4;4;-2.9;1;-0.2;-2;-0.2
223;R;H;0.0;-57.8;-48.5;-4;-2.6;4;-2.6;1;-0.2;-1;-0.2
224;Q;H;0.0;-66.5;-33.8;-4;-2.3;4;-2.2;1;-0.2;-1;-0.2
225;L;H;0.32926829268292684;-64.4;-48.7;-4;-2.2;4;-2.5;-5;-0.2;5;-0.2
226;L;H;0.13414634146341464;-59.7;-47.2;-4;-2.9;4;-2.7;1;-0.2;-2;-0.2
227;F;H;0.01015228426395939;-58.7;-44.3;-4;-2.6;4;-2.8;-5;-0.2;-1;-0.2
228;T;H;0.028169014084507043;-63.4;-45.8;-4;-2.2;4;-2.4;2;-0.2;5;-0.3
229;I;H;0.3905325443786982;-63.1;-41.2;-4;-2.5;4;-2.6;1;-0.2;5;-0.2
230;A;H;0.0;-63.6;-43.8;-4;-2.7;4;-2.9;-5;-0.2;5;-0.3
231;D;H;0.024539877300613498;-67.7;-40.1;-4;-2.8;4;-1.5;2;-0.2;5;-0.9
232;I;I;0.17751479289940827;-70.4;-42.7;-4;-2.4;5;-2.5;-5;-0.2;4;-0.7
233;S;I;0.08461538461538462;-68.8;-43.5;-4;-2.6;5;-1.6;-5;-0.3;-2;-0.2
234;S;I;0.023076923076923078;-79.1;-23.5;-4;-2.9;-1;-0.2;-5;-0.2;-2;-0.2
235;K;I;0.024390243902439025;-115.6;-49.2;-4;-1.5;4;-2.0;-5;-0.3;-3;-0.2
236;V;I;0.07746478873239436;-80.3;-59.1;-5;-0.9;4;-2.5;-4;-0.7;-3;-0.2
237;I;I;0.38461538461538464;-63.6;-42.3;-5;-2.5;4;-2.3;1;-0.2;5;-0.2
238;Y;H;0.013513513513513514;-55.8;-50.7;-5;-1.6;4;-2.7;-6;-0.4;-1;-0.2
239;G;H;0.0;-59.1;-41.0;-4;-2.0;4;-2.6;1;-0.2;-2;-0.2
240;L;H;0.3902439024390244;-61.6;-43.4;-4;-2.5;4;-2.4;2;-0.2;-1;-0.2
241;M;H;0.20212765957446807;-67.2;-43.4;-4;-2.3;4;-2.7;2;-0.2;-2;-0.2
242;I;H;0.0;-60.7;-44.2;-4;-2.7;4;-2.7;2;-0.2;-2;-0.2
243;T;H;0.007042253521126761;-62.3;-41.8;-4;-2.6;4;-2.3;2;-0.2;-2;-0.2
244;Y;H;0.4864864864864865;-58.7;-49.3;-4;-2.4;4;-2.3;2;-0.2;-2;-0.2
245;I;H;0.0;-58.4;-42.8;-4;-2.7;4;-2.6;1;-0.2;5;-0.3
246;A;H;0.0;-62.6;-43.2;-4;-2.7;4;-2.1;1;-0.2;-202;-0.4
247;I;H;0.11834319526627218;-66.7;-42.2;-4;-2.3;4;-2.6;2;-0.2;-1;-0.2
248;Q;H;0.08585858585858586;-63.9;-45.6;-4;-2.3;4;-2.6;1;-0.2;-2;-0.2
249;Q;H;0.0;-67.7;-38.2;-4;-2.6;4;-1.5;2;-0.2;-1;-0.2
250;S;H;0.0;-59.0;-44.2;-4;-2.1;5;-2.6;-5;-0.3;-2;-0.2
251;A;H;0.018867924528301886;-64.2;-44.7;-4;-2.6;3;-2.0;1;-0.2;-2;-0.2
252;A;H;0.4528301886792453;-64.9;-24.2;-4;-2.6;-1;-0.2;1;-0.3;-2;-0.2
253;A;T;0.6509433962264151;-89.9;-3.0;-4;-1.5;-1;-0.3;-5;-0.2;-2;-0.2
254;G;T;0.4642857142857143;100.2;6.2;-3;-2.0;2;-0.7;1;-0.3;-3;-0.2
255;Y;-;0.26126126126126126;-67.4;113.9;-5;-2.6;4;-1.8;-6;-0.2;3;-0.5
256;V;H;0.49295774647887325;-65.8;-47.2;-2;-0.7;4;-2.7;1;-0.3;5;-0.3
257;P;H;0.27941176470588236;-57.0;-39.9;0;0.0;4;-2.2;0;0.0;-1;-0.3
258;A;H;0.0;-64.3;-44.0;-3;-0.5;4;-1.8;2;-0.2;-2;-0.2
259;Q;H;0.2222222222222222;-59.3;-42.6;-4;-1.8;5;-3.1;1;-0.2;6;-0.8
260;Q;H;0.5808080808080808;-62.5;-45.9;-4;-2.7;3;-1.6;3;-0.2;-1;-0.2
261;A;H;0.4811320754716981;-60.0;-31.3;-4;-2.2;-1;-0.2;1;-0.3;-2;-0.2
262;L;T;0.3719512195121951;-91.5;-2.9;-4;-1.8;-1;-0.3;-5;-0.1;-2;-0.2
263;G;T;0.40476190476190477;75.0;23.0;-3;-1.6;-3;-0.2;2;-0.2;4;-0.2
264;R;S;0.4637096774193548;-87.6;-18.2;-5;-3.1;2;-0.3;1;-0.2;-4;-0.2
265;I;S;0.40236686390532544;-144.5;134.8;-6;-0.8;-1;-0.2;-9;-0.1;-2;-0.2
266;G;S;0.9404761904761905;99.1;7.0;-2;-0.3;2;-0.8;1;-0.2;-2;-0.1
267;M;S;0.6648936170212766;-102.8;87.4;-4;-0.2;-1;-0.2;2;-0.0;5;-0.1
268;D;-;0.8588957055214724;11.8;75.4;-2;-0.8;3;-1.9;1;-0.2;4;-0.5
269;S;T;0.8923076923076924;-5.6;2.0;1;-0.2;3;-0.2;2;-0.2;-1;-0.2
270;K;T;1.0;-103.7;4.4;1;-0.2;-1;-0.2;2;-0.1;-2;-0.1
271;A;-;0.7264150943396226;-122.1;10.6;-3;-1.9;-1;-0.2;1;-0.1;-2;-0.2
272;A;-;1.0;-95.8;360.0;-4;-0.5;-2;-0.1;-3;-0.2;-3;-0.1
